<?xml version='1.0' encoding='utf-8' ?>
<!DOCTYPE section PUBLIC "-//OASIS//DTD DocBook XML V4.5//EN" "http://www.oasis-open.org/docbook/xml/4.5/docbookx.dtd" [
]>
<section>
	<title>Соглашения документа</title>
	 <para>
		В этом руководстве используются различные стили для выделения текста.
	</para>
	 <para>
		В PDF и бумажной версиях руководства используются шрифты семейства <ulink url="https://fedorahosted.org/liberation-fonts/">Liberation</ulink>. Эти же шрифты будут использоваться для отображения HTML-версии, если они установлены в вашей системе. В противном случае будут использоваться аналогичные шрифты. Red Hat Enterprise Linux 5 и более поздние версии включают в свой состав комплект Liberation по умолчанию.
	</para>
	 <section>
		<title>Типографические соглашения</title>
		 <para>
			Для выделения текста используются четыре стиля, которые будут перечислены далее.
		</para>
		 <para>
			<literal>Моноширинный жирный шрифт</literal>
		</para>
		 <para>
			Used to highlight system input, including shell commands, file names and paths. Also used to highlight keys and key combinations. For example:
		</para>
		 <blockquote>
			<para>
				Чтобы просмотреть содержимое файла <filename>my_next_bestselling_novel</filename> в текущем каталоге, в строке приглашения оболочки введите <command>cat my_next_bestselling_novel</command> и нажмите <keycap>Enter</keycap> для выполнения этой команды.
			</para>

		</blockquote>
		 <para>
			The above includes a file name, a shell command and a key, all presented in mono-spaced bold and all distinguishable thanks to context.
		</para>
		 <para>
			Key combinations can be distinguished from an individual key by the plus sign that connects each part of a key combination. For example:
		</para>
		 <blockquote>
			<para>
				Нажмите <keycap>Enter</keycap> для исполнения команды.
			</para>
			 <para>
				Press <keycombo><keycap>Ctrl</keycap><keycap>Alt</keycap><keycap>F2</keycap></keycombo> to switch to a virtual terminal.
			</para>

		</blockquote>
		 <para>
			The first example highlights a particular key to press. The second example highlights a key combination: a set of three keys pressed simultaneously.
		</para>
		 <para>
			Этим же шрифтом выделяются имена классов, методов, функций, переменных и возвращаемые ими значения. Пример:
		</para>
		 <blockquote>
			<para>
				Классы файлов включают <classname>filesystem</classname> для файловых систем, <classname>file</classname> для файлов, <classname>dir</classname> для каталогов. Каждому классу соответствует набор разрешений.
			</para>

		</blockquote>
		 <para>
			<application>Пропорциональный жирный</application>
		</para>
		 <para>
			Выделяет системные слова и фразы, что включает имена приложений, текст диалогов, названия меню, текст кнопок, флажков и других элементов графического интерфейса. Пример:
		</para>
		 <blockquote>
			<para>
				В главном меню выберите <menuchoice><guimenu>Система</guimenu><guisubmenu>Параметры</guisubmenu><guimenuitem> Мышь</guimenuitem></menuchoice> для запуска утилиты <application>Настройки мыши</application>. На вкладке <guilabel>Кнопки</guilabel> установите флажок <guilabel>Настроить мышь под левую руку</guilabel> и нажмите кнопку <guibutton>Закрыть</guibutton>, чтобы настроить мышь для левши.
			</para>
			 <para>
				To insert a special character into a <application>gedit</application> file, choose <menuchoice><guimenu>Applications</guimenu><guisubmenu>Accessories</guisubmenu><guimenuitem>Character Map</guimenuitem></menuchoice> from the main menu bar. Next, choose <menuchoice><guimenu>Search</guimenu><guimenuitem>Find…</guimenuitem></menuchoice> from the <application>Character Map</application> menu bar, type the name of the character in the <guilabel>Search</guilabel> field and click <guibutton>Next</guibutton>. The character you sought will be highlighted in the <guilabel>Character Table</guilabel>. Double-click this highlighted character to place it in the <guilabel>Text to copy</guilabel> field and then click the <guibutton>Copy</guibutton> button. Now switch back to your document and choose <menuchoice><guimenu>Edit</guimenu><guimenuitem>Paste</guimenuitem></menuchoice> from the <application>gedit</application> menu bar.
			</para>

		</blockquote>
		 <para>
			Приведенный выше текст содержит имя приложения, названия меню, кнопок и текста элементов графического интерфейса.
		</para>
		 <para>
			<command><replaceable>Моноширинный жирный курсив</replaceable></command> или <application><replaceable>пропорциональный жирный курсив</replaceable></application>
		</para>
		 <para>
			Оба типа выделения обозначают изменяемый или заменяемый текст. Курсив сообщает о том, что не следует вводить приведенный текст напрямую, а изменить в соответствии с вашими настройками. Пример:
		</para>
		 <blockquote>
			<para>
				Для подключения к удаленной машине с помощью SSH в строке приглашения выполните <command>ssh <replaceable>имя_пользователя</replaceable>@<replaceable>имя_домена</replaceable></command>. Скажем, имя удаленной машины &ndash; <filename>example.com</filename>, а ваше имя пользователя &ndash; john, тогда команда будет выглядеть так: <command>ssh john@example.com</command>.
			</para>
			 <para>
				Команда <command>mount -o remount <replaceable>файловая_система</replaceable></command> повторно подключит заданную файловую систему. Например, для <filename>/home</filename> команда будет выглядеть так: <command>mount -o remount /home</command>.
			</para>
			 <para>
				Чтобы просмотреть версию установленного пакета, выполните команду <command>rpm -q <replaceable>пакет</replaceable></command>. Результат команды будет представлен в формате <command><replaceable>пакет-версия-выпуск</replaceable></command>.
			</para>

		</blockquote>
		 <para>
			Note the words in bold italics above — username, domain.name, file-system, package, version and release. Each word is a placeholder, either for text you enter when issuing a command or for text displayed by the system.
		</para>
		 <para>
			Также курсивом выделяются термины, которые встречаются в тексте документа впервые. Пример:
		</para>
		 <blockquote>
			<para>
				Publican &mdash; система публикации <firstterm>DocBook</firstterm>.
			</para>

		</blockquote>

	</section>
	
	 <section>
		<title>Соглашения по выделению текста</title>
		 <para>
			Вывод экрана и листинг исходного кода будут отделены от окружающего текста.
		</para>
		 <para>
			Для отображения текста, который вы увидите на экране, используется <computeroutput>моноширинный шрифт</computeroutput>:
		</para>
		 
<screen>books        Desktop   documentation  drafts  mss    photos   stuff  svn
books_tests  Desktop1  downloads      images  notes  scripts  svgs</screen>
		 <para>
			Для отображения содержимого исходного кода используется <computeroutput>моноширинный шрифт</computeroutput>:
		</para>
		 <xi:include href="Program_Listing.xml" xmlns:xi="http://www.w3.org/2001/XInclude" />

	</section>
	
	 <section>
		<title>Примечания и предупреждения</title>
		 <para>
			Наконец, чтобы привлечь внимание читателя к важной информации, используются три стиля.
		</para>
		 <note>
			<para>
				Примечания обычно содержат дополнительную информацию. Если вы их проигнорируете, это не критично, но вы можете пропустить совет, который, возможно, поможет сэкономить время при выполнении задания.
			</para>

		</note>
		 <important>
			<para>
				На информацию, отмеченную как важную, следует обратить особое внимание. Она может включать изменения настроек текущего сеанса или, например, перечень служб, которые нужно запустить, прежде чем обновления вступят в силу. Ознакомление с важной информацией значительно облегчит вашу работу.
			</para>

		</important>
		 <warning>
			<para>
				Не стоит игнорировать предупреждения, так как они содержат важную информацию, которая позволит избежать потери данных.
			</para>

		</warning>

	</section>

</section>


