<?xml version='1.0' encoding='utf-8' ?>
<!DOCTYPE section PUBLIC "-//OASIS//DTD DocBook XML V4.5//EN" "http://www.oasis-open.org/docbook/xml/4.5/docbookx.dtd" [
]>
<section>
	<title>Мы ждем ваших отзывов</title>
	 <indexterm>
		<primary>отзывы</primary>
		 <secondary>контактная информация для данного руководства</secondary>
	</indexterm>
	 <para>
		Переопределите эти настройки, создав собственный локальный файл Feedback.xml.
	</para>
</section>


