<?xml version='1.0' encoding='utf-8' ?>
<!DOCTYPE section PUBLIC "-//OASIS//DTD DocBook XML V4.5//EN" "http://www.oasis-open.org/docbook/xml/4.5/docbookx.dtd" [
]>
<section>
	<title>Document conventies</title>
	 <para>
		Dit handboek hanteert verscheidene conventies om bepaalde woorden of zinsdelen te benadrukken en aandacht te vestigen op specifieke delen van informatie.
	</para>
	 <para>
		In PDF en papieren edities gebruikt dit handboek <ulink url="https://fedorahosted.org/liberation-fonts/">Liberation Fonts set</ulink> lettertypes. Het Liberation lettertype wordt ook gebruikt in HTML edities als dit lettertype op jouw computer geïnstalleerd is. Als dat niet het geval is, worden alternatieve, gelijkwaardige lettertypes gebruikt. Opmerking: bij Red Hat Enterprise Linux 5 en later wordt de Liberation Font set standaard ingesteld.
	</para>
	 <section>
		<title>Typografische conventies</title>
		 <para>
			Vier typografische conventies worden gebruikt om aandacht te vestigen op specifieke woorden en zinsdelen. Deze conventies, en de omstandigheden waaronder zij gebruikt worden, luiden als volgt:
		</para>
		 <para>
			<literal>Mono-spaced Bold</literal>
		</para>
		 <para>
			Used to highlight system input, including shell commands, file names and paths. Also used to highlight keys and key combinations. For example:
		</para>
		 <blockquote>
			<para>
				Om de inhoud van het bestand <filename>mijn_onwijsgoed_verkopende_boek</filename> in jouw huidige map te bekijken, type je het commando <command>cat mijn_onwijsgoed_verkopende_boek</command> in op de shell prompt en druk je op <keycap>Enter</keycap> om het commando uit te voeren.
			</para>

		</blockquote>
		 <para>
			The above includes a file name, a shell command and a key, all presented in mono-spaced bold and all distinguishable thanks to context.
		</para>
		 <para>
			Key combinations can be distinguished from an individual key by the plus sign that connects each part of a key combination. For example:
		</para>
		 <blockquote>
			<para>
				Druk op <keycap>Enter</keycap> om het commando uit te voeren.
			</para>
			 <para>
				Press <keycombo><keycap>Ctrl</keycap><keycap>Alt</keycap><keycap>F2</keycap></keycombo> to switch to a virtual terminal.
			</para>

		</blockquote>
		 <para>
			The first example highlights a particular key to press. The second example highlights a key combination: a set of three keys pressed simultaneously.
		</para>
		 <para>
			Als broncode wordt besproken, worden klasse namen, methodes, functies, variabele namen en resultaten die in een paragraaf worden genoemd, weergegeven als hier boven afgedrukt, namelijk in <literal>mono-spaced bold</literal>. Bijvoorbeeld:
		</para>
		 <blockquote>
			<para>
				Onder bestand gerelateerde klassen vallen <classname>filesystem</classname> voor bestandssystemen, <classname>file</classname> voor bestanden, en <classname>dir</classname> voor mappen. Elke klasse heeft zijn eigen set van rechten.
			</para>

		</blockquote>
		 <para>
			<application>Proportional Bold</application>
		</para>
		 <para>
			Wordt gebruikt om woorden of zinsdelen op een systeem aan te duiden, waaronder toepassing namen, dialoogtekst boxen, gelabelde knoppen, checkbox en radio-knop labels, menu titels en submenu titels. Bijvoorbeeld:
		</para>
		 <blockquote>
			<para>
				Kies <menuchoice><guimenu>Systeem</guimenu><guisubmenu>Voorkeuren</guisubmenu><guimenuitem>Muis</guimenuitem></menuchoice> in de hoofdmenu balk om <application>Muisvoorkeuren</application> te openen. In de <guilabel>Knoppen</guilabel> tab, klik je de <guilabel>Linkshandige muis</guilabel> checkbox aan en klik je <guibutton>Sluiten</guibutton> om de primaire muisknop van links naar rechts te wisselen (waardoor de muis beter geschikt is geworden voor linkshandig gebruik).
			</para>
			 <para>
				To insert a special character into a <application>gedit</application> file, choose <menuchoice><guimenu>Applications</guimenu><guisubmenu>Accessories</guisubmenu><guimenuitem>Character Map</guimenuitem></menuchoice> from the main menu bar. Next, choose <menuchoice><guimenu>Search</guimenu><guimenuitem>Find…</guimenuitem></menuchoice> from the <application>Character Map</application> menu bar, type the name of the character in the <guilabel>Search</guilabel> field and click <guibutton>Next</guibutton>. The character you sought will be highlighted in the <guilabel>Character Table</guilabel>. Double-click this highlighted character to place it in the <guilabel>Text to copy</guilabel> field and then click the <guibutton>Copy</guibutton> button. Now switch back to your document and choose <menuchoice><guimenu>Edit</guimenu><guimenuitem>Paste</guimenuitem></menuchoice> from the <application>gedit</application> menu bar.
			</para>

		</blockquote>
		 <para>
			De bovenstaande tekst bevat toepassing namen, systeem-brede menu namen en onderdelen, toepassing specifieke menu namen, en knoppen en tekst van een GUI interface, alle getoond in proportional bold en alle te onderscheiden dankzij hun context.
		</para>
		 <para>
			<command> <replaceable>Mono-spaced Bold Italic</replaceable> </command> of <application> <replaceable>Proportional Bold Italic</replaceable> </application>
		</para>
		 <para>
			Voor mono-spaced bold of proportional bold geeft cursief gedrukt altijd vervangbare of wisselende teksten aan. Cursief wijst op niet letterlijke tekst of toont tekst die wisselt naar omstandigheden. Bijvoorbeeld:
		</para>
		 <blockquote>
			<para>
				Om verbinding te maken met een andere computer met behulp van ssh, typ je <command>ssh <replaceable>gebruikersnaam</replaceable>@<replaceable>domein.naam</replaceable> </command> in op een shell prompt. Als de machine op afstand <filename>example.com</filename> is en jouw gebruikersnaam op die machine is jan, dan type je <command>ssh jan@example.com</command>.
			</para>
			 <para>
				Het <command>mount -o remount <replaceable>bestandssysteem</replaceable> </command> commando koppelt het genoemde bestandssysteem opnieuw aan. Om bijvoorbeeld het <filename>/home</filename> bestandsysteem opnieuw aan te koppelen, gebruik je het <command>mount -o remount /home</command> commando.
			</para>
			 <para>
				Om de versie van een huidig geïnstalleerd pakket te zien, gebruik je het <command>rpm -q <replaceable>pakket</replaceable> </command> commando. Dit zal het volgende resultaat opleveren: <command> <replaceable>pakket-versie-vrijgave</replaceable> </command>.
			</para>

		</blockquote>
		 <para>
			Note the words in bold italics above — username, domain.name, file-system, package, version and release. Each word is a placeholder, either for text you enter when issuing a command or for text displayed by the system.
		</para>
		 <para>
			Buiten het standaard gebruik bij het presenteren van een titel van een werk, wordt cursief ingezet om het eerste gebruik van een nieuwe en belangrijke term te benadrukken. Bijvoorbeeld:
		</para>
		 <blockquote>
			<para>
				Publican is een <firstterm>DocBook</firstterm> publicatie systeem.
			</para>

		</blockquote>

	</section>
	
	 <section>
		<title>Pull-quote conventies</title>
		 <para>
			Terminal output en broncode lijsten worden worden visueel gescheiden van de omringende tekst.
		</para>
		 <para>
			Output gestuurd naar een terminal wordt getoond in <computeroutput>mono-spaced roman</computeroutput> en als volgt gepresenteerd:
		</para>
		 
<screen>books        Desktop   documentation  drafts  mss    photos   stuff  svn
books_tests  Desktop1  downloads      images  notes  scripts  svgs</screen>
		 <para>
			Opsommingen van broncode worden ook getoond in <computeroutput>mono-spaced roman</computeroutput> maar worden als volgt gepresenteerd en benadrukt:
		</para>
		 <xi:include href="Program_Listing.xml" xmlns:xi="http://www.w3.org/2001/XInclude" />

	</section>
	
	 <section>
		<title>Opmerkingen en waarschuwingen</title>
		 <para>
			Tenslotte gebruiken we drie visuele stijlen om aandacht te vestigen op informatie die anders misschien over het hoofd zou worden gezien.
		</para>
		 <note>
			<para>
				Een opmerking is een tip, handigheidje of een alternatieve benadering voor de taak die uitgevoerd moet worden. Het negeren van een opmerking zou geen ernstige gevolgen moeten hebben, maar het leven kan een stuk makkelijker worden als de opmerking gevolgd wordt.
			</para>

		</note>
		 <important>
			<para>
				Belangrijk aanduidingen wijzen op zaken die makkelijk over het hoofd kunnen worden gezien: veranderingen van configuratie die alleen voor de huidige sessie gelden, of voorzieningen die herstart moeten worden om een bepaalde verandering in te laten gaan. Het negeren van zaken met deze aanduiding heeft geen data verlies tot gevolg, maar kan leiden tot irritatie en frustratie.
			</para>

		</important>
		 <warning>
			<para>
				Een waarschuwing dient niet genegeerd te worden. Waarschuwingen negeren zal ongetwijfeld leiden tot data verlies.
			</para>

		</warning>

	</section>

</section>


