<?xml version='1.0' encoding='utf-8' ?>
<!DOCTYPE section PUBLIC "-//OASIS//DTD DocBook XML V4.5//EN" "http://www.oasis-open.org/docbook/xml/4.5/docbookx.dtd" [
]>
<section>
	<title>Konvencije dokumenta</title>
	 <para>
		Ovaj priručnik koristi nekoliko konvencija radi isticanja izvjesnih riječi i izraza te se tako skrenula pažnja na određene dijelove informacije.
	</para>
	 <para>
		U PDF i papirnim izdanjima, ovaj priručnik koristi slogove izvučene iz skupa <ulink url="https://fedorahosted.org/liberation-fonts/">Liberation fontova</ulink>. Skup Liberation fontova se takođe koristi u HTML izdanjima ako je skup instaliran na vašem sistemu. Ako nije, alternativni ali ekvivalentni slogovi će se prikazivati. Napomena: Red Hat Enterprise Linux 5 i kasniji automatski uključuju skup Liberation fontova.
	</para>
	 <section>
		<title>Tipografske konvencije</title>
		 <para>
			Četiri tipografske konvencije se koriste radi skretanja pažnje na određene riječi i izraze. Ove konvencije, i okolnosti na koje se odnose, su sljedeće.
		</para>
		 <para>
			Podebljano istoširinski
		</para>
		 <para>
			Used to highlight system input, including shell commands, file names and paths. Also used to highlight keys and key combinations. For example:
		</para>
		 <blockquote>
			<para>
				Da biste vidjeli sadržaj datoteke <filename>moj_sljedeci_bestseler</filename> u trenutnom radnom direktoriju, unesite komandu <command>cat moj_sledeci_bestseler</command> na unosu ljuske i pritisnite <keycap>Enter</keycap> da biste izvršili naredbu.
			</para>

		</blockquote>
		 <para>
			The above includes a file name, a shell command and a key, all presented in mono-spaced bold and all distinguishable thanks to context.
		</para>
		 <para>
			Key combinations can be distinguished from an individual key by the plus sign that connects each part of a key combination. For example:
		</para>
		 <blockquote>
			<para>
				Pritisnite <keycap>Enter</keycap> za izvršavanje naredbe.
			</para>
			 <para>
				Press <keycombo><keycap>Ctrl</keycap><keycap>Alt</keycap><keycap>F2</keycap></keycombo> to switch to a virtual terminal.
			</para>

		</blockquote>
		 <para>
			The first example highlights a particular key to press. The second example highlights a key combination: a set of three keys pressed simultaneously.
		</para>
		 <para>
			Ako se raspravlja o izvornom kodu, nazivi klasa, metode, funkcije, nazivi varijabli i vraćene vrijednosti koji se spominju unutar paragrafa će biti prikazani kao iznad, <literal>podebljano istoširinski</literal>. Na primjer:
		</para>
		 <blockquote>
			<para>
				Klase koje rade sa datotekama uključuju <classname>filesystem</classname> za sisteme datoteka, <classname>file</classname> za datoteke, i <classname>dir</classname> za direktorije. Svaka klasa ima vlastiti udruženi skup dozvola.
			</para>

		</blockquote>
		 <para>
			Proporcionalno podebljano
		</para>
		 <para>
			Ovo označava riječi ili izraze koje se sreću na sistemu, uključujući nazive programa, tekst u prozoru, označenu dugmad, oznake kućica i radio dugmadi, naslove izbornika i podizbornika. Na primjer:
		</para>
		 <blockquote>
			<para>
				Odaberite <guimenu>Sistem &gt; Postavke &gt; Miš</guimenu> iz trake glavnog izbornika za pokretanje <application>Postavki miša</application>. Na <guilabel>Dugmad</guilabel> tabulatoru, pritisnite na kućicu <guilabel>Ljevoruki miš</guilabel> i pritisnite <guibutton>Zatvori</guibutton> kako biste prebacili osnovno dugme miša sa lijeve strane na desnu (čineći miša pogodnim za upotrebu sa lijevom rukom).
			</para>
			 <para>
				To insert a special character into a <application>gedit</application> file, choose <menuchoice><guimenu>Applications</guimenu><guisubmenu>Accessories</guisubmenu><guimenuitem>Character Map</guimenuitem></menuchoice> from the main menu bar. Next, choose <menuchoice><guimenu>Search</guimenu><guimenuitem>Find…</guimenuitem></menuchoice> from the <application>Character Map</application> menu bar, type the name of the character in the <guilabel>Search</guilabel> field and click <guibutton>Next</guibutton>. The character you sought will be highlighted in the <guilabel>Character Table</guilabel>. Double-click this highlighted character to place it in the <guilabel>Text to copy</guilabel> field and then click the <guibutton>Copy</guibutton> button. Now switch back to your document and choose <menuchoice><guimenu>Edit</guimenu><guimenuitem>Paste</guimenuitem></menuchoice> from the <application>gedit</application> menu bar.
			</para>

		</blockquote>
		 <para>
			Tekst iznad sadrži nazive aplikacija, nazive izbornika i stavki širom sistema, nazive izbornika vezane za specifičnu aplikaciju, i dugmad i tekst koji se nalaze unutar grafičkog korisničkog sučelja, sve prikazane podebljano proporcionalno i sve prepoznatljive po kontekstu.
		</para>
		 <para>
			<command><replaceable>Podebljano i kurzivno istoširinski</replaceable></command> ili <application><replaceable>Podebljano i kurzivno proporcionalno</replaceable></application>
		</para>
		 <para>
			Bilo da se radi od podebljanom istoširinskom ili podebljanom proprocionalnom, dodavanje kurziva ukazuje na zamjenjivi ili promenljivi tekst. Kurziv označava tekst koji ne unosite doslovno ili prikazani tekst koji se mijenja ovisno o okolnostima. Na primjer:
		</para>
		 <blockquote>
			<para>
				Da biste se povezali na udaljenu mašinu koristeći ssh, unesite <command>ssh <replaceable>korisnik</replaceable>@<replaceable>ime.domene</replaceable></command> na unosu ljuske. Ako je udaljena mašina <filename>primjer.com</filename> i vaše korisničko ime na toj mašini je edin, unesite <command>ssh edin@primjer.com</command>.
			</para>
			 <para>
				Naredba <command>mount -o remount <replaceable>sistem-datoteka</replaceable></command> iznova montira označeni sistem datoteka. Na primjer, da biste iznova montirali sistem datoteka <filename>/home</filename>, naredba je <command>mount -o remount /home</command>.
			</para>
			 <para>
				Da biste vidjeli verziju trenutno instaliranog paketa, koristite naredbu <command>rpm -q <replaceable>paket</replaceable></command>. Vratiće sljedeći rezultat: <command><replaceable>paket-verzija-izdanje</replaceable></command>.
			</para>

		</blockquote>
		 <para>
			Note the words in bold italics above — username, domain.name, file-system, package, version and release. Each word is a placeholder, either for text you enter when issuing a command or for text displayed by the system.
		</para>
		 <para>
			Pored standardne upotrebe za predstavljanje naslova djela, kurzivna slova označavaju prvu upotrebu nekog novog i važnog termina. Na primjer:
		</para>
		 <blockquote>
			<para>
				Publican je prvi <firstterm>DocBook</firstterm> izdavački sistem.
			</para>

		</blockquote>

	</section>
	
	 <section>
		<title>Konvencije izvučenih citata</title>
		 <para>
			Ispis podataka sa terminala i ispis izvornog koda se vizuelno razlikuju od okružujućeg teksta.
		</para>
		 <para>
			Ispis u terminalu se vrši <computeroutput>uspravno istoširinski</computeroutput> i predstavlja se kao:
		</para>
		 
<screen>knjige        Radna_Površina   dokumentacija  draftovi  mss    fotografije   stvari  svn
knjige_testovi  Radna_Površina1  snimljeno      slike  bilješke  skripte  svg-ovi</screen>
		 <para>
			Ispis izvornog koda je također postavljen <computeroutput>uspravno istoširinski</computeroutput> ali se predstavlja i ističe na sljedeći način:
		</para>
		 <xi:include href="Program_Listing.xml" xmlns:xi="http://www.w3.org/2001/XInclude" />

	</section>
	
	 <section>
		<title>Bilješke i upozorenja</title>
		 <para>
			Konačno, koristimo tri vizuelna stila da bismo privukli pažnju na informacije koje inače možda nebi bile zapažene.
		</para>
		 <note>
			<para>
				Bilješka je savjet ili prečica ili alternativan pristup trenutnom zadatku. Zanemarivanje bilješke ne bi trebalo da ima negativnih posljedica, ali možete propustiti neki trik koji bi vam život učinio lakšim.
			</para>

		</note>
		 <important>
			<para>
				Važni okviri detaljno opisuju stvari koje se teško primjete: izmjene u podešavanjima koje se odnose samo na tekuću sesiju, ili servise koje treba ponovo pokrenuti prije nego što ažuriranje pređe u djelovanje. Zanemarivanje važnih okvira neće izazvati gubitak podataka ali može izazvati iritaciju i frustraciju.
			</para>

		</important>
		 <warning>
			<para>
				Upozorenje se nebi smjelo zanemariti. Zanemarivanje upozorenja će vjerovatno izazvati gubitak podataka.
			</para>

		</warning>

	</section>

</section>


