<?xml version='1.0' encoding='utf-8' ?>
<!DOCTYPE section PUBLIC "-//OASIS//DTD DocBook XML V4.5//EN" "http://www.oasis-open.org/docbook/xml/4.5/docbookx.dtd" [
]>
<section>
	<title>Convenzioni del documento</title>
	 <para>
		Questo manuale utilizza numerose convenzioni per evidenziare parole e frasi, ponendo attenzione su informazioni specifiche.
	</para>
	 <para>
		Nelle edizioni PDF e cartacea questo manuale utilizza caratteri presenti nel set <ulink url="https://fedorahosted.org/liberation-fonts/">Font Liberation</ulink>. Il set Font Liberation viene anche utilizzato nelle edizioni HTML se il set stesso è stato installato sul vostro sistema. In caso contrario, verranno mostrati caratteri alternativi ma equivalenti. Da notare: Red Hat Enterprise Linux 5 e versioni più recenti, includono per default il set Font Liberation.
	</para>
	 <section>
		<title>Convenzioni tipografiche</title>
		 <para>
			Vengono utilizzate quattro convenzioni tipografiche per richiamare l'attenzione su parole e frasi specifiche. Queste convenzioni, e le circostanze alle quali vengono applicate, sono le seguenti.
		</para>
		 <para>
			<literal>Neretto monospazio</literal>
		</para>
		 <para>
			Usato per evidenziare l'input del sistema, incluso i comandi della shell, i nomi dei file ed i percorsi. Utilizzato anche per evidenziare tasti e combinazione di tasti. Per esempio:
		</para>
		 <blockquote>
			<para>
				Per visualizzare i contenuti del file <filename>my_next_bestselling_novel</filename> nella vostra directory di lavoro corrente, inserire il comando <command>cat my_next_bestselling_novel</command> al prompt della shell e premere <keycap>Invio</keycap> per eseguire il comando.
			</para>

		</blockquote>
		 <para>
			Quanto sopra riportato include il nome del file, un comando della shell ed un tasto, il tutto riportato in neretto monospazio e distinguibile grazie al contesto.
		</para>
		 <para>
			Le combinazioni si distinguono dai tasti singoli tramite l'uso del segno più, il quale viene usato per creare una combinazione di tasti. Per esempio:
		</para>
		 <blockquote>
			<para>
				Premere <keycap>Invio</keycap> per eseguire il comando.
			</para>
			 <para>
				Premere <keycombo><keycap>Ctrl</keycap><keycap>Alt</keycap><keycap>F2</keycap></keycombo> per usare un terminale virtuale.
			</para>

		</blockquote>
		 <para>
			Il primo esempio evidenzia il tasto specifico singolo da premere. Il secondo riporta una combinazione di tasti: un insieme di tre tasti premuti contemporaneamente.
		</para>
		 <para>
			Se si discute del codice sorgente, i nomi della classe, i metodi, le funzioni i nomi della variabile ed i valori ritornati indicati all'interno di un paragrafo, essi verranno indicati come sopra, e cioè in <literal>neretto monospazio</literal>. Per esempio:
		</para>
		 <blockquote>
			<para>
				Le classi relative ad un file includono <classname>filesystem</classname> per file system, <classname>file</classname> per file, e <classname>dir</classname> per directory. Ogni classe possiede il proprio set associato di permessi.
			</para>

		</blockquote>
		 <para>
			<application>Proportional Bold</application>
		</para>
		 <para>
			Ciò denota le parole e le frasi incontrate su di un sistema, incluso i nomi delle applicazioni; il testo delle caselle di dialogo; i pulsanti etichettati; le caselle e le etichette per pulsanti di selezione, titoli del menu e dei sottomenu. Per esempio:
		</para>
		 <blockquote>
			<para>
				Selezionare <menuchoice><guimenu>Sistema</guimenu><guisubmenu>Preferenze</guisubmenu><guimenuitem>Mouse</guimenuitem></menuchoice> dalla barra del menu principale per lanciare <application>Preferenze del Mouse</application>. Nella scheda <guilabel>Pulsanti</guilabel>, fate clic sulla casella di dialogo <guilabel>mouse per mancini</guilabel>, e successivamente fate clic su <guibutton>Chiudi</guibutton> per cambiare il pulsante primario del mouse da sinistra a destra (rendendo così il mouse idoneo per un utilizzo con la mano sinistra).
			</para>
			 <para>
				Per inserire un carattere speciale in un file <application>gedit</application> selezionare <menuchoice><guimenu>Applicazioni</guimenu><guisubmenu>Accessori</guisubmenu><guimenuitem>Mappa del carattere</guimenuitem></menuchoice> dalla barra del menu principale. Selezionare successivamente <menuchoice><guimenu>Cerca</guimenu><guimenuitem>Trova…</guimenuitem></menuchoice> dal menu <application>Mappa del carattere</application>, digitare il nome desiderato nel campo <guilabel>Cerca</guilabel> e selezionare <guibutton>Successivo</guibutton>. Il carattere desiderato sarà evidenziato nella <guilabel>Tabella dei caratteri</guilabel>. Eseguire un doppio clic sul carattere per poterlo posizionare nel campo <guilabel>Testo da copiare</guilabel> e successivamente fare clic sul pulsante <guibutton>Copia</guibutton>. Ritornare sul documento e selezionare <menuchoice><guimenu>Modifica</guimenu><guimenuitem>Incolla</guimenuitem></menuchoice> dalla barra del menu di <application>gedit</application>.
			</para>

		</blockquote>
		 <para>
			Il testo sopra riportato include i nomi delle applicazioni; nomi ed oggetti del menu per l'intero sistema; nomi del menu specifici alle applicazioni; e pulsanti e testo trovati all'interno di una interfaccia GUI, tutti presentati in neretto proporzionale e distinguibili dal contesto.
		</para>
		 <para>
			<command><replaceable>Corsivo neretto monospazio</replaceable></command> o <application><replaceable>Corsivo neretto proporzionale</replaceable></application>
		</para>
		 <para>
			Sia se si tratta di neretto monospazio o neretto proporzionale, l'aggiunta del carattere corsivo indica un testo variabile o sostituibile . Il carattere corsivo denota un testo che non viene inserito letteralmente, o visualizzato che varia a seconda delle circostanze. Per esempio:
		</para>
		 <blockquote>
			<para>
				Per collegarsi ad una macchina remota utilizzando ssh, digitare <command>ssh <replaceable>username</replaceable>@<replaceable>domain.name</replaceable></command> al prompt della shell. Se la macchina remota è <filename>example.com</filename> ed il nome utente sulla macchina interessata è john, digitare <command>ssh john@example.com</command>.
			</para>
			 <para>
				Il comando <command>mount -o remount <replaceable>file-system</replaceable></command> rimonta il file system indicato. Per esempio, per rimontare il file system <filename>/home</filename>, il comando è <command>mount -o remount /home</command>.
			</para>
			 <para>
				Per visualizzare la versione di un pacchetto attualmente installato, utilizzare il comando <command>rpm -q <replaceable>package</replaceable></command>. Esso ritornerà il seguente risultato: <command><replaceable>package-version-release</replaceable></command>.
			</para>

		</blockquote>
		 <para>
			Da notare le parole in corsivo grassetto - username, domain.name, file-system, package, version e release. Ogni parola funge da segnaposto, sia esso un testo inserito per emettere un comando o mostrato dal sistema.
		</para>
		 <para>
			Oltre all'utilizzo normale per la presentazione di un titolo, il carattere Corsivo denota il primo utilizzo di un termine nuovo ed importante. Per esempio:
		</para>
		 <blockquote>
			<para>
				Publican è un sistema di pubblicazione per <firstterm>DocBook</firstterm>.
			</para>

		</blockquote>

	</section>
	
	 <section>
		<title>Convenzioni del documento</title>
		 <para>
			Gli elenchi originati dal codice sorgente e l'output del terminale vengono evidenziati rispetto al testo circostante.
		</para>
		 <para>
			L'output inviato ad un terminale è impostato su <computeroutput>tondo monospazio</computeroutput> e così presentato:
		</para>
		 
<screen>books        Desktop   documentation  drafts  mss    photos   stuff  svn
books_tests  Desktop1  downloads      images  notes  scripts  svgs</screen>
		 <para>
			Gli elenchi del codice sorgente sono impostati in <computeroutput>tondo monospazio</computeroutput> ma vengono presentati ed evidenziati nel modo seguente:
		</para>
		 <xi:include href="Program_Listing.xml" xmlns:xi="http://www.w3.org/2001/XInclude" />

	</section>
	
	 <section>
		<title>Note ed avvertimenti</title>
		 <para>
			E per finire, tre stili vengono usati per richiamare l'attenzione su informazioni che in caso contrario potrebbero essere ignorate.
		</para>
		 <note>
			<para>
				Una nota è un suggerimento o un approccio alternativo per il compito da svolgere. Non dovrebbe verificarsi alcuna conseguenza negativa se la nota viene ignorata, ma al tempo stesso potreste non usufruire di qualche trucco in grado di facilitarvi il compito.
			</para>

		</note>
		 <important>
			<para>
				Le caselle 'importante' riportano informazioni che potrebbero passare facilmente inosservate: modifiche alla configurazione applicabili solo alla sessione corrente, o servizi i quali necessitano di un riavvio prima di applicare un aggiornamento. Ignorare queste caselle non causa alcuna perdita di dati ma potrebbe causare irritazione e frustrazione da parte dell'utente.
			</para>

		</important>
		 <warning>
			<para>
				Un Avvertimento non dovrebbe essere ignorato. Se ignorato, potrebbe verificarsi una perdita di dati.
			</para>

		</warning>

	</section>

</section>


