<?xml version='1.0' encoding='utf-8' ?>
<!DOCTYPE section PUBLIC "-//OASIS//DTD DocBook XML V4.5//EN" "http://www.oasis-open.org/docbook/xml/4.5/docbookx.dtd" [
]>
<section>
	<title>Dokumentkonventioner</title>
	 <para>
		Denna manual använder flera konventioner för att markera vissa ord och fraser och dra uppmärksamheten till speciella delar av information.
	</para>
	 <para>
		I PDF- och pappersutgåvor använder denna manual typsnitt tagna från uppsättningen <ulink url="https://fedorahosted.org/liberation-fonts/">Liberation Fonts</ulink>. Uppsättningen Liberation Fonts används också i HTML-utgåvor om uppsättningen är installerad på ditt system. Om inte visas alternativa men likvärdiga typsnitt. Observera: Red Hat Enterprise Linux 5 och senare innehåller uppsättningen Liberation Fonts som standard.
	</para>
	 <section>
		<title>Typografiska konventioner</title>
		 <para>
			Fyra typografiska konventioner används för att dra uppmärksamheten till särskilda ord och fraser. Dessa konventioner, och de omständigheter när de används, är som följer.
		</para>
		 <para>
			<literal>Mono-spaced Bold</literal>
		</para>
		 <para>
			Used to highlight system input, including shell commands, file names and paths. Also used to highlight keys and key combinations. For example:
		</para>
		 <blockquote>
			<para>
				För att se innehållet i filen <filename>min_nästa_bästsäljande_roman</filename> i din aktuella arbetskatalog, ange kommandot <command>cat min_nästa_bästsäljande_roman</command> vid skalprompten och tryck <keycap>Retur</keycap> för att utföra kommandot.
			</para>

		</blockquote>
		 <para>
			The above includes a file name, a shell command and a key, all presented in mono-spaced bold and all distinguishable thanks to context.
		</para>
		 <para>
			Key combinations can be distinguished from an individual key by the plus sign that connects each part of a key combination. For example:
		</para>
		 <blockquote>
			<para>
				Tryck <keycap>Retur</keycap> för att utföra kommandot.
			</para>
			 <para>
				Press <keycombo><keycap>Ctrl</keycap><keycap>Alt</keycap><keycap>F2</keycap></keycombo> to switch to a virtual terminal.
			</para>

		</blockquote>
		 <para>
			The first example highlights a particular key to press. The second example highlights a key combination: a set of three keys pressed simultaneously.
		</para>
		 <para>
			If source code is discussed, class names, methods, functions, variable names and returned values mentioned within a paragraph will be presented as above, in <literal>mono-spaced bold</literal>. For example:
		</para>
		 <blockquote>
			<para>
				Filrelaterade klasser inkluderar <classname>filesystem</classname> för filsystem, <classname>file</classname> för filer, och <classname>dir</classname> för kataloger. Varje klass har sin egen uppsättning rättigheter.
			</para>

		</blockquote>
		 <para>
			<application>Proportional Bold</application>
		</para>
		 <para>
			This denotes words or phrases encountered on a system, including application names; dialog box text; labeled buttons; check-box and radio button labels; menu titles and sub-menu titles. For example:
		</para>
		 <blockquote>
			<para>
				Choose <menuchoice><guimenu>System</guimenu><guisubmenu>Preferences</guisubmenu><guimenuitem>Mouse</guimenuitem></menuchoice> from the main menu bar to launch <application>Mouse Preferences</application>. In the <guilabel>Buttons</guilabel> tab, click the <guilabel>Left-handed mouse</guilabel> check box and click <guibutton>Close</guibutton> to switch the primary mouse button from the left to the right (making the mouse suitable for use in the left hand).
			</para>
			 <para>
				To insert a special character into a <application>gedit</application> file, choose <menuchoice><guimenu>Applications</guimenu><guisubmenu>Accessories</guisubmenu><guimenuitem>Character Map</guimenuitem></menuchoice> from the main menu bar. Next, choose <menuchoice><guimenu>Search</guimenu><guimenuitem>Find…</guimenuitem></menuchoice> from the <application>Character Map</application> menu bar, type the name of the character in the <guilabel>Search</guilabel> field and click <guibutton>Next</guibutton>. The character you sought will be highlighted in the <guilabel>Character Table</guilabel>. Double-click this highlighted character to place it in the <guilabel>Text to copy</guilabel> field and then click the <guibutton>Copy</guibutton> button. Now switch back to your document and choose <menuchoice><guimenu>Edit</guimenu><guimenuitem>Paste</guimenuitem></menuchoice> from the <application>gedit</application> menu bar.
			</para>

		</blockquote>
		 <para>
			The above text includes application names; system-wide menu names and items; application-specific menu names; and buttons and text found within a GUI interface, all presented in proportional bold and all distinguishable by context.
		</para>
		 <para>
			<command><replaceable>Icke proportionell kursiv fet</replaceable></command> eller <application><replaceable>proportionell kursiv fet</replaceable></application>
		</para>
		 <para>
			Whether mono-spaced bold or proportional bold, the addition of italics indicates replaceable or variable text. Italics denotes text you do not input literally or displayed text that changes depending on circumstance. For example:
		</para>
		 <blockquote>
			<para>
				För att ansluta till en fjärrmaskin med ssh, skriv <command>ssh <replaceable>användarnamn</replaceable>@<replaceable>domän.namn</replaceable></command> vid en skalprompt. Om fjärrmaskinen är <filename>example.com</filename> och ditt användarnamn på den maskinen är johan, skriv <command>ssh johan@example.com</command>.
			</para>
			 <para>
				Kommandot <command>mount -o remount <replaceable>filsystem</replaceable></command> monterar om det angifna filsystemet. Till exempel, för att montera om filsystemet <filename>/home</filename>, är kommandot <command>mount -o remount /home</command>.
			</para>
			 <para>
				För att ta reda på versionen av ett installerat paket, använd kommandot <command>rpm -q <replaceable>paket</replaceable></command>. Det kommer returnera ett resultat enligd: <command><replaceable>paket-version-utgåva</replaceable></command>.
			</para>

		</blockquote>
		 <para>
			Note the words in bold italics above — username, domain.name, file-system, package, version and release. Each word is a placeholder, either for text you enter when issuing a command or for text displayed by the system.
		</para>
		 <para>
			Förutom standardanvändningen för att presentera namnet på ett verk, anger kursiv stil den första användningen av en ny och viktig term. Till exempel:
		</para>
		 <blockquote>
			<para>
				Publican is a <firstterm>DocBook</firstterm> publishing system.
			</para>

		</blockquote>

	</section>
	
	 <section>
		<title>Konventioner för citat</title>
		 <para>
			Terminal output and source code listings are set off visually from the surrounding text.
		</para>
		 <para>
			Output sent to a terminal is set in <computeroutput>mono-spaced roman</computeroutput> and presented thus:
		</para>
		 
<screen>bilder  böcker-tester  foton   mss         saker   Skrivbord   svgs  utkast
böcker  dokumentation  hämtat  noteringar  skript  Skrivbord1  svn</screen>
		 <para>
			Source-code listings are also set in <computeroutput>mono-spaced roman</computeroutput> but add syntax highlighting as follows:
		</para>
		 <xi:include href="Program_Listing.xml" xmlns:xi="http://www.w3.org/2001/XInclude" />

	</section>
	
	 <section>
		<title>Noter och varningar</title>
		 <para>
			Slutligen använder vi tre visuella stilar för att dra uppmärksamheten till infomation som annars kanske förbises.
		</para>
		 <note>
			<para>
				Notes are tips, shortcuts or alternative approaches to the task at hand. Ignoring a note should have no negative consequences, but you might miss out on a trick that makes your life easier.
			</para>

		</note>
		 <important>
			<para>
				Important boxes detail things that are easily missed: configuration changes that only apply to the current session, or services that need restarting before an update will apply. Ignoring a box labeled 'Important' will not cause data loss but may cause irritation and frustration.
			</para>

		</important>
		 <warning>
			<para>
				Warnings should not be ignored. Ignoring warnings will most likely cause data loss.
			</para>

		</warning>

	</section>

</section>


