<?xml version='1.0' encoding='utf-8' ?>
<!DOCTYPE section PUBLIC "-//OASIS//DTD DocBook XML V4.5//EN" "http://www.oasis-open.org/docbook/xml/4.5/docbookx.dtd" [
]>
<section>
	<title>Dokumentkonventionen</title>
	 <para>
		Dieses Handbuch verwendet mehrere Konventionen, um bestimmte Wörter und Sätze hervorzuheben und Aufmerksamkeit auf bestimmte Informationen zu lenken.
	</para>
	 <para>
		In PDF- und Papierausgaben verwendet dieses Handbuch Schriftbilder des <ulink url="https://fedorahosted.org/liberation-fonts/">Liberation-Fonts</ulink>-Sets. Das Liberation-Fonts-Set wird auch für HTML-Ausgaben verwendet, falls es auf Ihrem System installiert ist. Falls nicht, werden alternative, aber äquivalente Schriftbilder angezeigt. Beachten Sie: Red Hat Enterprise Linux 5 und die nachfolgende Versionen beinhalten das Liberation-Fonts-Set standardmäßig.
	</para>
	 <section>
		<title>Typografische Konventionen</title>
		 <para>
			Es werden vier typografische Konventionen verwendet, um die Aufmerksamkeit auf bestimmte Wörter und Sätze zu lenken. Diese Konventionen und die Umstände, unter denen sie auftreten, sind folgende:
		</para>
		 <para>
			<literal>Nichtproportional Fett</literal>
		</para>
		 <para>
			Dies wird verwendet, um Systemeingaben hervorzuheben, einschließlich Shell-Befehle, Dateinamen und -pfade. Es wird ebenfalls zum Hervorheben von Tasten und Tastenkombinationen verwendet. Zum Beispiel:
		</para>
		 <blockquote>
			<para>
				Um den Inhalt der Datei <filename>my_next_bestselling_novel</filename> in Ihrem aktuellen Arbeitsverzeichnis zu sehen, geben Sie den Befehl <command>cat my_next_bestselling_novel</command> in den Shell-Prompt ein und drücken Sie <keycap>Enter</keycap>, um den Befehl auszuführen.
			</para>

		</blockquote>
		 <para>
			Das oben aufgeführte Beispiel beinhaltet einen Dateinamen, einen Shell-Befehl und eine Taste. Alle werden nichtproportional fett dargestellt und alle können, dank des Kontextes, leicht unterschieden werden.
		</para>
		 <para>
			Tastenkombinationen unterscheiden sich von einzelnen Tasten durch das Pluszeichen, das die einzelnen Teile einer Tastenkombination miteinander verbindet. Zum Beispiel:
		</para>
		 <blockquote>
			<para>
				Drücken Sie <keycap>Enter</keycap>, um den Befehl auszuführen.
			</para>
			 <para>
				Drücken Sie <keycombo><keycap>Strg</keycap><keycap>Alt</keycap><keycap>F2</keycap></keycombo>, um zu einem virtuellen Terminal zu wechseln.
			</para>

		</blockquote>
		 <para>
			Das erste Beispiel hebt die zu drückende Taste hervor. Das zweite Beispiel hebt eine Tastenkombination hervor: eine Gruppe von drei Tasten, die gleichzeitig gedrückt werden müssen.
		</para>
		 <para>
			Falls Quellcode diskutiert wird, werden Klassennamen, Methoden, Funktionen, Variablennamen und Rückgabewerte, die innerhalb eines Abschnitts erwähnt werden, wie oben gezeigt <literal>nichtproportional fett</literal> dargestellt. Zum Beispiel:
		</para>
		 <blockquote>
			<para>
				Zu dateiverwandten Klassen zählen <classname>filesystem</classname> für Dateisysteme, <classname>file</classname> für Dateien und <classname>dir</classname> für Verzeichnisse. Jede Klasse hat ihren eigenen Satz an Berechtigungen.
			</para>

		</blockquote>
		 <para>
			<application>Proportional Fett</application>
		</para>
		 <para>
			Dies kennzeichnet Wörter oder Sätze, die auf einem System vorkommen, einschließlich Applikationsnamen, Text in Dialogfeldern, beschriftete Schaltflächen, Bezeichnungen für Auswahlkästchen und Radio-Buttons, Überschriften von Menüs und Untermenüs. Zum Beispiel:
		</para>
		 <blockquote>
			<para>
				Wählen Sie <menuchoice><guimenu>System</guimenu><guisubmenu>Einstellungen</guisubmenu><guimenuitem>Maus</guimenuitem></menuchoice> in der Hauptmenüleiste aus, um die <application>Mauseinstellungen</application> zu öffnen. Klicken Sie im Reiter <guilabel>Tasten</guilabel> auf das Auswahlkästchen <guilabel>Mit links bediente Maus</guilabel> und anschließend auf <guibutton>Schließen</guibutton>, um die primäre Maustaste von der linken auf die rechte Seite zu ändern (d.h., um die Maus auf Linkshänder anzupassen).
			</para>
			 <para>
				Um ein Sonderzeichen in eine <application>gedit</application>-Datei einzufügen, wählen Sie <menuchoice><guimenu>Anwendungen</guimenu><guisubmenu>Zubehör</guisubmenu><guimenuitem>Zeichentabelle</guimenuitem></menuchoice> aus der Hauptmenüleiste. Wählen Sie als Nächstes <menuchoice><guimenu>Suchen</guimenu><guimenuitem>Suchen</guimenuitem></menuchoice> aus der Menüleiste der <application>Zeichentabelle</application>, geben Sie im Feld <guilabel>Suchbegriff</guilabel> den Namen des Zeichens ein und klicken Sie auf <guibutton>Weitersuchen</guibutton>. Das gesuchte Zeichen wird daraufhin in der <guilabel>Zeichentabelle</guilabel> hervorgehoben. Doppelklicken Sie auf dieses hervorgehobene Zeichen, um es in das Feld <guilabel>Zu kopierender Text</guilabel> zu übernehmen und klicken Sie anschließend auf die Schaltfläche <guibutton>Kopieren</guibutton>. Gehen Sie nun zurück in Ihr Dokument und wählen Sie <menuchoice><guimenu>Bearbeiten</guimenu><guimenuitem>Einfügen</guimenuitem></menuchoice> aus der <application>gedit</application>-Menüleiste.
			</para>

		</blockquote>
		 <para>
			Der oben aufgeführte Text enthält Applikationsnamen, systemweite Menünamen und -elemente, applikationsspezifische Menünamen sowie Schaltflächen und Text innerhalb einer grafischen Oberfläche. Alle werden proportional fett dargestellt und sind anhand des Kontextes unterscheidbar.
		</para>
		 <para>
			<command><replaceable>Nichtproportional Fett Kursiv</replaceable></command> oder <application><replaceable>Proportional Fett Kursiv</replaceable></application>
		</para>
		 <para>
			Sowohl bei nichtproportional fett als auch bei proportional fett weist ein zusätzlicher Kursivdruck auf einen ersetzbaren oder variablen Text hin. Kursivdruck kennzeichnet Text, der nicht wörtlich eingeben wird, oder angezeigten Text, der sich abhängig von den gegebenen Umständen unterscheiden kann. Zum Beispiel:
		</para>
		 <blockquote>
			<para>
				Um sich mit einer Remote-Maschine via SSH zu verbinden, geben Sie an einem Shell-Prompt <command>ssh <replaceable>username</replaceable>@<replaceable>domain.name</replaceable></command> ein. Falls die Remote-Maschine <filename>example.com</filename> ist und Ihr Benutzername auf dieser Maschine John lautet, geben Sie also <command>ssh john@example.com</command> ein.
			</para>
			 <para>
				Der Befehl <command>mount -o remount <replaceable>file-system</replaceable></command> hängt das angegebene Dateisystem wieder ein. Um beispielsweise das <filename>/home</filename>-Dateisystem wieder einzuhängen, verwenden Sie den Befehl <command>mount -o remount /home</command>.
			</para>
			 <para>
				Um die Version des derzeit installierten Pakets zu sehen, verwenden Sie den Befehl <command>rpm -q <replaceable>package</replaceable></command>. Die Ausgabe sieht wie folgt aus: <command><replaceable>package-version-release</replaceable></command>.
			</para>

		</blockquote>
		 <para>
			Beachten Sie die kursiv dargestellten Begriffe oben — username, domain.name, file-system, package, version und release. Jedes Wort ist ein Platzhalter entweder für Text, den Sie für einen Befehl eingeben, oder für Text, der vom System angezeigt wird.
		</para>
		 <para>
			Neben der Standardbenutzung für die Darstellung des Titels eines Werks zeigt der Kursivdruck auch die erstmalige Verwendung eines neuen und wichtigen Begriffs an. Zum Beispiel:
		</para>
		 <blockquote>
			<para>
				Publican ist ein <firstterm>DocBook</firstterm> Publishing-System.
			</para>

		</blockquote>

	</section>
	
	 <section>
		<title>Konventionen für Seitenansprachen</title>
		 <para>
			Ausgaben des Terminals und Auszüge aus dem Quellcode werden visuell vom umliegenden Text hervorgehoben durch sogenannte Seitenansprachen (auch Pull-Quotes genannt).
		</para>
		 <para>
			Eine an das Terminal gesendete Ausgabe wird in den Schrifttyp <computeroutput>nichtproportional Roman</computeroutput> gesetzt und wie folgt dargestellt:
		</para>
		 
<screen>books        Desktop   documentation  drafts  mss    photos   stuff  svn
books_tests  Desktop1  downloads      images  notes  scripts  svgs</screen>
		 <para>
			Auszüge aus dem Quellcode werden ebenfalls in den Schrifttyp <computeroutput>nichtproportional Roman</computeroutput> gesetzt, doch wird zusätztlich noch die Syntax hervorgehoben:
		</para>
		 <xi:include href="Program_Listing.xml" xmlns:xi="http://www.w3.org/2001/XInclude" />

	</section>
	
	 <section>
		<title>Anmerkungen und Warnungen</title>
		 <para>
			Zu guter Letzt verwenden wir drei visuelle Stile, um die Aufmerksamkeit auf Informationen zu lenken, die andernfalls vielleicht übersehen werden könnten.
		</para>
		 <note>
			<para>
				Eine Anmerkung ist ein Tipp, ein abgekürztes Verfahren oder ein alternativer Ansatz für die vorliegende Aufgabe. Das Ignorieren von Anmerkungen sollte keine negativen Auswirkungen haben, aber Sie verpassen so vielleicht einen Trick, der Ihnen das Leben vereinfachen könnte.
			</para>

		</note>
		 <important>
			<para>
				Die Wichtig-Schaukästen lenken die Aufmerksamkeit auf Dinge, die sonst leicht übersehen werden können: Konfigurationsänderungen, die nur für die aktuelle Sitzung gelten oder Dienste, für die ein Neustart nötig ist, bevor eine Aktualisierung wirksam wird. Das Ignorieren von Wichtig-Schaukästen würde keinen Datenverlust verursachen, kann aber unter Umständen zu Ärgernissen und Frustration führen.
			</para>

		</important>
		 <warning>
			<para>
				Eine Warnung sollte nicht ignoriert werden. Das Ignorieren von Warnungen führt mit hoher Wahrscheinlichkeit zu Datenverlust.
			</para>

		</warning>

	</section>

</section>


