<?xml version='1.0' encoding='utf-8' ?>
<!DOCTYPE section PUBLIC "-//OASIS//DTD DocBook XML V4.5//EN" "http://www.oasis-open.org/docbook/xml/4.5/docbookx.dtd" [
]>
<section>
	<title>文件規範</title>
	 <para>
		本指南使用了幾種規範，以強調特定文字與詞組，並提示讀者注意特定的資訊。
	</para>
	 <para>
		在 PDF 和書面版本中，本指南使用了來自於 <ulink url="https://fedorahosted.org/liberation-fonts/">Liberation Fonts</ulink> 字體組的 typefaces。倘若 Liberation Fonts 字體已安裝在您系統上的話，該字體也會被使用於 HTML 版本中。若是沒有的話，本指南便會顯示其它相對應的 typefaces 字體。請注意：預設上 Red Hat Enterprise Linux 5 以上的版本已包含 Liberation Fonts 字體。
	</para>
	 <section>
		<title>排版規範</title>
		 <para>
			此處使用四種排版規範，用來強調特定文字與詞組。這些規範及其適用情況如下。
		</para>
		 <para>
			<literal>固定寬度粗體字型（Mono-spaced Bold）</literal>
		</para>
		 <para>
			用來強調系統的輸入字元，包括 shell 指令、檔案名稱與路徑。同時也會被使用來強調按鍵與組合鍵。例如：
		</para>
		 <blockquote>
			<para>
				若要查看位於您目前工作目錄中的 <filename>my_next_bestselling_novel</filename> 檔案的話，請在 shell 提示符號下輸入 <command>cat my_next_bestselling_novel</command> 指令，再按下 <keycap>Enter</keycap> 鍵執行該指令。
			</para>

		</blockquote>
		 <para>
			以上包含了一個檔案名稱、一組 shell 指令，以及一個按鍵，並且全部以固定寬度粗體字型來顯示。
		</para>
		 <para>
			「組合鍵」可以透過每個按鍵及之間的「加號」來組合表示。例如：
		</para>
		 <blockquote>
			<para>
				請按下 <keycap>Enter</keycap> 鍵執行指令。
			</para>
			 <para>
				請按下 <keycombo><keycap>Ctrl</keycap><keycap>Alt</keycap><keycap>F2</keycap></keycombo> 切換至虛擬終端機。
			</para>

		</blockquote>
		 <para>
			第一段強調了使用者應按下特定的按鍵，第二段則表示使用者應按下一組組合鍵，亦即同時按下三個按鍵。
		</para>
		 <para>
			若討論到原始碼的話，段落中所提及的 class 名稱、method、function、variable 名稱與回傳值，都將會如上一般地以「<literal>固定寬度粗體字型</literal>」顯示。例如：
		</para>
		 <blockquote>
			<para>
				和檔案相關的 class，其中包含了 <classname>filesystem</classname>（檔案系統）、<classname>file</classname>（檔案）以及 <classname>dir</classname>（目錄）。各個 class 都有著與它關聯的權限組。
			</para>

		</blockquote>
		 <para>
			<application>浮動寬度粗體字型（Proportional Bold）</application>
		</para>
		 <para>
			這代表在系統上所會看見的文字或詞組，這包含了應用程式名稱、對話方塊文字、被標記的按鈕、核取方塊與收音機按鈕的標籤、選單標題以及子選單標題。例如：
		</para>
		 <blockquote>
			<para>
				由主選單選取「<menuchoice><guimenu>系統</guimenu><guisubmenu>偏好設定</guisubmenu><guimenuitem>滑鼠</guimenuitem></menuchoice>」來啟動「<application>滑鼠偏好設定</application>」。請在「<guilabel>按鈕</guilabel>」分頁中點選「<guilabel>左手操作滑鼠</guilabel>」核取方塊並按下「<guibutton>關閉</guibutton>」，將主滑鼠按鍵由左鍵切換至右鍵（這可讓滑鼠適合以左手使用）。
			</para>
			 <para>
				要將一個特殊字元插入至 <application>gedit</application> 檔案，請從主選單選擇「<menuchoice><guimenu>應用程式</guimenu><guisubmenu>附屬應用程式</guisubmenu><guimenuitem>字元對應表</guimenuitem></menuchoice>」。然後從「<application>字元對應表</application>」的選單中選擇「<menuchoice><guimenu>搜尋</guimenu><guimenuitem>尋找</guimenuitem></menuchoice>」，接下來在「<guilabel>搜尋</guilabel>」欄位裡輸入字元名稱，然後按下「<guibutton>下一個</guibutton>」。您所搜尋的字元會在「<guilabel>字元表</guilabel>」中反白出現。雙擊這個字元，這樣它會出現在「<guilabel>準備複製的文字</guilabel>」欄位，然後請按下「<guibutton>複製</guibutton>」按鈕。現在請切換到您的文件，然後從 <application>gedit</application> 的選單選擇「<menuchoice><guimenu>編輯</guimenu><guimenuitem>貼上</guimenuitem></menuchoice>」。
			</para>

		</blockquote>
		 <para>
			以上文字包含了應用程式名稱、系統全域的選單名稱與項目、應用程式特屬的選單名稱、以及在 GUI 介面中所看到的按鈕與文字等，全部皆以浮動寬度粗體字型來顯示，並且可透過內文來辨別。
		</para>
		 <para>
			<command><replaceable>Mono-spaced Bold Italic</replaceable></command>（固定寬度粗體斜體字型）或是 <application><replaceable>Proportional Bold Italic</replaceable></application>（浮動寬度粗體斜體字型）
		</para>
		 <para>
			不管是固定或浮動寬度的粗體字，加上斜體後便表示可替換的文字或是變數文字。斜體字型代表您不會照字面輸入的文字，或是會依照情況而改變的文字。比方說：
		</para>
		 <blockquote>
			<para>
				若要透過使用 ssh 連至遠端機器，請在 shell 提示符號下輸入 <command>ssh <replaceable>username</replaceable>@<replaceable>domain.name</replaceable></command>。若遠端機器為 <filename>example.com</filename> 而您在該機器上的用戶名稱為 john 的話，請輸入 <command>ssh john@example.com</command>。
			</para>
			 <para>
				<command>mount -o remount <replaceable>file-system</replaceable></command> 指令會將 file-system 檔案系統重新掛載。比方說，若要重新掛載 <filename>/home</filename> 檔案系統的話，指令為 <command>mount -o remount /home</command>。
			</para>
			 <para>
				使用 <command>rpm -q <replaceable>package</replaceable></command> 指令來查看目前已安裝套件的版本。系統將會回傳此結果：<command><replaceable>package-version-release</replaceable></command>。
			</para>

		</blockquote>
		 <para>
			請注意上方的重體兼斜體字 — username、domain.name、file-system、package、version、以及 release。這些字都是可以取代的：不是您下指令時所打的文字，就是系統所顯示的文字。
		</para>
		 <para>
			除了用來顯示工作標題這樣的標準用法，斜體字也可代表第一次出現的重要新詞彙。比方說：
		</para>
		 <blockquote>
			<para>
				Publican 是一種 <firstterm>DocBook</firstterm> 發佈系統。
			</para>

		</blockquote>

	</section>
	
	 <section>
		<title>引述規範</title>
		 <para>
			終端機輸出與原始碼資料會列在文字框裡面。
		</para>
		 <para>
			傳送至終端機的輸出設置為 <computeroutput>mono-spaced roman</computeroutput>（固定寬度 roman 字型），並且以此方式顯示：
		</para>
		 
<screen>books        Desktop   documentation  drafts  mss    photos   stuff  svn
books_tests  Desktop1  downloads      images  notes  scripts  svgs</screen>
		 <para>
			原始碼排列亦設置為 <computeroutput>mono-spaced roman</computeroutput>（固定寬度 roman 字型），並以彩色強調語法：
		</para>
		 <xi:include href="Program_Listing.xml" xmlns:xi="http://www.w3.org/2001/XInclude" />

	</section>
	
	 <section>
		<title>注意和警告</title>
		 <para>
			最後，我們將使用三種視覺上的形式，來強調可能會被遺漏掉的資訊。
		</para>
		 <note>
			<para>
				「注意」代表某些作業上的提示、捷徑或是其它完成工作的方式。忽略「注意」並不會帶來太大的負面影響，不過您可能會忽略掉某些能夠較輕鬆完成工作的方式。
			</para>

		</note>
		 <important>
			<para>
				「重要」方塊會將容易遺漏掉的項目詳細列出：例如變更配置只會套用到目前的作業階段，或是要套用更新則必須重新啟動服務等等。倘若您忽略掉重點方塊，雖然不會造成資料遺失，不過卻會造成工作上的不便與其它影響。
			</para>

		</important>
		 <warning>
			<para>
				讀者不該忽略任何「警告」。忽略「警告」很有可能會造成資料遺失。
			</para>

		</warning>

	</section>

</section>


