<?xml version='1.0' encoding='utf-8' ?>
<!DOCTYPE section PUBLIC "-//OASIS//DTD DocBook XML V4.5//EN" "http://www.oasis-open.org/docbook/xml/4.5/docbookx.dtd" [
]>
<section>
	<title>รูปแบบในเอกสาร</title>
	 <para>
		คู่มือฉบับนี้ใช้การจัดรูปแบบหลายชนิดในการเน้นข้อความและประโยคต่างๆ
	</para>
	 <para>
		ในฉบับ PDF และฉบับพิมพ์ เอกสารนี้ใช้ฟอนต์จากชุด <ulink url="https://fedorahosted.org/liberation-fonts/">Liberation Fonts</ulink>ชุดฟอนต์นี้ถูกใช้ในฉบับ HTML เช่นเดียวกันหากได้ติดตั้งในระบบของคุณ หรืออาจใช้ฟอนต์ทดแทนสำหรับ Red Hat Enterprise Linux 5 และรุ่นหลังจากนั้นจะติดตั้งฟอนต์ Liberation โดยปริยาย
	</para>
	 <section>
		<title>รูปแบบอักษร</title>
		 <para>
			ในเอกสารนี้การจัดรูปแบบสี่แบบเพื่อเน้นข้อความ โดยมีการใช้งานดังต่อไปนี้
		</para>
		 <para>
			<literal>Mono-spaced Bold</literal>
		</para>
		 <para>
			Used to highlight system input, including shell commands, file names and paths. Also used to highlight keys and key combinations. For example:
		</para>
		 <blockquote>
			<para>
				หากจะขอดูเนื้อหาของไฟล์ <filename>my_next_bestselling_novel</filename> ในไดเรคทอรีที่ทำงานอยู่ปัจจุบัน ใช้คำสั่ง <command>cat my_next_bestselling_novel</command> ที่บรรทัดคำสั่งแล้วกด <keycap>Enter</keycap> เพื่อเรียกใช้คำสั่ง
			</para>

		</blockquote>
		 <para>
			The above includes a file name, a shell command and a key, all presented in mono-spaced bold and all distinguishable thanks to context.
		</para>
		 <para>
			Key combinations can be distinguished from an individual key by the plus sign that connects each part of a key combination. For example:
		</para>
		 <blockquote>
			<para>
				กด <keycap>Enter</keycap> เพื่อเรียกใช้คำสั่ง
			</para>
			 <para>
				Press <keycombo><keycap>Ctrl</keycap><keycap>Alt</keycap><keycap>F2</keycap></keycombo> to switch to a virtual terminal.
			</para>

		</blockquote>
		 <para>
			The first example highlights a particular key to press. The second example highlights a key combination: a set of three keys pressed simultaneously.
		</para>
		 <para>
			If source code is discussed, class names, methods, functions, variable names and returned values mentioned within a paragraph will be presented as above, in <literal>mono-spaced bold</literal>. For example:
		</para>
		 <blockquote>
			<para>
				คลาสที่เกี่ยวกับแฟ้มประกอบด้วย <classname>filesystem</classname> สำหรับระบบแฟ้ม <classname>file</classname> สำหรับแฟ้มและ <classname>dir</classname> สำหรับไดเรคทอรี แต่ละคลาสจะมีสิทธิเฉพาะตัว
			</para>

		</blockquote>
		 <para>
			<application>Proportional Bold</application>
		</para>
		 <para>
			This denotes words or phrases encountered on a system, including application names; dialog box text; labeled buttons; check-box and radio button labels; menu titles and sub-menu titles. For example:
		</para>
		 <blockquote>
			<para>
				Choose <menuchoice><guimenu>System</guimenu><guisubmenu>Preferences</guisubmenu><guimenuitem>Mouse</guimenuitem></menuchoice> from the main menu bar to launch <application>Mouse Preferences</application>. In the <guilabel>Buttons</guilabel> tab, click the <guilabel>Left-handed mouse</guilabel> check box and click <guibutton>Close</guibutton> to switch the primary mouse button from the left to the right (making the mouse suitable for use in the left hand).
			</para>
			 <para>
				To insert a special character into a <application>gedit</application> file, choose <menuchoice><guimenu>Applications</guimenu><guisubmenu>Accessories</guisubmenu><guimenuitem>Character Map</guimenuitem></menuchoice> from the main menu bar. Next, choose <menuchoice><guimenu>Search</guimenu><guimenuitem>Find…</guimenuitem></menuchoice> from the <application>Character Map</application> menu bar, type the name of the character in the <guilabel>Search</guilabel> field and click <guibutton>Next</guibutton>. The character you sought will be highlighted in the <guilabel>Character Table</guilabel>. Double-click this highlighted character to place it in the <guilabel>Text to copy</guilabel> field and then click the <guibutton>Copy</guibutton> button. Now switch back to your document and choose <menuchoice><guimenu>Edit</guimenu><guimenuitem>Paste</guimenuitem></menuchoice> from the <application>gedit</application> menu bar.
			</para>

		</blockquote>
		 <para>
			The above text includes application names; system-wide menu names and items; application-specific menu names; and buttons and text found within a GUI interface, all presented in proportional bold and all distinguishable by context.
		</para>
		 <para>
			<command><replaceable>ฟอนต์ความกว้างคงตัว ตัวหนา เอียง</replaceable></command> หรือ <application><replaceable>ตัวหนา เอียง</replaceable></application>
		</para>
		 <para>
			Whether mono-spaced bold or proportional bold, the addition of italics indicates replaceable or variable text. Italics denotes text you do not input literally or displayed text that changes depending on circumstance. For example:
		</para>
		 <blockquote>
			<para>
				ในการเชื่อมต่อสู่เครื่องระยะไกลโดยใช้ ssh พิมพ์ <command>ssh <replaceable>username</replaceable>@<replaceable>domain.name</replaceable></command> ที่บรรทัดคำสั่ง หากชื่อเครื่องระยะไกลคือ <filename>example.com</filename> และชื่อผู้ใช้บนเครื่องดังกล่าวของคุณคือ somchai ให้พิมพ์ <command>ssh john@example.com</command>.
			</para>
			 <para>
				คำสั่ง <command>mount -o remount <replaceable>file-system</replaceable></command> จะเมานต์ระบบแฟ้มที่ระบุชื่อไว้ซ้ำ เช่นหากจะเมานต์ระบบแฟ้ม <filename>/home</filename> ซ้ำ ให้ใช้คำสั่ง <command>mount -o remount /home</command>.
			</para>
			 <para>
				หากต้องการดูรุ่นของแพคเกจที่ติดตั้งไว้ ให้ใช้คำสั่ง <command>rpm -q <replaceable>แพคเกจ</replaceable></command> มันจะคืนค่าดังต่อไปนี้: <command><replaceable>แพคเกจ-version-release</replaceable></command>.
			</para>

		</blockquote>
		 <para>
			Note the words in bold italics above — username, domain.name, file-system, package, version and release. Each word is a placeholder, either for text you enter when issuing a command or for text displayed by the system.
		</para>
		 <para>
			นอกจากการใช้ทั่วไปสำหรับนำเสนอชื่องาน ตัวเอียงยังเน้นการใช้ครั้งแรกของศัพท์ใหม่ที่สำคัญ เช่น
		</para>
		 <blockquote>
			<para>
				Publican is a <firstterm>DocBook</firstterm> publishing system.
			</para>

		</blockquote>

	</section>
	
	 <section>
		<title>Pull-quote Conventions</title>
		 <para>
			Terminal output and source code listings are set off visually from the surrounding text.
		</para>
		 <para>
			Output sent to a terminal is set in <computeroutput>mono-spaced roman</computeroutput> and presented thus:
		</para>
		 
<screen>books        Desktop   documentation  drafts  mss    photos   stuff  svn
books_tests  Desktop1  downloads      images  notes  scripts  svgs</screen>
		 <para>
			Source-code listings are also set in <computeroutput>mono-spaced roman</computeroutput> but add syntax highlighting as follows:
		</para>
		 <xi:include href="Program_Listing.xml" xmlns:xi="http://www.w3.org/2001/XInclude" />

	</section>
	
	 <section>
		<title>คำเตือนและข้อควรจำ</title>
		 <para>
			สุดท้ายนี้ เราใช้ลักษณะสามประเภทในการเน้นข้อความที่อาจจะถูกอ่านข้ามไป
		</para>
		 <note>
			<para>
				Notes are tips, shortcuts or alternative approaches to the task at hand. Ignoring a note should have no negative consequences, but you might miss out on a trick that makes your life easier.
			</para>

		</note>
		 <important>
			<para>
				Important boxes detail things that are easily missed: configuration changes that only apply to the current session, or services that need restarting before an update will apply. Ignoring a box labeled 'Important' will not cause data loss but may cause irritation and frustration.
			</para>

		</important>
		 <warning>
			<para>
				Warnings should not be ignored. Ignoring warnings will most likely cause data loss.
			</para>

		</warning>

	</section>

</section>


