<?xml version='1.0' encoding='utf-8' ?>
<!DOCTYPE section PUBLIC "-//OASIS//DTD DocBook XML V4.5//EN" "http://www.oasis-open.org/docbook/xml/4.5/docbookx.dtd" [
]>
<section>
	<title>పత్రము విధానాలు</title>
	 <para>
		కొన్ని పదాలను మరియు మాటలను యెత్తిచూపుటకు మరియు కొన్నింటి సమాచారముపై దృష్టిసారించుటకు మాన్యువల్ చాలా విధానాలను వుపయోగిస్తుంది.
	</para>
	 <para>
		PDF మరియు కాగితపు కూర్పులనందు, ఈ మాన్యువల్ <ulink url="https://fedorahosted.org/liberation-fonts/">Liberation Fonts</ulink> సమితినుండి తెచ్చిన టైప్‌ఫేసెస్‌ను వుపయోగిస్తుంది. ఆ లిబరేషన్ ఫాంట్స్‍ సమితి మీసిస్టమ్‌నందు సంస్థాపించివుంటే అది HTML కూర్పులనందుకూడా వుపయోగించబడుతుంది. లేకపోతే, సరితూగు ప్రత్యామ్నాయ టైప్‌ఫేసెస్ ప్రదర్శింపబడతాయి. గమనిక: Red Hat Enterprise Linux 5 మరియు తరువాతివి లిబరేషన్ ఫాంట్స్‍ సమితిని అప్రమేయంగా చేర్చుతాయి.
	</para>
	 <section>
		<title>టైపోగ్రఫిక్ విధానాలు</title>
		 <para>
			ప్రత్యేక పదములు మరియు మాటలను దృష్టికితెచ్చుటకు నాలుగు టైపోగ్రఫిక్ విధానాలు వుపయోగించబడతాయి. ఆ విధానాలు, అవి ఆపాదించబడు సందర్భాలు, ఈ క్రింది విధంగా.
		</para>
		 <para>
			<literal>మోనో-స్పేస్డ్‍ బోల్డ్</literal>
		</para>
		 <para>
			వ్యవస్థ యిన్పుట్, షెల్ కమాండ్స్, ఫైల్ పేర్లు మరియు పాత్‌లు వుద్దీపనం చేయుటకు వుపయోగించబడెను. కీలు మరియు కీయుగళాలను వుద్దీపనం చేయుటకు కూడా వుపయోగించబడెను. ఉదాహరణకు:
		</para>
		 <blockquote>
			<para>
				మీ ప్రస్తుత డైరెక్టరీనందు<filename>my_next_bestselling_novel</filename> ఫైలుయొక్క సారములను చూడుటకు, <command>cat my_next_bestselling_novel</command> ఆదేశమును షెల్ ప్రామ్టువద్ద ప్రవేశపెట్టి <keycap>Enter</keycap> వత్తండి.
			</para>

		</blockquote>
		 <para>
			పైనది ఫైలు పేరును, షెల్ ఆదేశమును మరియు కీను చేర్చును, అన్నీ మోనో-స్పేస్‌డ్ బోల్డ్ నందు సమర్పించబడును మరియు ll సందర్భమునకు విడమర్చగల ధన్యవాదములు.
		</para>
		 <para>
			కీయుగళం యొక్క ప్రతి భాగమును కలిపే ప్లస్ గుర్తు ద్వారా వొక కీనుండి కీ యుగళాలను విడదీయగలం.
		</para>
		 <blockquote>
			<para>
				ఆదేశమును నిర్వర్తించుటకు <keycap>Enter</keycap> వత్తండి.
			</para>
			 <para>
				వర్చువల్ మిషన్‌కు మారుటకు <keycombo><keycap>Ctrl</keycap><keycap>Alt</keycap><keycap>F2</keycap></keycombo> వత్తండి.
			</para>

		</blockquote>
		 <para>
			మొదటి వుదాహరణ ఫలానా కీను వత్తమని వుద్దీపనం చేయును. రెండవ వుదాహరణ కీ యుగళాన్ని వుద్దీపనం చేయును: వొకదాని తరువాత వొకటి మూడు కీలు వత్తాలి.
		</para>
		 <para>
			ఒకవేళ సోర్సుకొడ్ చర్చించితే, పరిచ్ఛేదము లోపల తెలిపిన క్లాస్ నేమ్‌లు, మెథడ్స్, ఫంక్షన్స్, వేరియబుల్ నేమ్స్ మరియు రిటర్న్ వాల్యూస్‌ను పైన చూపిన విధంగా, <literal>Mono-spaced Bold</literal>లో సమర్పించబడతాయి. ఉదాహరణకు:
		</para>
		 <blockquote>
			<para>
				ఫైలుకు-సంభందించిన క్లాసెస్ ఫైలు వ్యవస్థలకొరకు <classname>filesystem</classname>ను, ఫైల్సుకొరకు <classname>file</classname>ను, మరియు డైరెక్టరీల కొరకు <classname>dir</classname>ను చేర్చుతాయి. ప్రతి క్లాస్ దాని స్వంత అనుమతుల సమితిని కలిగివుంటుంది.
			</para>

		</blockquote>
		 <para>
			<application>ప్రొపోర్షనల్ బోల్డ్</application>
		</para>
		 <para>
			ఇది అనువర్తనపు నామములు; డైలాగ్ బాక్స్ పాఠ్యము; లేబుల్ బటన్స్; చెక్-బాక్స్ మరియు రేడియో బటన్ లేబుల్స్; మెనూ శీర్షికలు మరియు ఉప-మెనూ శీర్షికలతో కలుపుకొని సిస్టమ్‌నందు యెదురగు పదములు లేదా మాటలను సూచిస్తుంది. ఉదాహరణకు:
		</para>
		 <blockquote>
			<para>
				<application>మౌస్ అభీష్టాలు</application>ను ముఖ్య మోనూబార్‌నుండి ఆరంభించుటకు <menuchoice><guimenu>సిస్టమ్</guimenu><guisubmenu>అభీష్టాలు</guisubmenu><guimenuitem>మౌస్‌</guimenuitem></menuchoice>ను యెంచుకొనుము. ప్రాధమిక మౌస్ బటన్‌ను యెడమనుండి కుడికి మార్చుటకు (యెడమచేతి వాటము కొరకు) <guilabel>బటన్స్</guilabel> టాబ్ నందలి, <guilabel>ఎడమ-చేతి మౌస్</guilabel> చెక్‌బాక్స్‍‌ను వత్తి మరియు <guibutton>మూయి</guibutton>ను వత్తుము.
			</para>
			 <para>
				<application>gedit</application> ఫైలునకు ప్రత్యేక అక్షరం చేర్చుటకు, <menuchoice><guimenu>అనువర్తనములు</guimenu><guisubmenu>వుపకరణాలు</guisubmenu><guimenuitem>అక్షర పటం</guimenuitem></menuchoice> ను ముఖ్య మెనూ బార్ నుండి యెంచుకొనుము. తరువాత, <menuchoice><guimenu>వెతుకు</guimenu><guimenuitem>కనుగొను…</guimenuitem></menuchoice> ను <application>అక్షర పటం</application> మెను బార్ నుండి యెంచుకొని, అక్షరం పేరును <guilabel>వెతుకు</guilabel> క్షేత్రం నందు ప్రవేశపెట్టి <guibutton>తరువాత</guibutton> నొక్కుము. మీరు వెతికే అక్షరం <guilabel>అక్షర పటం</guilabel> నందు వుద్దీపనం చేయబడను. ఉద్దీపనం చేసిన అక్షరంను <guilabel>నకలుతీయు పాఠం</guilabel> క్షేత్రమునందు వుంచుటకు దానిని రెండుసార్లు నొక్కండి అప్పుడు <guibutton>నకలుతీయి</guibutton> బటన్ నొక్కండి. ఇప్పుడు మీ పత్రమునకు వెళ్ళి <menuchoice><guimenu>సరిచేయి</guimenu><guimenuitem>అతికించు</guimenuitem></menuchoice> <application>gedit</application> మెనూ బార్ నుండి యెంచుకొనుము.
			</para>

		</blockquote>
		 <para>
			పై పాఠ్యము అనువర్తనము పేరులను; సిస్టమ్-తరహా మెనూ పేరులను మరియు అంశములను; అనువర్తనము-తీరు మెనూ పేరులను; మరియు బటన్లను మరియు GUI ఇంటర్ఫేస్‌నందు కనిపించు పాఠ్యమును కలిగివుంటుంది, అన్నీ ప్రొపోర్షనల్ బోల్డ్ నందు వుంటాయి మరియు సందర్భానుసారం వుంటాయి.
		</para>
		 <para>
			<command><replaceable>మోనో-స్పేస్డ్‍ బోల్డ్‍ ఇటాలిక్</replaceable></command> లేదా <application><replaceable>ప్రొపోషనల్ బోల్డ్‍ ఇటాలిక్</replaceable></application>
		</para>
		 <para>
			మోనో-స్పేస్డ్ బోల్డ్ లేదా ప్రొపోషనల్ బోల్డ్ యేదైనా, ఇటాలిక్‌లు జతచేసివుంటే తిరిగివుంచగల లేదా వేరియబుల్ పాఠ్యమును సూచిస్తాయి. మీరు యధాతధంగా ప్రవేశపెట్టలేని లేదా సందర్భానుసారం మారే పాఠ్యమును ఇటాలిక్స్‍ సూచిస్తాయి. ఉదాహరణకు:
		</para>
		 <blockquote>
			<para>
				ssh వుపయోగించి దూరస్థ యంత్రమునకు అనుసంధానమగుటకు, షెల్ ప్రామ్టువద్ద <command>ssh <replaceable>username</replaceable>@<replaceable>domain.name</replaceable></command> టైపుచేయుము. దూరస్థ యంత్రము <filename>example.com</filename> మరియు దానినందు మీవినియోగదారి పేరు john అయితే, <command>ssh john@example.com</command> టైపుచేయుము.
			</para>
			 <para>
				<command>mount -o remount <replaceable>file-system</replaceable></command> ఆదేశము నామపు ఫైలు వ్యవస్థను తిరిగిమౌంటు చేస్తుంది. ఉదాహరణకు, <filename>/home</filename> ఫైలు వ్యవస్థను తిరిగిమౌంటు చేయుటకు, <command>mount -o remount /home</command> అనునది ఆదేశము.
			</para>
			 <para>
				ప్రస్తుతం సంస్థాపించిన సంకలముయొక్క వర్షన్‌ను చూడుటకు, <command>rpm -q <replaceable>package</replaceable></command> ఆదేశమును వుపయోగించుము. అది ఈక్రిందివిధంగా పలితాన్ని యిస్తుంది: <command><replaceable>package-version-release</replaceable></command>.
			</para>

		</blockquote>
		 <para>
			పై యీ పదాలను బోల్డ్ యిటాలిక్ నందు నోట్ చేయి — వాడుకరిపేరు, డొమైన్.పేరు, ఫైల్-సిస్టమ్, ప్యాకేజీ, వర్షన్ మరియు విడుదల. ప్రతి పదం ప్లేస్‌హోల్టర్, మీరు ఆదేశం యిచ్చునప్పుడు ప్రవేశపెట్టిన పాఠమునకు లేదా వ్యవస్థ చేత ప్రదర్శించబడిన పాఠమునకు.
		</para>
		 <para>
			మరోప్రక్క ప్రామాణిక వుపయోగంలో శీర్షికను తెలుపుటలో, ఇటాలిక్స్‍ కొత్త మరియు ముఖ్య పదముయొక్క మొదటి వుపయోగాన్ని సూచిస్తాయి. ఉదాహరణకు:
		</para>
		 <blockquote>
			<para>
				పబ్లికన్ అనునది <firstterm>DocBook</firstterm> ప్రచురణ వ్యవస్థ.
			</para>

		</blockquote>

	</section>
	
	 <section>
		<title>పుల్-కోట్ విధానాలు</title>
		 <para>
			టెర్మినల్ అవుట్‌పుట్ మరియు సోర్స్ కోడ్ జాబితాలు అనునవి చుట్టూవుంచబడు పాఠ్యమునుండి దృశ్యరీత్యా ఆఫ్ చేయబడినవి.
		</para>
		 <para>
			టెర్మినల్‌కు పంపిన అవుట్‌పుట్ <computeroutput>Mono-spaced Roman</computeroutput>నందు అమర్చబడివుంది మరియు అలానే ప్రస్పుటిస్తోంది:
		</para>
		 
<screen>books        Desktop   documentation  drafts  mss    photos   stuff  svn
books_tests  Desktop1  downloads      images  notes  scripts  svgs</screen>
		 <para>
			సోర్సు-కోడ్ జాబితాలు కూడా <computeroutput>Mono-spaced Roman</computeroutput> నందు అమర్చబడినవి అయితే జతచేయు సిన్టాక్స్ ఈక్రిందివింధంగా వుద్దీపనం చేయబడుతుంది:
		</para>
		 <xi:include href="Program_Listing.xml" xmlns:xi="http://www.w3.org/2001/XInclude" />

	</section>
	
	 <section>
		<title>గమనికలు మరియు హెచ్చరికలు</title>
		 <para>
			చూడకుండా వదిలివేయటుకు ఆస్కారమున్న సమాచారముపై దృష్టికేంద్రీకరించుటకు, చివరిగా మనకు మూడు దృశ్యరీతి శైలులు వున్నాయి.
		</para>
		 <note>
			<para>
				గమనిక అనునది చేతిలోవున్న కర్తవ్యమునకు చిట్కా లేదా లఘువు లేదా ప్రత్యామ్నాయ అనుసరింపు వంటిది. గమనికను పట్టించుకొకపోవుట వలన యెటువంటి చెడ్డపరిణామాలు తలెత్తవు, అయితే మీకు సుఖవంతమగు చిట్కాను మీరు కొల్పోవచ్చు.
			</para>

		</note>
		 <important>
			<para>
				సులువుగా తప్పిపోవు విషయాలను ముఖ్య పేటికలు వివరిస్తాయి: ప్రస్తుత సెషన్‌కు మాత్రమే ఆపాదించు ఆకృతీకరణ మార్పులు, లేదా నవీకరణ ఆపాదించుటకు ముందుగా పునఃప్రారంభం అవసరమగు సేవలు మొదలగునవి. ముఖ్య పేటికలను పట్టించుకొనక పోవుటవలన డాటానష్టం జరుగదు అయితే ఆగ్రహాన్ని మరియు చికాకును కలిగిస్తాయి.
			</para>

		</important>
		 <warning>
			<para>
				హెచ్చరికలను పట్టించుకొనకుండా వుండకూడదు. హెచ్చరికలను పట్టించుకొనక పోవుటవలన డాటానష్టం సంభవిస్తుంది.
			</para>

		</warning>

	</section>

</section>


