<?xml version='1.0' encoding='utf-8' ?>
<!DOCTYPE section PUBLIC "-//OASIS//DTD DocBook XML V4.5//EN" "http://www.oasis-open.org/docbook/xml/4.5/docbookx.dtd" [
]>
<section>
	<title>మాకు మీ ప్రతిస్పందన అవసరం!</title>
	 <indexterm>
		<primary>ప్రతిస్పందన</primary>
		 <secondary>ఈ మాన్యువల్ కొరకు సంప్రదింపు సమాచారం</secondary>
	</indexterm>
	 <para>
		మీరు మీస్వంత స్థానిక Feedback.xml ఫైలును సృష్టించుట ద్వారా దీనిని ఓవర్‌రైడ్ చేయాలి.
	</para>
</section>


