<?xml version='1.0' encoding='utf-8' ?>
<!DOCTYPE section PUBLIC "-//OASIS//DTD DocBook XML V4.5//EN" "http://www.oasis-open.org/docbook/xml/4.5/docbookx.dtd" [
]>
<section>
	<title>اسناد کنوانسیون</title>
	 <para>
		این راهنما برای چندین پیمان نامه ها جهت برجسته کردن برخی واژگان خاص و عبارت ها برای جلب توجه بخش خاصی از اطلاعات به کار می رود
	</para>
	 <para>
		در نسخ کاغذی و پی‌دی‌اف این راهنما از نوع نوشتاری که از مجموعه ی <ulink url="https://fedorahosted.org/liberation-fonts/">Liberation Fonts</ulink> استفاده می کند. مجموعه ی قلم های لیبراسیون همچنین در نسخ اچ‌تی‌ام‌ال استفاده می شود اگر مجموعه در سیستم شما نصب شده باشند. اگر نه نوع نوشتارهای جایگزین استفاده می شوند. نکته: لینوکس ردهت اینترپرایز ۵ و بعدی قلم های لیبراسیون را به طور پیش فرض دارند.
	</para>
	 <section>
		<title>متون چاپی</title>
		 <para>
			چهار متن چاپی برای جلب توجه به عبارات و کلمات خاص استفاده می شود. این متون و موقعیت که آنها به کار می روند به شرح ذیل هستند.
		</para>
		 <para>
			<literal>پررنگ تک-فاصله ای</literal>
		</para>
		 <para>
			Used to highlight system input, including shell commands, file names and paths. Also used to highlight keys and key combinations. For example:
		</para>
		 <blockquote>
			<para>
				برای دیدن محتوای فایل <filename>my_next_bestselling_novel</filename> در شاخه کار کنونی خود دستور <command>cat my_next_bestselling_novel</command> را در شل وارد کرده سپس <keycap>Enter</keycap> را جهت اجرای آن فشار دهید.
			</para>

		</blockquote>
		 <para>
			The above includes a file name, a shell command and a key, all presented in mono-spaced bold and all distinguishable thanks to context.
		</para>
		 <para>
			Key combinations can be distinguished from an individual key by the plus sign that connects each part of a key combination. For example:
		</para>
		 <blockquote>
			<para>
				برای اجرای دستور <keycap>Enter</keycap> را فشار دهید
			</para>
			 <para>
				Press <keycombo><keycap>Ctrl</keycap><keycap>Alt</keycap><keycap>F2</keycap></keycombo> to switch to a virtual terminal.
			</para>

		</blockquote>
		 <para>
			The first example highlights a particular key to press. The second example highlights a key combination: a set of three keys pressed simultaneously.
		</para>
		 <para>
			اگر متن کد مورد بحث قرار گیرد، نام های کلاس، عملگرها، نامهای متغییر و ارزش های بازگشت داده شده که در یک پاراگراف ذکر شده اند مانند بالا نمایش داده می شوند. در <literal>mono-spaced bold</literal> مثلا:
		</para>
		 <blockquote>
			<para>
				کلاس های مرتبط به فایل شامل <classname>filesystem</classname> فایل های سیستم، <classname>file</classname> برای فایل ها و <classname>dir</classname> برای شاخه ها است. هر کلاس مجوزهای همراه با خود را دارد.
			</para>

		</blockquote>
		 <para>
			<application>متناسب پررنگ</application>
		</para>
		 <para>
			این کلمات و عبارات نشاندهنده در سیستم مواجه می شوند، شامل نام برنامه ها، متن جعبه محاوره، دکمه های برچسب دار، چک باکس و برچسب های رادیویی، عناوین منو ها و زیر منو ها می باشد. مثلا:
		</para>
		 <blockquote>
			<para>
				از منو اصلی <computeroutput>mono-spaced roman</computeroutput> برای اجرا <application>Mouse Preferences</application>را انتخاب کنید. در زبانه ی <guilabel>Buttons</guilabel> بر <guilabel>Left-handed mouse</guilabel> کلیک کرده <guibutton>Close</guibutton> برای تغییر دکمه اصلی از راست به چپ (درست کردن موشی برای چپ دستان)
			</para>
			 <para>
				To insert a special character into a <application>gedit</application> file, choose <menuchoice><guimenu>Applications</guimenu><guisubmenu>Accessories</guisubmenu><guimenuitem>Character Map</guimenuitem></menuchoice> from the main menu bar. Next, choose <menuchoice><guimenu>Search</guimenu><guimenuitem>Find…</guimenuitem></menuchoice> from the <application>Character Map</application> menu bar, type the name of the character in the <guilabel>Search</guilabel> field and click <guibutton>Next</guibutton>. The character you sought will be highlighted in the <guilabel>Character Table</guilabel>. Double-click this highlighted character to place it in the <guilabel>Text to copy</guilabel> field and then click the <guibutton>Copy</guibutton> button. Now switch back to your document and choose <menuchoice><guimenu>Edit</guimenu><guimenuitem>Paste</guimenuitem></menuchoice> from the <application>gedit</application> menu bar.
			</para>

		</blockquote>
		 <para>
			متن بالا شامل نام های برنامه، نام های ایتم های منو می باشد، نام های منوی برنامه، و دکمه های و متونی که در رابط گرافیکی یافت می شود می باشد. همه انها با متناسب پررنگ و برجسته در متن نمایش داده می شوند
		</para>
		 <para>
			<command><replaceable>تک-فاصله ای پرنگ خوابیده</replaceable></command> یا <application><replaceable>Proportional Bold</replaceable></application>
		</para>
		 <para>
			که آیا mono-spaced پررنگ یا proportional پرنگ، افزودن خوابیده نشانگر جایگزینی یا متن متغیر است. خوابیده های متنی را به شما نشان می دهد که شما عینا وارد کرده اید یا متنی را نشان می دهد که تغییرات به شرایط وابسته است. مثلا:
		</para>
		 <blockquote>
			<para>
				برای اتصال به دستگاه در دور دست از ssh استفاده کنید، در <command>ssh <replaceable>username</replaceable>@<replaceable>domain.name</replaceable></command> شل بنویسید. اگر دستگاه دور <filename>example.com</filename> است و نام کاربری شما در آن john است در شل <command>ssh john@example.com</command> را وارد کنید.
			</para>
			 <para>
				دستور <command>mount -o remount <replaceable>file-system</replaceable></command> فایل سیستم را باردیگر سوار می کند. مثلا برای سوار مجدد فایل سیستم <filename>/home</filename> دستور <filename>/home</filename> به کار می رود.
			</para>
			 <para>
				برای دیدن نسخه ی کنونی بسته ی نصب شده از دستور <command>rpm -q <replaceable>package</replaceable></command> استفاده کنید. آن نتایج مانند ذیل نشان می دهد: <command><replaceable>package-version-release</replaceable></command>
			</para>

		</blockquote>
		 <para>
			Note the words in bold italics above — username, domain.name, file-system, package, version and release. Each word is a placeholder, either for text you enter when issuing a command or for text displayed by the system.
		</para>
		 <para>
			جدا از استفاده برای نمایش عنوان کار، متون خوابیده نشان دهنده ی یک ایتم مهم و جدید است. مثلا:
		</para>
		 <blockquote>
			<para>
				پابلیکن یک <firstterm>DocBook</firstterm> سیستم انتشار است.
			</para>

		</blockquote>

	</section>
	
	 <section>
		<title>متن کنوانسیون</title>
		 <para>
			خروجی ترمینال و لیست کردن های کد منبع به صورت بصری از متون جدا می شوند
		</para>
		 <para>
			خروجی ارسال شده به ترمینال با <computeroutput>mono-spaced roman</computeroutput> تنظیم شده و سپس ارائه می شوند:
		</para>
		 
<screen>books        Desktop   documentation  drafts  mss    photos   stuff  svn
books_tests  Desktop1  downloads      images  notes  scripts  svgs</screen>
		 <para>
			لیست کردن های کد-منبع همچنین در <computeroutput>mono-spaced roman</computeroutput> موجود می باشند اما نحو پررنگ سازی مانند ذیل اضافه خواهد شد:
		</para>
		 <xi:include href="Program_Listing.xml" xmlns:xi="http://www.w3.org/2001/XInclude" />

	</section>
	
	 <section>
		<title>یادداشت ها و اخطارها</title>
		 <para>
			سرانجام، ما از سه روش بصری برای جلب توجه به اطلاعاتی که شاید نادیده گرفته شوند استفاده می شود.
		</para>
		 <note>
			<para>
				یادداشت ها نکته ها، میانبرها و رویکردهای جایگزین برای وظیفه می باشد. نادیده گرفتن یک یادداشت نه باید تنیجه ی منفی داشته باشد اما شاید باعث از دست رفتن روش ساده جهت انجام کار شما شود.
			</para>

		</note>
		 <important>
			<para>
				جعبه های جزییات مهم که به آسانی گم می شوند.: پیکره بندی فقط چیزهای نشست کنونی را تغییر می دهد یا خدماتی که نیاز به راه اندازی مججدا قبل از به روزرسانی دارند. نادیده گرفتن جعبه ای به برچسب مهم باعث از دست دادن اطلاعات نخواهد شد اما شاید باعث خرابی و سردرگمی شود.
			</para>

		</important>
		 <warning>
			<para>
				هشدارها نه باید نادیده گرفته شوند. نادیده گرفتن هشدارها شاید باعث از دست رفتن اطلاعات شود.
			</para>

		</warning>

	</section>

</section>


