<?xml version='1.0' encoding='utf-8' ?>
<!DOCTYPE section PUBLIC "-//OASIS//DTD DocBook XML V4.5//EN" "http://www.oasis-open.org/docbook/xml/4.5/docbookx.dtd" [
]>
<section>
	<title>ما به باز خوردهای شما نیاز داریم!</title>
	 <indexterm>
		<primary>feedback</primary>
		 <secondary>contact information for this manual</secondary>

	</indexterm>
	 <para>
		شما نه باید با ساختن فایل داخلی Feedback.xml باز نویسی کنید.
	</para>
</section>


