<?xml version='1.0' encoding='utf-8' ?>
<!DOCTYPE section PUBLIC "-//OASIS//DTD DocBook XML V4.5//EN" "http://www.oasis-open.org/docbook/xml/4.5/docbookx.dtd" [
]>
<section>
	<title>Dokumentkonvensjoner</title>
	 <para>
		Denne manualen bruker flere konvensjoner for å markere visse ord og fraser og for å dra oppmerksomheten til spesielle biter av informasjonen.
	</para>
	 <para>
		I PDF og papir versjoner, bruker denne manualen skriftbilder tatt i fra <ulink url="https://fedorahosted.org/liberation-fonts/">Liberation Fonts</ulink> settet. Liberation Fonts settet er også brukt i HTML versjonene, hvis settet er installert på ditt system. Hvis de ikke er det, så vil et alternativt men likt skriftbilde vises. NB: Red Hat Enterprise Linux 5 og nyere inkluderer Liberation Fonts settet som standard.
	</para>
	 <section>
		<title>Typografiske konvensjoner</title>
		 <para>
			Fire typografiske konvensjoner er brukt for å dra oppmerksomheten til spesielle ord og fraser. Disse konvensjonene, og omstendighetene de skal brukes i, er som følger.
		</para>
		 <para>
			<literal>Fastbredde Fet</literal>
		</para>
		 <para>
			Used to highlight system input, including shell commands, file names and paths. Also used to highlight keys and key combinations. For example:
		</para>
		 <blockquote>
			<para>
				For å se innholdet i filen <filename>Min_neste_bestselgende_roman</filename> i ditt nåværende arbeidsområde, skriv <command>cat min_neste_bestselgende_roman</command> kommandoen i terminalen og trykk <keycap>Enter</keycap> for å kjøre kommandoen.
			</para>

		</blockquote>
		 <para>
			The above includes a file name, a shell command and a key, all presented in mono-spaced bold and all distinguishable thanks to context.
		</para>
		 <para>
			Key combinations can be distinguished from an individual key by the plus sign that connects each part of a key combination. For example:
		</para>
		 <blockquote>
			<para>
				Trykk <keycap>Enter</keycap> for å kjøre kommandoen.
			</para>
			 <para>
				Press <keycombo><keycap>Ctrl</keycap><keycap>Alt</keycap><keycap>F2</keycap></keycombo> to switch to a virtual terminal.
			</para>

		</blockquote>
		 <para>
			The first example highlights a particular key to press. The second example highlights a key combination: a set of three keys pressed simultaneously.
		</para>
		 <para>
			Hvis kildekode er diskutert, klassenavn, metoder, funksjoner, variabelnavn og returnerte verdier nevnt i et avsnitt vil det bli presentert som ovenfor, i <literal>Fastbredde Fet</literal>. For eksempel:
		</para>
		 <blockquote>
			<para>
				Filrelaterte klasser inkluderer <classname>filsystem</classname> for filsystemer, <classname>fil</classname> for filer, og <classname>dir</classname> for mapper. Hver klasse har sitt eget sett med tillatelser assosiert med seg.
			</para>

		</blockquote>
		 <para>
			<application>Proposjonal Fet</application>
		</para>
		 <para>
			Dette betegner ord og fraser som kan møtes på i et system, inkludert programnavn; dialogbokstekst; knapper med etiketter; sjekkbokser og radioknapper; menytitler og undermenytitler. For eksempel:
		</para>
		 <blockquote>
			<para>
				Velg <menuchoice><guimenu>System</guimenu><guisubmenu>Brukervalg</guisubmenu><guimenuitem>Mus</guimenuitem></menuchoice> ifra hovedmenylinja for å starte <application>Brukervalg for Mus</application>. I fanen <guilabel>Generelt</guilabel>, trykk på <guilabel>Venstrehendt</guilabel> sjekkboksen og trykk <guibutton>Lukk</guibutton> for å skifte den primære museknappen fra høyre til venstre (som gjør musa bedre egnet for venstrehendte).
			</para>
			 <para>
				To insert a special character into a <application>gedit</application> file, choose <menuchoice><guimenu>Applications</guimenu><guisubmenu>Accessories</guisubmenu><guimenuitem>Character Map</guimenuitem></menuchoice> from the main menu bar. Next, choose <menuchoice><guimenu>Search</guimenu><guimenuitem>Find…</guimenuitem></menuchoice> from the <application>Character Map</application> menu bar, type the name of the character in the <guilabel>Search</guilabel> field and click <guibutton>Next</guibutton>. The character you sought will be highlighted in the <guilabel>Character Table</guilabel>. Double-click this highlighted character to place it in the <guilabel>Text to copy</guilabel> field and then click the <guibutton>Copy</guibutton> button. Now switch back to your document and choose <menuchoice><guimenu>Edit</guimenu><guimenuitem>Paste</guimenuitem></menuchoice> from the <application>gedit</application> menu bar.
			</para>

		</blockquote>
		 <para>
			Teksten ovenfor inkluderer programnavn; meny- og punktnavn som går igjennom hele systemet; programspesifikke menynavn; og knapper og tekster som man finner i et grafisk brukergrensesnitt (GUI) og alt er presentert i proporsjonal fet og skilt ut i konteksten.
		</para>
		 <para>
			<command><replaceable>Fastbredde Fet Kursiv</replaceable></command> eller <application><replaceable>Proporsjonal Fet Kursiv</replaceable></application>
		</para>
		 <para>
			Uansett om det er Fastbredde fet kursiv eller proporsjonal fet, legger du på kursiv indikerer at det er utskiftbar eller variabel tekst. Kursiv viser tekst som du ikke skriver inn direkte eller viser tekst som forandrer seg etter omstendighetene. For eksempel:
		</para>
		 <blockquote>
			<para>
				For å koble til en fjernmaskin ved hjelp av ssh, skriv <command>ssh<replaceable>brukernavn</replaceable>@<replaceable>domenenavn</replaceable></command> i terminalvinduet. Hvis fjernmaskinen er <filename>eksempel.com</filename> og ditt brukernavn på den maskinen er ola, skriv <command>ssh ola@eksempel.com</command>
			</para>
			 <para>
				<command>mount -o remount <replaceable>filsystem</replaceable></command> kommandoen igjenmonterer det navngitte filsystemet. For eksempel for å igjenmontere <filename>/home</filename> filsystemet, er kommandoen <command>mount -o remount /home</command>.
			</para>
			 <para>
				For å se hvilken versjon en installert pakke er i, bruk <command>rpm -q <replaceable>pakke</replaceable></command> kommandoen. Den vil returnere et resultat likt dette: <command><replaceable>package-version-release</replaceable></command>.
			</para>

		</blockquote>
		 <para>
			Note the words in bold italics above — username, domain.name, file-system, package, version and release. Each word is a placeholder, either for text you enter when issuing a command or for text displayed by the system.
		</para>
		 <para>
			Bortsett fra standard bruken for å presentere tittelen til et arbeid, markerer kursiv den første bruken i en viktig term. For eksempel:
		</para>
		 <blockquote>
			<para>
				Publican er et <firstterm>DocBook</firstterm> publiseringssystem.
			</para>

		</blockquote>

	</section>
	
	 <section>
		<title>Blikkfangersitatkonvensjoner</title>
		 <para>
			Utdata fra terminal og listeføring over kildekode er satt ut visuelt i fra den omliggende teksten.
		</para>
		 <para>
			Utdata sendt til en terminal er vist i <computeroutput>fastbredde roman</computeroutput> og presentert slik:
		</para>
		 
<screen>bøker        Skrivebord   Dokumentasjon  utkast  manuskript     foto    ting  svn
bøker_testes  Skrivebord1  nedlastinger       bilder  notater  skrifter  svger</screen>
		 <para>
			Oppført kildekode er også vist i <computeroutput>fastbredde roman</computeroutput> men legg til syntaksmarkering som følgende:
		</para>
		 <xi:include href="Program_Listing.xml" xmlns:xi="http://www.w3.org/2001/XInclude" />

	</section>
	
	 <section>
		<title>Notater og advarsler</title>
		 <para>
			Til slutt, vi bruker tre visuelle metoder for å dra oppmerksomheten til informasjon som kanskje hadde blitt oversett ellers.
		</para>
		 <note>
			<para>
				En notat er et tips, en snarvei eller en alternativ innfallsvinkel til en forestående oppgave. Å ignorere en notat skal ikke ha noen negative konsekvenser, men du går kanskje glipp av et triks som ville gjort livet ditt enklere.
			</para>

		</note>
		 <important>
			<para>
				Viktige bokser beskriver i detalj ting som er lett å overse: Forandringer i konfigureringen som kun gjelder i den nåværende sesjonen, eller tjenester som trenger en omstart før oppdateringen vil tre i kraft. Å ignorere bokser markert som viktig vil ikke føre til tap av data, men kan skape irritasjon og frustrasjon.
			</para>

		</important>
		 <warning>
			<para>
				Advarsler burde ikke ble ignorert. Å ignorere advarsler vil mest sannsynlig føre til tap av data.
			</para>

		</warning>

	</section>

</section>


