<?xml version='1.0' encoding='utf-8' ?>
<!DOCTYPE section PUBLIC "-//OASIS//DTD DocBook XML V4.5//EN" "http://www.oasis-open.org/docbook/xml/4.5/docbookx.dtd" [
]>
<section>
	<title>তথ্যচিত্ৰৰ বিধিসমূহ</title>
	 <para>
		এই হাতপুথিয়ে কিছু শব্দ আৰু খণ্ডবাক্য আৰু তথ্যৰ কিছুমান বিশেষ অংশক উজ্জ্বল কৰিবলৈ বহুতো বিধি ব্যৱহাৰ কৰে।
	</para>
	 <para>
		PDF আৰু কাগজৰ সংস্কৰণত, এই হাতপুথিয়ে <ulink url="https://fedorahosted.org/liberation-fonts/">Liberation Fonts</ulink> সংহতিৰ পৰা আঁকি থোৱা typeface সমূহ ব্যৱহাৰ কৰে। আপোনাৰ চিস্টেমত ইনস্টল্ড হলে Liberation Fonts ৰ গোটক HTML সংস্কৰণত ব্যৱহাৰ কৰা হয়। নহলে, বৈকল্পিক বা একে ধৰণৰ typeface সমূহক প্ৰদৰ্শন কৰা হয়। মন কৰিব: Red Hat Enterprise Linux 5 আৰু তাৰ পিছৰ সংস্কৰণে অবিকল্পিত ভাবে Liberation Fonts ৰ গোট ব্যৱহাৰ কৰে।
	</para>
	 <section>
		<title>অক্ষৰমূদ্ৰণশালৰ বিধি</title>
		 <para>
			নিৰ্দিষ্ট শব্দ আৰু খণ্ডবাক্যলৈ আকৰ্ষণ কৰিবলৈ চাৰিটা অক্ষৰমূদ্ৰণশালৰ বিধি ব্যৱহাৰ কৰা হয়। এই বিধি, আৰু সিহঁতক প্ৰয়োগ কৰাৰ পৰিস্থিতি, এনে ধৰণৰ।
		</para>
		 <para>
			<literal>Mono-spaced Bold</literal>
		</para>
		 <para>
			চিস্টেম ইনপুট উজ্জ্বল কৰিবলে ব্যৱহাৰ কৰা হয়, শ্বেল কমান্ডসমূহ, ফাইল নামসমূহ আৰু পথসমূহ অন্তৰভুক্ত কৰাকৈ। কি' আৰু কি' সংযুক্তিসমূহ উজ্জ্বল কৰাৰ বাবেও ব্যৱহাৰ কৰা হয়। উদাহৰণস্বৰূপ:
		</para>
		 <blockquote>
			<para>
				আপোনাৰ বৰ্ত্তমানৰ ডাইৰেকটৰিত<filename>my_next_bestselling_novel</filename> ৰ সমল চাবলৈ, শ্বেল প্ৰ'মপ্টত <command>cat my_next_bestselling_novel</command> লিখক আৰু কমান্ড চলাবলৈ <keycap>Enter</keycap> টিপক।
			</para>

		</blockquote>
		 <para>
			উপৰক্তত এটা ফাইল নাম, এটা শ্বেল কমান্ড আৰু এটা কি' অন্তৰ্ভুক্ত আছে, সকলো mono-spaced bold ত পৰিৱেশন কৰা আৰু সকলোকে পৃথক কৰিব পাৰি, ধন্যবাদ পৰিপ্ৰেক্ষতিতলৈ।
		</para>
		 <para>
			কি' সংযুক্তিসমূহ এটা সূকীয়া কি'ৰ পৰা যোগ চিহ্ন দ্বাৰা পৃথক কৰিব পাৰি যি এটা কি' সংযুক্তিৰ প্ৰতিটো অংশ সংযোগ কৰে।
		</para>
		 <blockquote>
			<para>
				কমান্ড চলাবলৈ <keycap>Enter</keycap> টিপক।
			</para>
			 <para>
				এটা ভাৰচুৱেল টাৰ্মিনেললৈ যাবলে <keycombo><keycap>Ctrl</keycap><keycap>Alt</keycap><keycap>F2</keycap></keycombo> টিপক।
			</para>

		</blockquote>
		 <para>
			প্ৰথম উদাহৰণে টিপিবলে এটা বিশেষ কি' উজ্জ্বল কৰে। দ্বিতীয় সংযুক্তিয়ে এটা কি' সংযুক্তি উজ্জ্বল কৰ: একে সময়তে টিপা তিনিটা কি'ৰ এটা সংহতি।
		</para>
		 <para>
			উৎসৰ ক'ডৰ কথা আলোচনা কৰিলে, এটা দফাত থকা ক্লাচ নামসমূহ, পদ্ধতিসমূহ, ফলনসমূহ, চলক নামসমূহ আৰু ঘুৰাই দিয়া মানসমূহ ওপৰৰ ধৰণে দেখুওৱা হ'ব, <literal>mono-spaced bold</literal> ত। যেনে:
		</para>
		 <blockquote>
			<para>
				ফাইল-সম্বন্ধীয় classes ত<classname>filesystem</classname> ফাইলচিস্টেম ৰ বাবে, <classname>file</classname> ফাইলৰ বাবে, আৰু <classname>dir</classname> ডাইৰেকটৰিৰ বাবে। প্ৰত্যেক class ৰ নিজৰ আজ্ঞাৰ গোট থাকে।
			</para>

		</blockquote>
		 <para>
			<application>Proportional Bold</application>
		</para>
		 <para>
			এটা চিস্টেমত থকা শব্দ আৰু খণ্ডবাক্যৰ কথা কয়, আৰু তাত এপ্লিকেচনৰ নাম;ডাইলগ বাকচৰ লিখনী; লেবেল থকা বুটাম; ছেক বাকচ আৰু ৰেডিঅ' বুটামৰ লেবেল;মেনুৰ শিৰোনাম আৰু উপ-মেনুৰ শিৰোনাম থাকে। যেনে:
		</para>
		 <blockquote>
			<para>
				মূখ্য তালিকাৰ বাৰৰ পৰা <menuchoice><guimenu>চিস্টেম </guimenu><guisubmenu> পছন্দ </guisubmenu><guimenuitem>মাউছ</guimenuitem></menuchoice> নিৰ্ব্বাচন কৰক <application>মাউছৰ পছন্দ</application> আৰম্ভ কৰিবলৈ। <guilabel>বুটাম</guilabel> টেবত, <guilabel>বাওঁ-হতীয়া মাউছ</guilabel> ছেক বাকচ টিপক আৰু <guibutton>বন্ধ কৰক</guibutton> টিপক মূখ্য মাউছ বুটামক বাওঁৰ পৰা সোঁ-ফাললৈ সলনি কৰিবলৈ (বাওঁ হাতেৰে মাউছৰ ব্যৱহাৰ কৰা সুবিধা জনক কৰিবলৈ)।
			</para>
			 <para>
				এটা <application>gedit</application> ফাইলত এটা বিশেষ আখৰ সুমুৱাবলে, মূখ্য মেনু বাৰৰ পৰা <menuchoice><guimenu>এপ্লিকেচন</guimenu><guisubmenu>আনুসঙ্গিক</guisubmenu><guimenuitem>আখৰ মেপ</guimenuitem></menuchoice> বাছক। তাৰ পিছত, <application>আখৰ মেপ</application> মেনু বাৰৰ পৰা <menuchoice><guimenu>সন্ধান</guimenu><guimenuitem>সন্ধান কৰক…</guimenuitem></menuchoice> বাছক, <guilabel>সন্ধান</guilabel> ক্ষেত্ৰত আখৰৰ নাম টাইপ কৰক আৰু <guibutton>পৰৱৰ্তী</guibutton> ক্লিক কৰক। আপুনি বিচৰা আখৰ <guilabel>আখৰ টেবুল</guilabel> ত উজ্জ্বল কৰা হব। এই উজ্জ্বল আখৰক <guilabel>কপি কৰিবলে লিখনী</guilabel> ত স্থাপন কৰিবলে দুবাৰ-ক্লিক কৰক আৰু তাৰ পিছত <guibutton>কপি কৰক</guibutton> বুটাম ক্লিক কৰক। এতিয়া আপোনাৰ দস্তাবেজত উভতি যাওক আৰু <application>gedit</application> মেনু বাৰৰ পৰা <menuchoice><guimenu>সম্পাদন</guimenu><guimenuitem>পেইস্ট কৰক</guimenuitem></menuchoice> বাছক।
			</para>

		</blockquote>
		 <para>
			ওপৰৰ লিখনীত এপ্লিকেচনৰ নাম; চিস্টেমৰ ব্যাপকতালিকাৰ নাম আৰু বস্তু ; এপ্লিকেচন বিশেষ তালিকাৰ নাম; আৰু বুটাম আৰু এটা GUI আন্তঃপৃষ্ঠত থকা লিখনী আছে, সকলোকে proportional bold ত দেখুওৱা হৈছে আৰু সকলোকে সন্দৰ্ভৰ মতে পৃথক কৰিব পাৰি।
		</para>
		 <para>
			<command><replaceable>Mono-spaced Bold Italic</replaceable></command> বা <application><replaceable>Proportional Bold Italic</replaceable></application>
		</para>
		 <para>
			mono-spaced bold বা proportional bold এই হওক, ইটালিক্স যোগ কৰিলে সলনি কৰিব পৰা বা বিভিন্ন মান থকা লিখনী বুজায়। ইটালিক্স আপুনি ইনপুট নকৰা লিখনী বুজায় বা পৰিস্থিতিৰ মতে সলনি হোৱা লিখনী বুজায়। যেনে:
		</para>
		 <blockquote>
			<para>
				দূৰৰ মেচিনত ssh ব্যৱহাৰ কৰি সংযোগ কৰিবলৈ, শ্বেল প্ৰমপ্টত <command>ssh <replaceable>username</replaceable>@<replaceable>domain.name</replaceable></command> লিখক। দূৰৰ মেচিন <filename>example.com</filename> হলে আৰু তাত আপোনাৰ ব্যৱহাৰকাৰীৰ নাম john হলে , <command>ssh john@example.com</command> লিখক।
			</para>
			 <para>
				<command>mount -o remount <replaceable>file-system</replaceable></command> কমান্ডে নাম দিয়া ফাইলচিস্টেম পুনঃ মাউন্ট কৰে। যেনে, <filename>/home</filename> ফাইলচিস্টেম পুনঃ মাউন্ট কৰিবলৈ, কমান্ড হ'ল <command>mount -o remount /home</command>।
			</para>
			 <para>
				বৰ্ত্তমানে ইনস্টল্ড পেকেইজৰ সংস্কৰণ চাবলৈ, <command>rpm -q <replaceable>package</replaceable></command> কমান্ড ব্যৱহাৰ কৰক। ইয়াৰ ফলাফল এনেধৰণৰ হ'ব: <command><replaceable>package-version-release</replaceable></command>।
			</para>

		</blockquote>
		 <para>
			ওপৰত ডাঠ ইটালিকত থকা শব্দসমূহ মন কৰিব — ব্যৱহাৰকাৰীনাম, domain.name, ফাইল-চিস্টেম, পেকেইজ, সংস্কৰণ আৰু উন্মোচন। প্ৰতিটো শব্দ এটা প্লেইচহল্ডাৰ, এটা কমান্ড চলাওতে আপুনি সুমুৱা লিখনীৰ বাবে অথবা চিস্টেম দ্বাৰা প্ৰদৰ্শন কৰা লিখনীৰ বাবে।
		</para>
		 <para>
			কোনো কাৰ্য্যৰ নাম প্ৰদৰ্শন কৰাৰ ওপৰিও, ইটালিক্সে এটা নতুন আৰু গুৰুত্বপূৰ্ণ শব্দৰ প্ৰথম ব্যৱহাৰো বুজায়। যেনে:
		</para>
		 <blockquote>
			<para>
				Publican এটা <firstterm>DocBook</firstterm> প্ৰকাশনৰ চিস্টেম।
			</para>

		</blockquote>

	</section>
	
	 <section>
		<title>Pull-quote বিধি</title>
		 <para>
			টাৰ্মিনেলৰ আউটপুট আৰু উৎসৰ ক'ডৰ তালিকা ওচৰৰ লিখনীৰ পৰা প্ৰত্যক্ষ ভাবে আঁতৰুৱা হয়।
		</para>
		 <para>
			এটা টাৰ্মিনেললৈ আগবঢ়োৱা আউটপুট <computeroutput>mono-spaced roman</computeroutput> ত নিৰ্ধাৰিত কৰা হয় আৰু এনেধৰণে দেখুওৱা হয়:
		</para>
		 
<screen>books        Desktop   documentation  drafts  mss    photos   stuff  svn
books_tests  Desktop1  downloads      images  notes  scripts  svgs</screen>
		 <para>
			উৎস-ক'ডৰ তালিকাও <computeroutput>mono-spaced roman</computeroutput> ত নিৰ্ধাৰিত কৰা হয় কিন্তু এনে ধৰণে দেখুৱা আৰু উজ্জ্বল কৰা হয়:
		</para>
		 <xi:include href="Program_Listing.xml" xmlns:xi="http://www.w3.org/2001/XInclude" />

	</section>
	
	 <section>
		<title>টোকা আৰু সঁকিয়নী</title>
		 <para>
			অৱশেষত, সাধাৰণতে আওকাণ কৰা তথ্যলৈ আকৰ্ষিত কৰিবলৈ আমি তিনিটা প্ৰদৰ্শনৰ ধৰণ ব্যৱহাৰ কৰোঁ।
		</para>
		 <note>
			<para>
				সঙ্কেত, চমু পথ বা কাম সম্পূৰ্ণ এটা বৈকল্পিক প্ৰৱেশ হৈছে এটা টোকা। এটা টোকা আওকাণ কৰিলে কোনো ক্ষতি হ'ব নালাগে, কিন্তু আপোনাৰ জীৱন সহজ কৰা এটা কায়দা আপুনি এৰি যাব পাৰে।
			</para>

		</note>
		 <important>
			<para>
				গুৰুত্বপূৰ্ণ বাকচত সহজে এৰি যোৱা বস্তুৰ বিৱৰণ থাকে: অকল বৰ্ত্তমানৰ অধিবেশনত প্ৰভাৱ পেলোৱা বিন্যাসৰ সাল সলনি, বা এটা উন্নয়নৰ প্ৰভাৱ পেলোৱাৰ পূৰ্বে পুনৰাৰম্ভ কৰিব লগা সেৱাসমূহ। 'গুৰুত্বপূৰ্ণ' লেবেল কৰা বাকচক আওকাণ কৰিলে তথ্য নেহেৰায় কিন্তু আপুনি পিছত বিৰক্ত আৰু নিৰুৎসাহ হ'ব পাৰে।
			</para>

		</important>
		 <warning>
			<para>
				সতৰ্কবাণীক আওকাণ কৰিব নালাগে। সতৰ্কবাণী আওকাণ কৰিলে অতি সম্ভৱ তথ্য হেৰুৱাব পাৰে।
			</para>

		</warning>

	</section>

</section>


