<?xml version='1.0' encoding='utf-8' ?>
<!DOCTYPE section PUBLIC "-//OASIS//DTD DocBook XML V4.5//EN" "http://www.oasis-open.org/docbook/xml/4.5/docbookx.dtd" [
]>
<section>
	<title>আমাক সহাঁৰিৰ প্ৰয়োজন!</title>
	 <indexterm>
		<primary>সহাঁৰি</primary>
		 <secondary>এই হাতপুথিৰ বাবে যোগাযোগৰ তথ্য</secondary>
	</indexterm>
	 <para>
		আপুনি ইয়াক আপোনাৰ নিজৰ স্থানীয় Feedback.xml ফাইল সৃষ্টি কৰি অভাৰৰাইড কৰিব লাগে।
	</para>
</section>


