<?xml version='1.0' encoding='utf-8' ?>
<!DOCTYPE section PUBLIC "-//OASIS//DTD DocBook XML V4.5//EN" "http://www.oasis-open.org/docbook/xml/4.5/docbookx.dtd" [
]>
<section>
	<title>Framsetning skjalsins</title>
	 <para>
		Þessi handbók styðst við nokkrar venjur við framsetningu á ákveðnum gerðum texta til að gefa áherslur og að draga athyglina að sérstökum gerðum upplýsinga.
	</para>
	 <para>
		Í PDF og pappírsútgáfum notar handbókin leturgerðir sem koma úr seríunni <ulink url="https://fedorahosted.org/liberation-fonts/">Liberation Fonts</ulink>. Leturfjölskyldan Liberation er einnig notuð í HTML vefútgáfum ef letrið er uppsett á kerfinu. Ef svo er ekki, þá er reynt að nota aðrar sambærilegar leturgerðir sem finnast. Athugið: Red Hat Enterprise Linux 5 og síðari dreifingar eru sjálfgefið með Liberation letrið uppsett.
	</para>
	 <section>
		<title>Venjur við framsetningu</title>
		 <para>
			Fjórar gerðir framsetningar eru notaðar til að draga athyglina að ákveðnum gerðum texta. Þessar gerðir, og aðstæðurnar sem þær eru notaðar við, er lýst hér á eftir.
		</para>
		 <para>
			<literal>Mono-spaced Bold</literal>
		</para>
		 <para>
			Used to highlight system input, including shell commands, file names and paths. Also used to highlight keys and key combinations. For example:
		</para>
		 <blockquote>
			<para>
				Til að skoða innihald skrárinnar <filename>næsti_bestsellerinn_minn.txt</filename> sem er í möppunni þar sem þú ert staddur, skrifaðu þá <command>cat næsti_bestsellerinn_minn.txt</command> skipunina á skipanalínu og ýttu síðan á <keycap>Enter</keycap> til að framkvæma skipunina.
			</para>

		</blockquote>
		 <para>
			The above includes a file name, a shell command and a key, all presented in mono-spaced bold and all distinguishable thanks to context.
		</para>
		 <para>
			Key combinations can be distinguished from an individual key by the plus sign that connects each part of a key combination. For example:
		</para>
		 <blockquote>
			<para>
				Ýttu á <keycap>Enter</keycap> til að framkvæma skipunina.
			</para>
			 <para>
				Press <keycombo><keycap>Ctrl</keycap><keycap>Alt</keycap><keycap>F2</keycap></keycombo> to switch to a virtual terminal.
			</para>

		</blockquote>
		 <para>
			The first example highlights a particular key to press. The second example highlights a key combination: a set of three keys pressed simultaneously.
		</para>
		 <para>
			If source code is discussed, class names, methods, functions, variable names and returned values mentioned within a paragraph will be presented as above, in <literal>mono-spaced bold</literal>. For example:
		</para>
		 <blockquote>
			<para>
				Með skráatengdum klössum (classes) má telja <classname>filesystem</classname> fyrir skráakerfi, <classname>file</classname> fyrir skrár, og <classname>dir</classname> fyrir möppur. Hver klassi á sér sitt tilgreinda sett af heimildum.
			</para>

		</blockquote>
		 <para>
			<application>Proportional Bold</application>
		</para>
		 <para>
			This denotes words or phrases encountered on a system, including application names; dialog box text; labeled buttons; check-box and radio button labels; menu titles and sub-menu titles. For example:
		</para>
		 <blockquote>
			<para>
				Choose <menuchoice><guimenu>System</guimenu><guisubmenu>Preferences</guisubmenu><guimenuitem>Mouse</guimenuitem></menuchoice> from the main menu bar to launch <application>Mouse Preferences</application>. In the <guilabel>Buttons</guilabel> tab, click the <guilabel>Left-handed mouse</guilabel> check box and click <guibutton>Close</guibutton> to switch the primary mouse button from the left to the right (making the mouse suitable for use in the left hand).
			</para>
			 <para>
				To insert a special character into a <application>gedit</application> file, choose <menuchoice><guimenu>Applications</guimenu><guisubmenu>Accessories</guisubmenu><guimenuitem>Character Map</guimenuitem></menuchoice> from the main menu bar. Next, choose <menuchoice><guimenu>Search</guimenu><guimenuitem>Find…</guimenuitem></menuchoice> from the <application>Character Map</application> menu bar, type the name of the character in the <guilabel>Search</guilabel> field and click <guibutton>Next</guibutton>. The character you sought will be highlighted in the <guilabel>Character Table</guilabel>. Double-click this highlighted character to place it in the <guilabel>Text to copy</guilabel> field and then click the <guibutton>Copy</guibutton> button. Now switch back to your document and choose <menuchoice><guimenu>Edit</guimenu><guimenuitem>Paste</guimenuitem></menuchoice> from the <application>gedit</application> menu bar.
			</para>

		</blockquote>
		 <para>
			The above text includes application names; system-wide menu names and items; application-specific menu names; and buttons and text found within a GUI interface, all presented in proportional bold and all distinguishable by context.
		</para>
		 <para>
			<command><replaceable>Jafnbreitt feitt skáletur</replaceable></command> eða <application><replaceable>hlutfallsbreitt feitt skáletur</replaceable></application>
		</para>
		 <para>
			Whether mono-spaced bold or proportional bold, the addition of italics indicates replaceable or variable text. Italics denotes text you do not input literally or displayed text that changes depending on circumstance. For example:
		</para>
		 <blockquote>
			<para>
				Til að tengjast fjarlægri tölvu með ssh, sláðu inn <command>ssh <replaceable>notandanafn</replaceable>@<replaceable>heiti.léns</replaceable></command> á skipanalínu. Ef fjarlæga vélin heitir <filename>tildaemis.is</filename> og notandanafn þitt á þeirri vél er nonni, sláðu þá inn <command>ssh nonni@tildaemis.is</command>.
			</para>
			 <para>
				Skipunin <command>mount -o remount <replaceable>skráakerfi</replaceable></command> endurtengir tilgreint skráakerfi. Sem dæmi, til að endurtengja <filename>/home</filename> skráakerfið, þá er skipunin <command>mount -o remount /home</command>.
			</para>
			 <para>
				Til að sjá hvaða útgáfu þú ert með af uppsettum pakka, notaðu skipunina <command>rpm -q <replaceable>forritspakki</replaceable></command>. Þetta mun birta niðurstöðu á eftirfarandi sniði: <command><replaceable>forritspakki-útgáfa-uppfærsla</replaceable></command>.
			</para>

		</blockquote>
		 <para>
			Note the words in bold italics above — username, domain.name, file-system, package, version and release. Each word is a placeholder, either for text you enter when issuing a command or for text displayed by the system.
		</para>
		 <para>
			Fyrir utan að standa fyrir heiti á verkefni þá er skáletrun notuð til að undirstrika mikilvægi nýrra og mikilvægra skilgreininga. Til dæmis:
		</para>
		 <blockquote>
			<para>
				Publican is a <firstterm>DocBook</firstterm> publishing system.
			</para>

		</blockquote>

	</section>
	
	 <section>
		<title>Framsetning tilvitnana</title>
		 <para>
			Terminal output and source code listings are set off visually from the surrounding text.
		</para>
		 <para>
			Output sent to a terminal is set in <computeroutput>mono-spaced roman</computeroutput> and presented thus:
		</para>
		 
<screen>bækur        Desktop   drasl  myndir    skriftur  uppkast    tilraunir
bækur_prufa  Desktop1  mss    niðurhal  svn       vinnugogn  is.svg</screen>
		 <para>
			Source-code listings are also set in <computeroutput>mono-spaced roman</computeroutput> but add syntax highlighting as follows:
		</para>
		 <xi:include href="Program_Listing.xml" xmlns:xi="http://www.w3.org/2001/XInclude" />

	</section>
	
	 <section>
		<title>Athugasemdir og viðvaranir</title>
		 <para>
			Að lokum eru hér sýndar þrjár mismunandi gerðir sjónrænna merkinga sem við notum til að draga athyglina að upplýsingum sem annars gætu farið framhjá fólki.
		</para>
		 <note>
			<para>
				Notes are tips, shortcuts or alternative approaches to the task at hand. Ignoring a note should have no negative consequences, but you might miss out on a trick that makes your life easier.
			</para>

		</note>
		 <important>
			<para>
				Important boxes detail things that are easily missed: configuration changes that only apply to the current session, or services that need restarting before an update will apply. Ignoring a box labeled 'Important' will not cause data loss but may cause irritation and frustration.
			</para>

		</important>
		 <warning>
			<para>
				Warnings should not be ignored. Ignoring warnings will most likely cause data loss.
			</para>

		</warning>

	</section>

</section>


