<?xml version='1.0' encoding='utf-8' ?>
<!DOCTYPE section PUBLIC "-//OASIS//DTD DocBook XML V4.5//EN" "http://www.oasis-open.org/docbook/xml/4.5/docbookx.dtd" [
]>
<section>
	<title>ਦਸਤਾਵੇਜ਼ ਸ਼ਰਤਾਂ</title>
	 <para>
		ਇਹ ਦਸਤਾਵੇਜ਼ ਕੁਝ ਸ਼ਬਦਾਂ ਅਤੇ ਪੈਰ੍ਹਿਆਂ ਨੂੰ ਹਾਈਲਾਈਟ ਕਰਨ ਲਈ ਕਈ ਕੰਨਵੈਂਸ਼ਮਨਜ਼ ਵਰਤਦਾ ਹੈ ਅਤੇ ਖਾਸ ਜਾਣਕਾਰੀ ਵੇਖਾਉਂਦਾ ਹੈ।
	</para>
	 <para>
		PDF ਅਤੇ ਪੇਪਰ ਐਡੀਸ਼ਨ ਵਿੱਚ, ਇਹ ਦਸਤਾਵੇਜ਼ ਟਾਈਪਫੇਸ ਵਰਤਦਾ ਹੈ ਜੋ <ulink url="https://fedorahosted.org/liberation-fonts/">Liberation Fonts</ulink> ਸੈੱਟ ਤੋਂ ਲਏ ਗਏ ਹਨ। ਲਿਬਰੇਸ਼ਂ ਫੌਂਟ ਸੈੱਟ ਨੂੰ HTML ਐਡੀਸ਼ਨਾਂ ਵਿੱਚ ਵੀ ਵਰਤਿਆ ਜਾਂਦਾ ਹੈ ਜੇ ਸੈੱਟ ਤੁਹਾਡੇ ਸਿਸਟਮ ਤੇ ਇੰਸਟਾਲ ਕੀਤਾ ਹੈ। ਜੇ ਨਹੀਂ, ਮਿਲਦੇ-ਜੁਲਦੇ ਟਾਈਪਫੇਸ ਵੇਖਾਏ ਜਾਂਦੇ ਹਨ। ਸੂਚਨਾ: Red Hat Enterprise Linux 5 ਅਤੇ ਬਾਅਦ ਵਾਲਿਆਂ ਵਿੱਚ ਮੂਲ ਹੀ ਲਿਬਰੇਸ਼ਨ ਫੌਂਟ ਸ਼ਾਮਿਲ ਹੁੰਦੇ ਹਨ।
	</para>
	 <section>
		<title>ਟਾਈਪੋਗਰਾਫਿਕ ਕੰਨਵੈਂਸ਼ਨਜ਼</title>
		 <para>
			ਚਾਰ ਟਾਈਪੋਗਰਾਫਿਕ ਕੰਨਵੈਂਸ਼ਨਜ਼ ਖਾਸ ਸ਼ਬਦ ਅਤੇ ਪੈਰ੍ਹੇ ਨੂੰ ਵੇਖਾਉਣ ਲਈ ਵਰਤੀਆਂ ਜਾਂਦੀਆਂ ਹਨ। ਇਹ ਕੰਨਵੈਂਸ਼ਨਾਂ, ਅਤੇ ਹਾਲਤਾਂ ਜਿਨਾਂ ਵਿੱਚ ਇਹ ਲਾਗੂ ਹੁੰਦੀਆਂ ਹਨ, ਇਸ ਤਰਾਂ ਹਨ।
		</para>
		 <para>
			<literal>ਮੋਨੋ-ਸਪੇਸ ਬੋਲਡ</literal>
		</para>
		 <para>
			ਸਿਸਟਮ ਇੰਪੁੱਟ, ਜਿਵੇਂ ਸ਼ੈੱਲ ਕਮਾਂਡਾਂ, ਫਾਇਲ ਨਾਂ ਅਤੇ ਟਿਕਾਣੇ ਆਦਿ ਨੂੰ ਵੇਖਾਉਣ ਲਈ ਵਰਤੀ ਜਾਂਦੀ ਹੈ। ਕੀਕੈਪਸ ਅਤੇ ਕੀ-ਸੰਜੋਗ ਵੇਖਾਉਣ ਲਈ ਵੀ ਵਰਤੀ ਜਾਂਦੀ ਹੈ। ਉਦਾਹਰਨ ਲਈ:
		</para>
		 <blockquote>
			<para>
				ਤੁਹਾਡੀ ਮੌਜੂਦਾ ਵਰਕਿੰਗ ਡਾਇਰੈਕਟਰੀ ਵਿੱਚ <filename>my_next_bestselling_novel</filename> ਫਾਇਲ ਦੇ ਸੰਖੇਪ ਵੇਖਣ ਲਈ, ਸ਼ੈੱਲ ਪਰੌਂਪਟ ਤੇ <command>cat my_next_bestselling_novel</command> ਦਿਓ ਅਤੇ ਕਮਾਂਡ ਚਲਾਉਣ ਲਈ <keycap>Enter</keycap> ਦਬਾਓ।
			</para>

		</blockquote>
		 <para>
			ਉੱਪਰ ਫਾਇਲ ਨਾਂ, ਇੱਕ ਸ਼ੈੱਲ ਕਮਾਂਡ ਅਤੇ ਕੀਕੈਪ ਦਿੱਤੇ ਗਏ ਹਨ, ਸਭ ਮੋਨੋ-ਸਪੇਸ ਬੋਲਡ ਵਿੱਚ ਦਿੱਤੇ ਗਏ ਹਨ ਅਤੇ ਸਭ ਪ੍ਰਸੰਗ ਸਾਹਿਤ ਦਿੱਤੇ ਹਨ।
		</para>
		 <para>
			ਬਟਨ ਕੰਬੀਨੇਸ਼ਨ ਹਰੇਕ ਬਟਨ ਤੇ ਚਿੰਨ੍ਹ ਤੋਂ ਵੱਕਰਾ ਹੋ ਸਕਦਾ ਹੈ ਜੋ ਬਟਨ ਕੰਬੀਨੇਸ਼ਨ ਦੇ ਹਰੇਕ ਭਾਗ ਨੂੰ ਜੋੜਦਾ ਹੈ। ਉਦਾਹਰਨ ਲਈ:
		</para>
		 <blockquote>
			<para>
				ਕਮਾਂਡ ਚਲਾਉਣ ਲਈ <keycap>Enter</keycap> ਦਬਾਓ।
			</para>
			 <para>
				ਵਰਚੁਅਲ ਟਰਮੀਨਲ ਤੇ ਜਾਣ ਲਈ <keycombo><keycap>Ctrl</keycap><keycap>Alt</keycap><keycap>F2</keycap></keycombo> ਦਬਾਓ।
			</para>

		</blockquote>
		 <para>
			ਪਹਿਲਾ ਪੈਰ੍ਹਾ ਖਾਸ ਕੀਕੈਪ ਨੂੰ ਵੇਖਾਉਂਦਾ ਹੈ ਜੋ ਦਬਾਉਣਾ ਹੈ। ਦੂਜਾ ਦੋ ਕੁੰਜੀ ਸੰਜੋਗਾਂ ਨੂੰ ਵੇਖਾਉਂਦਾ ਹੈ (ਹਰੇਕ ਤਿੰਨ ਕੀਕੈਪਾਂ ਦਾ ਸੈੱਟ ਹੈ ਜੋ ਇੱਕੋ ਸਮੇਂ ਦਬਾਉਣੀਆਂ ਹਨ)।
		</para>
		 <para>
			ਜੇ ਸੋਰਸ ਕੋਡ ਦਿੱਤਾ ਹੈ, ਕਲਾਸ ਨਾਂ, ਢੰਗ, ਫੰਕਸ਼ਨ, ਵੇਰੀਏਬਲ ਨਾਂ ਅਤੇ ਪੈਰ੍ਹੇ ਵਿੱਚ ਰਿਟਰਨ ਕੀਤੇ ਮੁੱਲ ਉੱਪਰ ਦਿੱਤੇ ਵਾਂਗ ਵੇਖਾਏ ਜਾਣਗੇ, <literal>ਮੋਨੋ-ਸਪੇਸ ਬੋਲਡ</literal> ਵਿੱਚ। ਉਦਾਹਰਨ ਲਈ:
		</para>
		 <blockquote>
			<para>
				ਫਾਇਲ-ਸੰਬੰਧੀ ਕਲਾਸਾਂ ਵਿੱਚ ਫਾਇਲ ਸਿਸਟਮਾਂ ਲਈ <classname>filesystem</classname>, ਫਾਇਲਾਂ ਲਈ <classname>file</classname>, ਅਤੇ ਡਾਇਰੈਕਟਰੀਆਂ ਲਈ <classname>dir</classname> ਸ਼ਾਮਿਲ ਹਨ। ਹਰੇਕ ਕਲਾਸ ਦੇ ਆਪਣੇ ਸੰਬੰਧਿਤ ਅਧਿਕਾਰ ਹੁੰਦੇ ਹਨ।
			</para>

		</blockquote>
		 <para>
			<application>ਪਰੋਪੋਰਸ਼ਨਲ ਬੋਲਡ</application>
		</para>
		 <para>
			This denotes words or phrases encountered on a system, including application names; dialog box text; labeled buttons; check-box and radio button labels; menu titles and sub-menu titles. For example:
		</para>
		 <blockquote>
			<para>
				<application>ਮਾਊਸ ਪਸੰਦਾਂ</application> ਚਲਾਉਣ ਲਈ ਮੁੱਖ ਮੇਨੂ ਬਾਰ ਵਿੱਚੋਂ <menuchoice><guimenu>ਸਿਸਟਮ</guimenu><guisubmenu>ਪਸੰਦਾਂ</guisubmenu><guimenuitem>ਮਾਊਸ</guimenuitem></menuchoice> ਚੁਣੋ। <guilabel>ਬਟਨ</guilabel> ਟੈਬ ਵਿੱਚ, <guilabel>ਖੱਬਾ-ਹੱਥ ਮਾਊਸ</guilabel> ਚੈੱਕ ਬਕਸਾ ਦਬਾਓ ਅਤੇ ਪਰਾਇਮਰੀ ਮਾਊਸ ਬਟਨ ਨੂੰ ਖੱਬੇ ਤੋਂ ਸੱਜੇ ਤਬਦੀਲ ਕਰਨ ਲਈ <guibutton>ਬੰਦ</guibutton> ਦਬਾਓ (ਖੱਬੂ ਦੇ ਵਰਤਣ ਲਈ ਮਾਊਸ ਬਣਾਉਣਾ)।
			</para>
			 <para>
				ਇੱਕ <application>gedit</application> fਫਾਇਲ ਵਿੱਚ ਖਾਸ ਅੱਖਰ ਜੋੜਨ ਲਈ, ਮੁੱਖ ਮੇਨੂ ਵਿੱਚੋਂ <menuchoice><guimenu>ਐਪਲੀਕੇਸ਼ਨ</guimenu><guisubmenu>ਸਹਾਇਕ</guisubmenu><guimenuitem>ਅੱਖਰ ਮੈਪ</guimenuitem></menuchoice> ਤੇ ਜਾਓ। ਅੱਗੇ, <menuchoice><guimenu>ਖੋਜ</guimenu><guimenuitem>ਲੱਭੋ…</guimenuitem></menuchoice> ਚੁਣੋ <application>ਅੱਖਰ ਮੈਪ</application> ਮੇਨੂ ਵਿੱਚੋਂ, <guilabel>ਖੋਜ</guilabel> ਵਿੱਚ ਅੱਖਰ ਦਾ ਨਾਲ ਟਾਈਪ ਕਰੋ ਅਤੇ <guibutton>ਅੱਗੇ</guibutton> ਦਬਾਓ। ਅੱਖਰ ਜੋ ਤੁਸੀਂ ਖੋਜੇ ਹਨ <guilabel>ਅੱਖਰ ਸਾਰਣੀ</guilabel> ਵਿੱਚ ਦਿਸਣਗੇ। ਇਸ ਹਾਈਲਾਈਟਡ ਅੱਖਰ ਨੂੰ ਟਬਲ-ਕਲਿੱਕ ਕਰੋ ਤਾਂ ਜੋ <guilabel>ਕਾਪੀ ਲਈ ਟੈਕਸਟ</guilabel> ਫੀਲਡ ਵਿੱਚ ਚਲਾ ਜਾਓ ਅਤੇ ਫਿਰ <guibutton>ਕਾਪੀ</guibutton> ਬਟਨ ਦਬਾਓ। ਹੁਣ ਵਾਪਿਸ ਆਪਣੇ ਡੌਕੂਮੈਂਟ ਵਿੱਚ ਜਾਓ ਅਤੇ <menuchoice><guimenu>ਸੋਧ</guimenu><guimenuitem>ਚਿਪਕਾਓ</guimenuitem></menuchoice>ਚੁਣੋ <application>gedit</application> ਮੇਨੂ ਵਿੱਚੋਂ।
			</para>

		</blockquote>
		 <para>
			ਉੱਪਰਲੇ ਪਾਠ ਵਿੱਚ ਐਪਲੀਕੇਸ਼ਨ ਨਾਂ; ਸਿਸਟਮ-ਸੰਬੰਧੀ ਮੇਨੂ ਨਾਂ ਅਤੇ ਇਕਾਈਆਂ; ਐਪਲੀਕੇਸ਼ਨ-ਸੰਬੰਧੀ ਮੇਨੂ ਨਾਂ; ਅਤੇ ਬਟਨ ਅਤੇ GUI ਇੰਟਰਫੇਸ ਵਿਚਲਾ ਪਾਠ ਸ਼ਾਮਿਲ ਹੁੰਦੇ ਹਨ, ਸਭ ਪਰੋਪੋਰਸ਼ਨਲ ਬੋਲਡ ਵਿੱਚ ਵੇਖਾਂਦੇ ਹੁੰਦੇ ਹਨ ਅਤੇ ਪ੍ਰਸੰਗ ਸਾਹਿਤ ਵੱਖ ਕੀਤੇ ਹੁੰਦੇ ਹਨ।
		</para>
		 <para>
			<command><replaceable>Mono-spaced Bold Italic</replaceable></command> ਜਾਂ <application><replaceable>ਪਰੋਪੋਰਸ਼ਨਲ ਬੋਲਡ ਇਟਾਲਿਕ</replaceable></application>
		</para>
		 <para>
			ਮੋਨੋ-ਸਪੇਸ ਬੋਲਡ ਜਾਂ ਪਰੋਪੋਰਸ਼ਨਲ ਬੋਲਟ ਹੋਵੇ, ਇਟਾਲਿਕ ਸ਼ਾਮਿਲ ਕਰਨ ਨਾਲ ਹਟਾਉਣ ਯੋਗ ਜਾਂ ਤਬਦੀਲੀ ਯੋਗ ਪਾਠ ਦਿਸਦਾ ਹੈ। ਇਟਾਲਿਕ ਉਹ ਪਾਠ ਹੈ ਜੋ ਤੁਸੀਂ ਇੰਪੁੱਟ ਨਹੀਂ ਕੀਤਾ ਜਾਂ ਪਾਠ ਵੇਖਾਉਂਦਾ ਹੈ ਜੋ ਤਬਦੀਲ ਹੋਇਆ ਹੈ ਹਾਲਤ ਤੇ ਨਿਰਭਰ ਕਰਦਾ ਹੈ। ਉਦਾਹਰਨ ਲਈ:
		</para>
		 <blockquote>
			<para>
				ssh ਵਰਤ ਕੇ ਰਿਮੋਟ ਮਸ਼ੀਨ ਨਾਲ ਜੁੜਨ ਲਈ, ਸ਼ੈੱਲ ਪਰੌਂਪਟ ਤੇ <command>ssh <replaceable>username</replaceable>@<replaceable>domain.name</replaceable></command> ਲਿਖੋ। ਜੇ ਰਿਮੋਟ ਮਸ਼ੀਨ <filename>example.com</filename> ਹੈ ਅਤੇ ਉਸ ਮਸ਼ੀਨ ਤੇ ਤੁਹਾਡਾ ਯੂਜ਼ਰ-ਨਾਂ john ਹੈ, ਤਾਂ <command>ssh john@example.com</command> ਲਿਖੋ।
			</para>
			 <para>
				<command>mount -o remount <replaceable>file-system</replaceable></command> ਕਮਾਂਡ ਦਿੱਤੇ-ਨਾਂ ਵਾਲੇ ਫਾਇਲ ਸਿਸਟਮ ਨੂੰ ਮੁੜ ਤੋਂ ਮਾਊਂਟ ਕਰਦਾ ਹੈ। ਉਦਾਹਰਨ ਲਈ, <filename>/home</filename> ਫਾਇਲ ਸਿਸਟਮ ਨੂੰ ਮਾਊਂਟ ਕਰਨ ਲਈ, ਕਮਾਂਡ ਹੈ <command>mount -o remount /home</command>।
			</para>
			 <para>
				ਮੌਜੂਦਾ ਇੰਸਟਾਲੇ ਕੀਤੇ ਪੈਕੇਜ ਦਾ ਵਰਜਨ ਵੇਖਣ ਲਈ, <command>rpm -q <replaceable>package</replaceable></command> ਕਮਾਂਡ ਵਰਤੋ। ਇਹ ਇਸ ਤਰਾਂ ਦਾ ਨਤੀਜਾ ਦੇਵੇਗਾ: <command><replaceable>package-version-release</replaceable></command>।
			</para>

		</blockquote>
		 <para>
			ਗੂੜ੍ਹੇ ਟੇਡੇ ਸ਼ਬਦ — ਯੂਜ਼ਰ-ਨਾਂ, ਡੋਮੇਨ.ਨਾਂ, ਫਾਇਲ-ਸਿਸਮਟ, ਪੈਕੇਜ, ਵਰਜਨ ਅਤੇ ਰੀਲੀਜ਼। ਹਰੇਕ ਸ਼ਬਦ ਇੱਕ ਪਲੇਸਹੋਲਟਡ ਹੈ, ਜਾਂ ਤਾਂ ਤੁਹਾਡੇ ਟੈਕਸਟ ਲਈ ਜਦੋਂ ਕਮਾਂਡ ਦਿੱਤੀ ਸੀ ਜਾਂ ਸਿਸਟਮ ਲਈ।
		</para>
		 <para>
			ਇੱਕ ਕੰਮ ਦਾ ਸਿਰਲੇਖ ਵੇਖਾਉਣ ਲਈ ਸਟੈਂਡਰਡ ਵਰਤੋਂ ਤੋਂ ਉਲਟ, ਇਟਾਲਿਕ ਨਵੀਂ ਅਤੇ ਜਰੂਰੀ ਜਾਣਕਾਰੀ ਨੂੰ ਵੇਖਾਉਣ ਲਈ ਵਰਤਿਆ ਜਾਂਦਾ ਹੈ। ਉਦਾਹਰਨ ਲਈ:
		</para>
		 <blockquote>
			<para>
				Publican ਇੱਕ <firstterm>DocBook</firstterm> ਪਬਲਿਸ਼ ਕਰਨ ਵਾਲਾ ਸਿਸਟਮ ਹੈ।
			</para>

		</blockquote>

	</section>
	
	 <section>
		<title>ਸਵਲਾ-ਲਵੋ ਕੰਨਵੈਂਸ਼ਨਜ਼</title>
		 <para>
			ਟਰਮੀਨਲ ਆਊਟਪੁੱਟ ਅਤੇ ਸੋਰਸ ਕੋਡ ਸੂਚੀ ਨੂੰ ਆਸੇ ਪਾਸੇ ਦੇ ਪਾਠ ਤੋਂ ਅਦਿੱਖ ਕੀਤੇ ਹਨ।
		</para>
		 <para>
			ਟਰਮੀਨਲ ਤੇ ਭੇਜੀ ਆਊਟਪੁੱਟ <computeroutput>ਮੋਨੋ-ਸਪੇਸ ਰੋਮਨ</computeroutput> ਵਿੱਚ ਸੈੱਟ ਕੀਤੇ ਹਨ ਅਤੇ ਵੇਖਾਏ ਗਏ ਹਨ:
		</para>
		 
<screen>books        Desktop   documentation  drafts  mss    photos   stuff  svn
books_tests  Desktop1  downloads      images  notes  scripts  svgs</screen>
		 <para>
			ਸੋਰਸ ਕੋਡ ਸੂਚੀ ਵੀ <computeroutput>ਮੋਨੋ-ਸਪੇਸ ਰੋਮਨ</computeroutput> ਵਿੱਚ ਸੈੱਟ ਕੀਤੇ ਹਨ ਪਰ ਸੈਂਟੇਕਸ ਇਸ ਤਰਾਂ ਵੇਖਾਇਆ ਗਿਆ ਹੈ:
		</para>
		 <xi:include href="Program_Listing.xml" xmlns:xi="http://www.w3.org/2001/XInclude" />

	</section>
	
	 <section>
		<title>ਸੂਚਨਾ ਅਤੇ ਚੇਤਾਵਨੀ</title>
		 <para>
			ਅੰਤ ਵਿੱਚ, ਅਸੀਂ ਜਾਣਕਾਰੀ ਵੇਖਾਉਣ ਲਈ ਤਿੰਨ ਦਰਿਸ਼ ਸਟਾਈਲ ਵਰਤਦੇ ਹਾਂ ਜੋ ਵਰਤੇ ਜਾ ਸਕਦੇ ਹਨ।
		</para>
		 <note>
			<para>
				ਸੂਚਨਾ ਅਤੇ ਟਿੱਪਣੀਆਂ, ਸ਼ਾਰਟਕੱਟ ਜਾਂ ਹੋਰ ਤਰੀਕੇ ਜੋ ਵਰਤ ਸਕਦੇ ਹਾਂ। ਸੂਚਨਾ ਅਣਡਿੱਠਾ ਕਰਨ ਨਾਲ ਕੋਈ ਨੈਗੇਟਿਵ ਪ੍ਰਭਾਵ ਨਹੀਂ ਪੈਂਦਾ, ਪਰ ਜਿੰਗਦੀ ਸੌਖੀ ਬਣਾਉਣ ਦਾ ਮੌਕਾ ਲੰਘ ਸਕਦਾ ਹੈ।
			</para>

		</note>
		 <important>
			<para>
				ਜਰੂਰੀ ਬਾਕਸ ਵੇਰਵਾ ਚੀਜਾਂ ਅਸਾਨੀ ਨਾਲ ਰੱਦ ਕੀਤੀਆਂ ਜਾ ਸਕਦੀਆਂ ਹਨ: ਸੰਰਚਨਾ ਤਬਦੀਲੀਆਂ ਜੋ ਸਿਰਫ ਮੌਜੂਦਾ ਸ਼ਐਸ਼ਨ ਤੇ ਲਾਗੂ ਹੁੰਦੇ ਹਨ, ਜਾਂ ਸਰਵਿਸ ਜਿਸਨੂੰ ਅੱਪਡੇਟ ਕਰਨ ਤੋਂ ਪਹਿਲਾਂ ਮੁੜ-ਚਾਲੂ ਕਰਨ ਦੀ ਲੋੜ ਹੈ। 'ਜਰੂਰੀ' ਲੇਬਲ ਵਾਲਾ ਬਾਕਸ ਰੱਦ ਕਰਨ ਨਾਲ ਡਾਟਾ ਖਰਾਬ ਨਹੀਂ ਹੁੰਦਾ ਪਰ ਹੋਰ ਖਰਾਬੀ ਹੋ ਸਕਦੀ ਹੈ।
			</para>

		</important>
		 <warning>
			<para>
				ਚੇਤਾਵਨੀਆਂ ਰੱਦ ਨਹੀਂ ਹੋਣੀਆਂ ਚਾਹੀਦੀਆਂ। ਚੇਤਾਵਨੀਆਂ ਰੱਦ ਕਰਨ ਨਾਲ ਡਾਟਾ ਖਰਾਬ ਹੋ ਸਕਦਾ ਹੈ।
			</para>

		</warning>

	</section>

</section>


