<?xml version='1.0' encoding='utf-8' ?>
<!DOCTYPE section PUBLIC "-//OASIS//DTD DocBook XML V4.5//EN" "http://www.oasis-open.org/docbook/xml/4.5/docbookx.dtd" [
]>
<section>
	<title>ਸਾਨੂੰ ਫੀਡਬੈਕ ਦੀ ਲੋੜ ਹੈ!</title>
	 <indexterm>
		<primary>ਫੀਡਬੈਕ</primary>
		 <secondary>ਇਸ ਦਸਤਾਵੇਜ਼ ਲਈ ਸੰਪਰਕ ਜਾਣਕਾਰੀ</secondary>
	</indexterm>
	 <para>
		ਤੁਹਾਨੂੰ ਆਪਣੀ ਲੋਕਲ Feedback.xml ਫਾਇਲ ਬਣਾ ਕੇ ਇਸ ਨੂੰ ਮੁੜ-ਲਿਖਣਾ ਚਾਹੀਦਾ ਹੈ।
	</para>
</section>


