<?xml version='1.0' encoding='utf-8' ?>
<!DOCTYPE section PUBLIC "-//OASIS//DTD DocBook XML V4.5//EN" "http://www.oasis-open.org/docbook/xml/4.5/docbookx.dtd" [
]>
<section>
	<title>Konvencije dokumenta</title>
	 <para>
		Ovaj priručnik koristi nekoliko konvencija radi isticanja izvesnih reči i izraza kako bi se skrenula pažnja na određene informacije.
	</para>
	 <para>
		U PDF i papirnim izdanjima, ovaj priručnik koristi slogove izvučene iz skupa <ulink url="https://fedorahosted.org/liberation-fonts/">Liberation fontova</ulink>. Skup Liberation fontova se takođe koristi u HTML izdanjima ako je skup instaliran na sistemu. Ako nije, prikazivaće se alternativni ali ekvivalentni slogovi. Napomena: Red Hat Enterprise Linux 5 i kasniji podrazumevano uključuju skup Liberation fontova.
	</para>
	 <section>
		<title>Tipografske konvencije</title>
		 <para>
			Četiri tipografske konvencije se koriste radi skretanja pažnje na određene reči i izraze. Ove konvencije, i okolnosti na koje se odnose, su sledeće.
		</para>
		 <para>
			<literal>Podebljano jednoširinski</literal>
		</para>
		 <para>
			Used to highlight system input, including shell commands, file names and paths. Also used to highlight keys and key combinations. For example:
		</para>
		 <blockquote>
			<para>
				Da biste videli sadržaj datoteke <filename>moj_sledeci_bestseler</filename> u tekućem radnom direktorijumu, unesite komandu <command>cat moj_sledeci_bestseler</command> na odzivniku ljuske i pritisnite <keycap>Enter</keycap> da biste izvršili naredbu.
			</para>

		</blockquote>
		 <para>
			The above includes a file name, a shell command and a key, all presented in mono-spaced bold and all distinguishable thanks to context.
		</para>
		 <para>
			Key combinations can be distinguished from an individual key by the plus sign that connects each part of a key combination. For example:
		</para>
		 <blockquote>
			<para>
				Pritisnite <keycap>Enter</keycap> za izvršavanje naredbe.
			</para>
			 <para>
				Press <keycombo><keycap>Ctrl</keycap><keycap>Alt</keycap><keycap>F2</keycap></keycombo> to switch to a virtual terminal.
			</para>

		</blockquote>
		 <para>
			The first example highlights a particular key to press. The second example highlights a key combination: a set of three keys pressed simultaneously.
		</para>
		 <para>
			Ako se raspravlja o izvornom kodu, nazivi klasa, metode, funkcije, nazivi promenljiva i vraćene vrednosti koji se spominju unutar odeljka će biti prikazani kao iznad, <literal>podebljano jednoširinski</literal>. Na primer:
		</para>
		 <blockquote>
			<para>
				Klase vezane za datoteke uključuju <classname>filesystem</classname> za sisteme datoteka, <classname>file</classname> za datoteke, i <classname>dir</classname> za direktorijume. Svaka klasa ima sopstveni pridruženi skup dozvola.
			</para>

		</blockquote>
		 <para>
			<application>Podebljano proporcionalno</application>
		</para>
		 <para>
			Ovo označava reči ili izraze koje se sreću na sistemu, uključujući nazive programa; tekst u prozorčetu; označenu dugmad; oznake kućica i radio dugmadi; naslove menija i podmenija. Na primer:
		</para>
		 <blockquote>
			<para>
				Izaberite <menuchoice><guimenu>Sistem</guimenu><guisubmenu>Postavke</guisubmenu><guimenuitem>Miš</guimenuitem></menuchoice> iz trake glavnog menija za pokretanje <application>Postavki miša</application>. Na jezičku <guilabel>Dugmad</guilabel>, pritisnite na kućicu <guilabel>Levoruki miš</guilabel> i pritisnite <guibutton>Zatvori</guibutton> kako biste prebacili osnovno dugme miša sa leva na desno (čineći miša pogodnim za upotrebu u levoj ruci).
			</para>
			 <para>
				To insert a special character into a <application>gedit</application> file, choose <menuchoice><guimenu>Applications</guimenu><guisubmenu>Accessories</guisubmenu><guimenuitem>Character Map</guimenuitem></menuchoice> from the main menu bar. Next, choose <menuchoice><guimenu>Search</guimenu><guimenuitem>Find…</guimenuitem></menuchoice> from the <application>Character Map</application> menu bar, type the name of the character in the <guilabel>Search</guilabel> field and click <guibutton>Next</guibutton>. The character you sought will be highlighted in the <guilabel>Character Table</guilabel>. Double-click this highlighted character to place it in the <guilabel>Text to copy</guilabel> field and then click the <guibutton>Copy</guibutton> button. Now switch back to your document and choose <menuchoice><guimenu>Edit</guimenu><guimenuitem>Paste</guimenuitem></menuchoice> from the <application>gedit</application> menu bar.
			</para>

		</blockquote>
		 <para>
			Tekst iznad sadrži nazive programa; nazive menija i stavki širom sistema; nazive menija vezane za program; i dugmad i tekst koji se nalaze unutar GUI sučelja, sve prikazane podebljano proporcionalno i sve prepoznatljive zahvaljujući kontekstu.
		</para>
		 <para>
			<command><replaceable>Podebljano i kurzivno jednoširinski</replaceable></command> ili <application><replaceable>Podebljano i kurzivno proporcionalno</replaceable></application>
		</para>
		 <para>
			Bilo da se radi od podebljanom jednoširinskom ili podebljanom proprocionalnom, dodavanje kurziva ukazuje na zamenljivi ili promenljivi tekst. Kurziv označava tekst koji ne unosite doslovno ili prikazani tekst koji zavisi od okolnosti. Na primer:
		</para>
		 <blockquote>
			<para>
				Da biste se povezali na udaljenu mašinu koristeći ssh, unesite <command>ssh <replaceable>korisnik</replaceable>@<replaceable>ime.domena</replaceable></command> na odzivniku ljuske. Ako je udaljena mašina <filename>primer.com</filename> i vaše korisničko ime na toj mašini je marko, unesite <command>ssh marko@primer.com</command>.
			</para>
			 <para>
				Naredba <command>mount -o remount <replaceable>sistem-datoteka</replaceable></command> iznova montira naznačeni sistem datoteka. Na primer, da biste iznova montirali sistem datoteka <filename>/home</filename>, naredba je <command>mount -o remount /home</command>.
			</para>
			 <para>
				Da biste videli verziju trenutno instaliranog paketa, upotrebite naredbu <command>rpm -q <replaceable>paket</replaceable></command>. Vratiće sledeći rezultat: <command><replaceable>paket-verzija-izdanje</replaceable></command>.
			</para>

		</blockquote>
		 <para>
			Note the words in bold italics above — username, domain.name, file-system, package, version and release. Each word is a placeholder, either for text you enter when issuing a command or for text displayed by the system.
		</para>
		 <para>
			Pored standardne upotrebe za predstavljanje naslova dela, kurzivna slova označavaju prvu upotrebu nekog novog i važnog termina. Na primer:
		</para>
		 <blockquote>
			<para>
				Publican je sistem za <firstterm>DocBook</firstterm> izdavaštvo.
			</para>

		</blockquote>

	</section>
	
	 <section>
		<title>Konvencije izvučenih citata</title>
		 <para>
			Izlaz terminala i ispis izvornog koda se vizuelno razlikuju od okolnog teksta.
		</para>
		 <para>
			Izlaz poslat terminalu se vrši <computeroutput>uspravno jednoširinski</computeroutput> i predstavlja se kao:
		</para>
		 
<screen>books        Desktop   documentation  drafts  mss    photos   stuff  svn
books_tests  Desktop1  downloads      images  notes  scripts  svgs</screen>
		 <para>
			Ispis izvornog koda se takođe vrši <computeroutput>uspravno jednoširinski</computeroutput> ali dodaje isticanje sintakse na sledeći način:
		</para>
		 <xi:include href="Program_Listing.xml" xmlns:xi="http://www.w3.org/2001/XInclude" />

	</section>
	
	 <section>
		<title>Beleške i upozorenja</title>
		 <para>
			Konačno, koristimo tri vizuelna stila da bismo privukli pažnju na informacije koje bi inače možda bile previđene.
		</para>
		 <note>
			<para>
				Beleške su saveti, prečice ili alternativni pristupi trenutnom zadatku. Zanemarivanje beleške ne bi trebalo da ima negativnih posledica, ali možete propustiti neki trik koji bi vam život učinio lakšim.
			</para>

		</note>
		 <important>
			<para>
				Važni okviri detaljno opisuju stvari koje se lako previde: izmene u podešavanjima koje se odnose samo na tekuću sesiju, ili servise koje treba ponovo pokrenuti pre nego što ažuriranje pređe u dejstvo. Zanemarivanje okvira označenih kao „Važno“ neće izazvati gubitak podataka ali može izazvati iritaciju i frustraciju.
			</para>

		</important>
		 <warning>
			<para>
				Upozorenja ne treba zanemariti. Zanemarivanje upozorenja će verovatno izazvati gubitak podataka.
			</para>

		</warning>

	</section>

</section>


