<?xml version='1.0' encoding='utf-8' ?>
<!DOCTYPE section PUBLIC "-//OASIS//DTD DocBook XML V4.5//EN" "http://www.oasis-open.org/docbook/xml/4.5/docbookx.dtd" [
]>
<section>
	<title>ದಸ್ತಾವೇಜು ಅನುಸರಣೆಗಳು</title>
	 <para>
		ಈ ಕೈಪಿಡಿಯು ಹಲವಾರು ಪದಗಳು ಹಾಗು ಪದಗುಚ್ಛಗಳನ್ನು ಹೈಲೈಟ್ ಮಾಡಿ ಕೆಲವು ನಿಗದಿತ ಮಾಹಿತಿಗಳತ್ತ ಗಮನ ಸೆಳೆಯಲು ಕೆಲವು ಅನುಸರಣೆಯನ್ನು ಬಳಸುತ್ತದೆ.
	</para>
	 <para>
		PDF ಹಾಗು ಪೇಪರ್ ಆವೃತ್ತಿಗಳಲ್ಲಿ, ಈ ಕೈಪಿಡಿಯು<ulink url="https://fedorahosted.org/liberation-fonts/">ಲಿಬರೇಶನ್ ಅಕ್ಷರಶೈಲಿಗಳು</ulink> ಯಿಂದ ಪಡೆದುಕೊಳ್ಳಲಾದ ಟೈಪ್‌ಫೇಸ್‌ಗಳನ್ನು ಬಳಸುತ್ತದೆ. ನಿಮ್ಮ ಗಣಕದಲ್ಲಿ ಲಿಬರೇಶನ್ ಅಕ್ಷರಶೈಲಿಗಳನ್ನು ಅನುಸ್ಥಾಪಿಸಲಾಗಿದ್ದರೆ HTML ಆವೃತ್ತಿಗಳಲ್ಲಿಯೂ ಸಹ ಇದನ್ನೆ ಬಳಸಲಾಗುತ್ತದೆ. ಇಲ್ಲದೆ ಹೋದಲ್ಲಿ, ಪರ್ಯಾಯವಾದ ಆದರೆ ಅದಕ್ಕೆ ಸಮನಾದ ಟೈಪ್‌ಫೇಸ್‌ಗಳನ್ನು ತೋರಿಸಲಾಗುವುದು. ಸೂಚನೆ: Red Hat Enterprise Linux 5 ಹಾಗು ಅದರ ನಂತರದವುಗಳಲ್ಲಿ ಡೀಫಾಲ್ಟ್‍ ಆಗಿ ಲಿಬರೇಶನ್ ಅಕ್ಷರಶೈಲಿಗಳು ಇರುತ್ತವೆ.
	</para>
	 <section>
		<title>ಟೈಪೋಗ್ರಾಫಿಕ್ ಅನುಸರಣೆಗಳು</title>
		 <para>
			ನಿಗದಿತ ಪದಗಳು ಹಾಗು ಪದಗುಚ್ಛಗಳತ್ತ ಗಮನವನ್ನು ಸೆಳೆಯಲು ನಾಲ್ಕು ಟೈಪೋಗ್ರಾಫಿಕ್ ಅನುಸರಣೆಗಳನ್ನು ಬಳಸಲಾಗುತ್ತದೆ. ಈ ಅನುಸರಣೆಗಳು ಹಾಗು ಅವುಗಳನ್ನು ಅನ್ವಯಿಸಲಾಗುವ ಸನ್ನಿವೇಶಗಳು ಈ ಕೆಳಗಿನಂತಿವೆ.
		</para>
		 <para>
			<literal>Mono-spaced Bold</literal>
		</para>
		 <para>
			ಶೆಲ್‌ ಆಜ್ಞೆಗಳು, ಕಡತದ ಹೆಸರುಗಳು ಹಾಗು ಮಾರ್ಗಗಳಂತಹ ಗಣಕದ ಇನ್‌ಪುಟ್ ಅನ್ನು ಹೈಲೈಟ್ ಮಾಡಲು ಬಳಸಲಾಗುತ್ತದೆ. ಅಲ್ಲದೆ ಕೀಲಿಗಳನ್ನು ಹಾಗು ಕೀಲಿ-ಸಂಯೋಜನೆಗಳನ್ನೂ ಸಹ ಹೈಲೈಟ್ ಮಾಡಲು ಬಳಸಲಾಗುತ್ತದೆ. ಉದಾಹರಣೆಗೆ:
		</para>
		 <blockquote>
			<para>
				<filename>my_next_bestselling_novel</filename> ಕಡತದಲ್ಲಿ ಏನಿದೆ ಎಂದು ನೋಡಲು , ಪ್ರಸಕ್ತ ನೀವು ಕೆಲಸ ಮಾಡುತ್ತಿರುವ ಕೋಶದಲ್ಲಿ, ಶೆಲ್‌ ಪ್ರಾಂಪ್ಟಿನಲ್ಲಿ <command>cat my_next_bestselling_novel</command> ಎಂಬ ಆಜ್ಞೆಯನ್ನು ನಮೂದಿಸಿ ಹಾಗು ಅದನ್ನು ಚಲಾಯಿಸಲು <keycap>Enter</keycap> ಅನ್ನು ಒತ್ತಿ.
			</para>

		</blockquote>
		 <para>
			ಮೇಲೆ ಹೇಳಲಾಗಿದ್ದರಲ್ಲಿ ಒಂದು ಕಡತದ ಹೆಸರು, ಒಂದು ಶೆಲ್‌ ಆಜ್ಞೆ ಹಾಗು ಒಂದು ಕೀಲಿಯು ಇದೆ, ಹಾಗು ಅವುಗಳೆಲ್ಲವೂ mono-spaced bold ನಲ್ಲಿ ಸೂಚಿಸಲಾಗಿದ್ದರಿಂದ ಬಾಕಿ ಪಠ್ಯಗಳಿಗಿಂತ ಪ್ರತ್ಯೇಕವಾಗಿ ಕಾಣುತ್ತವೆ.
		</para>
		 <para>
			ಕೀಲಿ ಸಂಯೋಜನೆಯಲ್ಲಿನ ಪ್ರತಿ ಭಾಗಗಳನ್ನು ಜೋಡಿಸುವ ಪ್ಲಸ್ ಚಿಹ್ನೆಯು ಕೀಲಿ ಸಂಯೋಜನೆ ಮತ್ತು ಪ್ರತ್ಯೇಕ ಕೀಲಿಯ ನಡುವಿನ ವ್ಯತ್ಯಾಸವಾಗಿರುತ್ತದೆ. ಉದಾಹರಣೆಗೆ:
		</para>
		 <blockquote>
			<para>
				ಆಜ್ಞೆಯನ್ನು ಕಾರ್ಯಗತಗೊಳಿಸಲು <keycap>Enter</keycap> ಅನ್ನು ಒತ್ತಿ.
			</para>
			 <para>
				ವರ್ಚುವಲ್ ಟರ್ಮಿನಲ್‌ಗೆ ಹೋಗಲು <keycombo><keycap>Ctrl</keycap><keycap>Alt</keycap><keycap>F2</keycap></keycombo> ಅನ್ನು ಒತ್ತಿ.
			</para>

		</blockquote>
		 <para>
			ಮೊದಲನೆ ಉದಾಹರಣೆಯು ನಿಗದಿತ ಕೀಲಿಯನ್ನು ಒತ್ತಲು ಹೈಲೈಟ್ ಮಾಡುತ್ತದೆ. ಎರಡನೆಯದು ಒಂದು ಕೀಲಿ ಸಂಯೋಜನೆಯನ್ನು ಹೈಲೈಟ್‌ ಮಾಡುತ್ತದೆ: ಮೂರು ಕೀಲಿಗಳನ್ನು ಏಕಕಾಲದಲ್ಲಿ ಒತ್ತಲಾಗುತ್ತದೆ.
		</para>
		 <para>
			ಎಲ್ಲಿಯಾದರೂ ಆಕರ ಸಂಜ್ಞೆಯ(ಸೋರ್ಸ್‌ ಕೋಡ್) ಬಗ್ಗೆ ತಿಳಿಸುವಂತಿದ್ದಲ್ಲಿ, ವರ್ಗದ ಹೆಸರುಗಳು, ಕ್ರಮಗಳು, ಕಾರ್ಯಗಳು, ವೇರಿಯಬಲ್ ಹೆಸರುಗಳು ಹಾಗು ಮರಳಿಸಿದ ಮೌಲ್ಯಗಳನ್ನು ಒಂದು ಪ್ಯಾರಾದಲ್ಲಿ ಮೇಲಿನಂತೆ <literal>mono-spaced bold</literal> ನಲ್ಲಿ ತೋರಿಸಲ್ಪಡುತ್ತದೆ. ಉದಾಹರಣೆಗೆ:
		</para>
		 <blockquote>
			<para>
				ಕಡತಕ್ಕೆ ಸಂಬಂಧಿಸಿದ ವರ್ಗಗಳಾದಂತಹ ಕಡತವ್ಯವಸ್ಥೆಗಳಿಗಾಗಿನ <classname>filesystem</classname>,ಕಡತಕ್ಕಾಗಿನ <classname>file</classname>, ಹಾಗು ಕೋಶಕ್ಕಾಗಿನ <classname>dir</classname>. ಪ್ರತಿ ವರ್ಗವೂ ಅದಕ್ಕೆ ತಕ್ಕಂತೆ ಸ್ವಂತಅನುಮತಿಗಳನ್ನು ಹೊಂದಿರುತ್ತವೆ.
			</para>

		</blockquote>
		 <para>
			<application>Proportional Bold</application>
		</para>
		 <para>
			ಅನ್ವಯದ ಹೆಸರುಗಳು, ಸಂವಾದ ಚೌಕದ ಪಠ್ಯ; ಲೇಬಲ್‌ ಮಾಡಲಾದಂತಹ ಗುಂಡಿಗಳು; ಗುರುತು-ಚೌಕ ಹಾಗು ರೇಡಿಯೋ ಗುಂಡಿಯ ಲೇಬಲ್‌ಗಳು; ಮೆನು ಶೀರ್ಷಿಕೆಗಳು ಹಾಗು ಉಪ-ಮೆನು ಶೀರ್ಷಿಕೆಗಳಂತಹ ಒಂದು ಗಣಕದಲ್ಲಿ ಎದುರಾಗುವ ಪದಗಳು ಅಥವ ವಾಕ್ಯಗಳನ್ನು ಇದು ಸೂಚಿಸುತ್ತದೆ. ಉದಾಹರಣೆಗೆ:
		</para>
		 <blockquote>
			<para>
				<application>ಮೌಸ್‌ನ ಆದ್ಯತೆಗಳು</application> ಎಂಬುದನ್ನು ಆರಂಭಿಸಲು ಮುಖ್ಯ ಮೆನು ಪಟ್ಟಿಯಿಂದ <menuchoice><guimenu>ವ್ಯವಸ್ಥೆ</guimenu><guisubmenu>ಆದ್ಯತೆಗಳು</guisubmenu><guimenuitem>ಮೌಸ್</guimenuitem></menuchoice> ಅನ್ನು ಆಯ್ಕೆ ಮಾಡಿ. ಮೌಸ್‌ನ ಮೂಲ ಗುಂಡಿಗಳನ್ನು ಎಡದಿಂದ ಬಲಕ್ಕೆ ಬದಲಾಯಿಸಲು (ಎಡಗೈಯಲ್ಲಿ ಬಳಸಲು ಯೋಗ್ಯವಾಗಿಸಲು ),<guilabel>ಗುಂಡಿಗಳು</guilabel> ಟ್ಯಾಬ್‌ನಿಂದ, <guilabel>ಎಡಗೈಯ ಮೌಸ್</guilabel> ಗುರುತು ಚೌಕವನ್ನು ಕ್ಲಿಕ್ ಮಾಡಿ ಹಾಗು <guibutton>ಮುಚ್ಚು</guibutton> ಅನ್ನು ಕ್ಲಿಕ್ಕಿಸಿ.
			</para>
			 <para>
				<application>gedit</application> ಕಡತಕ್ಕೆ ಒಂದು ವಿಶೇಷವಾದ ಅಕ್ಷರವನ್ನು ಸೇರಿಸಲು, ಮುಖ್ಯ ಮೆನುವಿನಿಂದ <menuchoice><guimenu>ಅನ್ವಯಗಳು</guimenu><guisubmenu>ಸಲಕರಣೆಗಳು</guisubmenu><guimenuitem>ಅಕ್ಷರ ನಕ್ಷೆ</guimenuitem></menuchoice> ಅನ್ನು ಆರಿಸಿ. ನಂತರ, <application>ಅಕ್ಷರ ನಕ್ಷೆ</application> ಮೆನು ಪಟ್ಟಿಯಿಂದ <menuchoice><guimenu>ಹುಡುಕು</guimenu><guimenuitem>ಹುಡುಕಿ…</guimenuitem></menuchoice> ಅನ್ನು ಆರಿಸಿ, type the name of the character in the <guilabel>ಹುಡುಕು</guilabel> ಎಂಬ ಸ್ಥಳದಲ್ಲಿ ಅಕ್ಷರದ ಹೆಸರನ್ನು ನಮೂದಿಸಿ ನಂತರ <guibutton>ಮುಂದಕ್ಕೆ</guibutton> ಅನ್ನು ಕ್ಲಿಕ್ ಮಾಡಿ. ಅಗತ್ಯವಿರುವ ಅಕ್ಷರವನ್ನು <guilabel>ಅಕ್ಷರ ಕೋಷ್ಟಕ</guilabel>ದಲ್ಲಿ ಹೈಲೈಟ್ ಮಾಡಲಾಗುತ್ತದೆ. <guilabel>ಪ್ರತಿ ಮಾಡಬೇಕಿರುವ ಪಠ್ಯ</guilabel> ಎನ್ನುವ ಸ್ಥಳದಲ್ಲಿ ಇರಿಸಲು ಈ ಹೈಲೈಟ್ ಮಾಡಲಾದ ಅಕ್ಷರದ ಮೇಲೆ ಎರಡು ಬಾರಿ ಕ್ಲಿಕ್ ಮಾಡಿ ನಂತರ <guibutton>ಪ್ರತಿಮಾಡು</guibutton> ಎನ್ನುವ ಗುಂಡಿಯನ್ನು ಕ್ಲಿಕ್ ಮಾಡಿ. ಈಗ ನಿಮ್ಮ ದಸ್ತಾವೇಜಿಗೆ ಹೋಗಿ ನಂತರ <application>gedit</application>ಮೆನು ಪಟ್ಟಿಯಿಂದ <menuchoice><guimenu>ಸಂಪಾದನೆ</guimenu><guimenuitem>ಅಂಟಿಸು</guimenuitem></menuchoice> ಅನ್ನು ಆಯ್ಕೆ ಮಾಡಿ .
			</para>

		</blockquote>
		 <para>
			ಮೇಲಿನ ಪಠ್ಯವು ಅನ್ವಯದ ಹೆಸರುಗಳು; ಗಣಕದಾದ್ಯಂತದ ಮೆನು ಹೆಸರುಗಳು ಹಾಗು ಅಂಶಗಳು; ಅನ್ವಯ-ನಿಶ್ಚಿತ ಮೆನು ಹೆಸರುಗಳು; ಹಾಗು ಗುಂಡಿಗಳು ಮತ್ತು ಒಂದು GUI ಸಂಪರ್ಕಸಾಧನದ ಒಳಗಿರುವ ಪಠ್ಯವನ್ನು ಒಳಗೊಂಡಿದ್ದು, ಎಲ್ಲವೂ ಸರಿಯಾದ ಪ್ರಮಾಣದಲ್ಲಿ ಬೋಲ್ಡ್ ಆಗಿದ್ದು ಸನ್ನಿವೇಶಕ್ಕೆ ಸರಿಯಾಗಿ ಪ್ರತ್ಯೇಕಿಸಬಹುದಾಗಿರುತ್ತವೆ.
		</para>
		 <para>
			<command><replaceable>Mono-spaced Bold Italic</replaceable></command> ಅಥವ <application><replaceable>Proportional Bold Italic</replaceable></application>
		</para>
		 <para>
			mono-spaced bold ಅಥವ proportional bold, ಜೊತೆಗೆ ಸೇರಿಸಲಾದ Italics ಬದಲಾಯಿಸಬಹುದಾದ ಹಾಗು ವೇರಿಯಬಲ್ ಪಠ್ಯವನ್ನು ಸೂಚಿಸುತ್ತದೆ. ಓರೆ ಅಕ್ಷರಗಳು, ನೀವು ನಿಜವಾಗಿಯೂ ನಮೂದಿಸದೆ ಇರುವ ಪಠ್ಯವನ್ನು ಅಥವ ತೋರಿಸಲಾಗಿರುವುಗಳಲ್ಲಿ ಸನ್ನಿವೇಶಕ್ಕೆ ಅನುಗುಣವಾಗಿ ಬದಲಾಗುವ ಪಠ್ಯವನ್ನು ಸೂಚಿಸುತ್ತವೆ. ಉದಾಹರಣೆಗೆ:
		</para>
		 <blockquote>
			<para>
				ssh ಅನ್ನು ಬಳಸಿಕೊಂಡು ದೂರಸ್ಥ ಗಣಕದೊಂದಿಗೆ ಸಂಪರ್ಕ ಹೊಂದಲು, ಶೆಲ್‌ ಪ್ರಾಂಪ್ಟಿನಲ್ಲಿ <command>ssh <replaceable>username</replaceable>@<replaceable>domain.name</replaceable></command> ಎಂದು ನಮೂದಿಸಿ. ದೂರಸ್ಥ ಗಣಕವು <filename>example.com</filename> ಆಗಿದ್ದು ಹಾಗು ಆ ಗಣಕದಲ್ಲಿ ನಿಮ್ಮ ಬಳಕೆದಾರ ಹೆಸರು john ಆಗಿದ್ದಲ್ಲಿ, <command>ssh john@example.com</command> ಎಂದು ನಮೂದಿಸಿ.
			</para>
			 <para>
				<command>mount -o remount <replaceable>file-system</replaceable></command> ಆಜ್ಞೆಯು ಹೆಸರಿಸಲಾದ ಕಡತ ವ್ಯವಸ್ಥೆಯನ್ನು ಮರಳಿ ಆರೋಹಿಸುತ್ತದೆ. ಉದಾಹರಣೆಗೆ, <filename>/home</filename> ಕಡತ ವ್ಯವಸ್ಥೆಯನ್ನು ಮರಳಿ ಆರೋಹಿಸಲು, ಬಳಸಬೇಕಿರು ಆಜ್ಞೆಯು <command>mount -o remount /home</command> ಆಗಿರುತ್ತದೆ.
			</para>
			 <para>
				ಪ್ರಸಕ್ತ ಅನುಸ್ಥಾಪಿತಗೊಂಡಿರುವ ಪ್ಯಾಕೇಜಿನ ಆವೃತ್ತಿಯನ್ನು ನೋಡಲು <command>rpm -q <replaceable>package</replaceable></command> ಆಜ್ಞೆಯನ್ನು ಬಳಸಿ. ಅದು ಈ ಕೆಳಗಿನಂತಿರುವ ಫಲಿತಾಂಶವನ್ನು ಒದಗಿಸುತ್ತದೆ: <command><replaceable>package-version-release</replaceable></command>.
			</para>

		</blockquote>
		 <para>
			ಮೇಲಿನ ಬೋಲ್ಡ್‍ ಇಟ್ಯಾಲಿಕ್ಸಿನಲ್ಲಿರುವ ಪದಗಳನ್ನು ಗಮನಿಸಿ — ಬಳಕೆದಾರಹೆಸರು, domain.name, ಕಡತ-ವ್ಯವಸ್ಥೆ, ಪ್ಯಾಕೇಜ್, ಆವೃತ್ತಿ ಮತ್ತು ಬಿಡುಗಡೆ. ನೀವು ನಮೂದಿಸುವ ಪ್ರತಿಯೊಂದು ಪಠ್ಯಕ್ಕಾಗಿ ಅಥವ ವ್ಯವಸ್ಥೆಯಲ್ಲಿ ತೋರಿಸಲಾಗುವ ಪಠ್ಯಕ್ಕಾಗಿ, ಪ್ರತಿಯೊಂದು ಪದವೂ ಸಹ ಪ್ಲೇಸ್‌ಹೋಲ್ಡರ್ ಆಗಿರುತ್ತದೆ.
		</para>
		 <para>
			ಒಂದು ಕಾರ್ಯದ ಶೀರ್ಷಿಕೆಯನ್ನು ತೋರಿಸಲು ಸಾಮಾನ್ಯವಾಗಿ ಬಳಸಲಾಗುವುದಲ್ಲದೆ, ಓರೆ ಅಕ್ಷರಗಳು ಹೊಸ ಹಾಗು ಪ್ರಮುಖವಾದ ಪದವನ್ನು ಪ್ರಥಮವಾಗಿ ಬಳಸಲಾಗಿದೆ ಎಂದೂ ಸಹ ಸೂಚಿಸುತ್ತದೆ. ಉದಾಹರಣೆಗೆ:
		</para>
		 <blockquote>
			<para>
				Publican ಎನ್ನುವುದು ಒಂದು <firstterm>DocBook</firstterm> ಪ್ರಕಟಿಸುವ ವ್ಯವಸ್ಥೆಯಾಗಿದೆ.
			</para>

		</blockquote>

	</section>
	
	 <section>
		<title>ಪುಲ್‌-ಕೋಟ್ ಅನುಸರಣೆಗಳು</title>
		 <para>
			ಟರ್ಮಿನಲ್ ಔಟ್‌ಪುಟ್ ಹಾಗು ಆಕರ-ಸಂಜ್ಞೆ ಪಟ್ಟಿಗಳು ಸುತ್ತಮುತ್ತಲಿನ ಪಠ್ಯದಿಂದ ಗೋಚರಿಸುವ ರೂಪದಲ್ಲಿ ಹೊಂದಿಸಲಾಗುತ್ತದೆ.
		</para>
		 <para>
			ಟರ್ಮಿನಲ್‌ಗೆ ಕಳುಹಿಸಲಾಗುವ ಔಟ್‌ಪುಟ್‌ಗಳನ್ನು <computeroutput>mono-spaced roman</computeroutput> ನಲ್ಲಿ ಬರೆಯಲಾಗುತ್ತದೆ ಹಾಗು ಹೀಗೆ ಪ್ರದರ್ಶಿಸಲಾಗುತ್ತದೆ:
		</para>
		 
<screen>books        Desktop   documentation  drafts  mss    photos   stuff  svn
books_tests  Desktop1  downloads      images  notes  scripts  svgs</screen>
		 <para>
			ಆಕರ-ಸಂಜ್ಞೆ ಪಟ್ಟಿಗಳನ್ನು <computeroutput>mono-spaced roman</computeroutput> ನಲ್ಲಿಯೂ ಸಹ ಬರೆಯಲಾಗುತ್ತದೆ ಆದರೆ ಈ ಕೆಳಗಿನಂತೆ ಪ್ರದರ್ಶಿಸಿ ಹೈಲೈಟ್ ಮಾಡಲಾಗುತ್ತದೆ:
		</para>
		 <xi:include href="Program_Listing.xml" xmlns:xi="http://www.w3.org/2001/XInclude" />

	</section>
	
	 <section>
		<title>ಸೂಚನೆಗಳು ಹಾಗು ಎಚ್ಚರಿಕೆಗಳು</title>
		 <para>
			ಅಂತಿಮವಾಗಿ, ನೀವು ಕಡೆಗಣಿಸಬಹುದಾದ ಮಾಹಿತಿಗಳತ್ತ ನಿಮ್ಮ ಗಮನವನ್ನು ಸೆಳೆಯಲು ನಾವು ಮೂರು ಬಗೆಯ ದೃಶ್ಯ ಶೈಲಿಗಳನ್ನು ಬಳಸುತ್ತೇವೆ.
		</para>
		 <note>
			<para>
				ಸೂಚನೆಯು, ಕೈಯಲ್ಲಿರುವ ಕೆಲಸವನ್ನು ನಿಭಾಯಿಸಲು ಬಳಸಬಹುದಾದ ಒಂದು ಹತ್ತಿರದ ದಾರಿಗಳು ಅಥವ ಪರ್ಯಾಯ ಪರಿಹಾರವಾಗಿರುತ್ತದೆ. ಸೂಚನೆಯನ್ನು ಆಲಕ್ಷಿಸುವುದರಿಂದ ಯಾವುದೆ ಋಣಾತ್ಮಕ ಪರಿಣಾಮವಿರುವುದಿಲ್ಲದಿದ್ದರೂ ನಿಮ್ಮ ಕೆಲಸವನ್ನು ಸುಲಭಗೊಳಿಸುವ ಒಂದು ಉಪಾಯದಿಂದ ನೀವು ವಂಚಿತರಾಗಬಹುದು.
			</para>

		</note>
		 <important>
			<para>
				ಸುಲಭವಾಗಿ ಮರೆತು ಹೋಗಬಹುದಾದ ಪ್ರಮುಖ ಚೌಕಗಳ ವಿವರಗಳು: ಕೇವಲ ಪ್ರಸಕ್ತ ಅಧಿವೇಶನಕ್ಕೆ ಮಾತ್ರ ಅನ್ವಯಿಸುವ ಸಂರಚನಾ ಬದಲಾವಣೆಗಳು, ಅಥವ ಒಂದು ಅಪ್‌ಡೇಟನ್ನು ಅನ್ವಯಿಸುವ ಮೊದಲು ಮರು ಆರಂಭಗೊಳಿಸಬೇಕಿರುವ ಸೇವೆಗಳು. "ಪ್ರಮುಖ(Important) ಎಂದು ಗುರುತುಹಾಕಲಾದ ಚೌಕಗಳನ್ನು ಆಲಕ್ಷಿಸುವುದರಿಂದ ಮಾಹಿತಿಯು ನಾಶಗೊಳ್ಳುವುದಿಲ್ಲ, ಆದರೆ ಕಿರಿಕಿರಿ ಹಾಗು ನಿರಾಶೆಗೆ ಕಾರಣವಾಗಬಹುದು.
			</para>

		</important>
		 <warning>
			<para>
				ಒಂದು ಎಚ್ಚರಿಕೆಯನ್ನು ಆಲಕ್ಷಿಸಬಾರದು. ಎಚ್ಚರಿಕೆಗಳನ್ನು ಆಲಕ್ಷಿಸುವುದರಿಂದ ಹೆಚ್ಚಿನ ಬಾರಿ ಮಾಹಿತಿಯು ನಾಶಗೊಳ್ಳಲು ಕಾರಣವಾಗುತ್ತದೆ.
			</para>

		</warning>

	</section>

</section>


