<?xml version='1.0' encoding='utf-8' ?>
<!DOCTYPE section PUBLIC "-//OASIS//DTD DocBook XML V4.5//EN" "http://www.oasis-open.org/docbook/xml/4.5/docbookx.dtd" [
]>
<section>
	<title>ನಮಗೆ ನಿಮ್ಮ ಅಭಿಪ್ರಾಯದ ಅಗತ್ಯವಿದೆ!</title>
	 <indexterm>
		<primary>ಅಭಿಪ್ರಾಯ</primary>
		 <secondary>ಈ ಕೈಪಿಡಿಗಾಗಿನ ಸಂಪರ್ಕ ಮಾಹಿತಿ</secondary>
	</indexterm>
	 <para>
		ನಿಮ್ಮದೆ ಆದಂತಹ ಸ್ಥಳೀಯವಾದ Feedback.xml ಕಡವನ್ನು ಸೃಷ್ಟಿಸುವ ಮೂಲಕ ಇದನ್ನು ಅತಿಕ್ರಮಿಸಬೇಕು.
	</para>
</section>


