<?xml version='1.0' encoding='utf-8' ?>
<!DOCTYPE appendix PUBLIC "-//OASIS//DTD DocBook XML V4.5//EN" "http://www.oasis-open.org/docbook/xml/4.5/docbookx.dtd" [
]>
<appendix id="">
	<title>ಪುನರಾವರ್ತನಾ ಇತಿಹಾಸ</title>
	 <simpara>
		<revhistory>
			<revision>
				<revnumber>3.0-0.1</revnumber>
				 <date>Mon Mar 19 2012</date>
				 <author>
					<firstname>Jeff</firstname>
					 <surname>Fearn</surname>
					 <email>jfearn@redhat.com</email>

				</author>
				 <revdescription>
					<simplelist type="vert">
						<member>Translation files synchronised with XML sources 3.0-0</member>

					</simplelist>

				</revdescription>

			</revision>
			 <revision>
				<revnumber>3.0-0.1</revnumber>
				 <date>Mon Mar 19 2012</date>
				 <author>
					<firstname>Jeff</firstname>
					 <surname>Fearn</surname>
					 <email>jfearn@redhat.com</email>

				</author>
				 <revdescription>
					<simplelist type="vert">
						<member>Translation files synchronised with XML sources 3.0-0</member>

					</simplelist>

				</revdescription>

			</revision>
			 <revision>
				<revnumber>3.0-0</revnumber>
				 <date>Mon Mar 12 2012</date>
				 <author>
					<firstname>Jeff</firstname>
					 <surname>Fearn</surname>
					 <email>jfearn@redhat.com</email>

				</author>
				 <revdescription>
					<simplelist>
						<member>Publican 3.0</member>

					</simplelist>

				</revdescription>

			</revision>

		</revhistory>

	</simpara>
</appendix>

