<?xml version='1.0' encoding='utf-8' ?>
<!DOCTYPE section PUBLIC "-//OASIS//DTD DocBook XML V4.5//EN" "http://www.oasis-open.org/docbook/xml/4.5/docbookx.dtd" [
]>
<section>
	<title>Convenções do Documento</title>
	 <para>
		Este manual utiliza várias convenções para destacar certas palavras ou frases, e chamar a atenção para partes específicas de informação.
	</para>
	 <para>
		Nas edições em PDF e papel, este manual utiliza caracteres retirados da <ulink url="https://fedorahosted.org/liberation-fonts/">Fonte Liberation</ulink>. A Fonte Liberation também é utilizada nas edições HTML se estiver instalada no seu sistema. Caso contrário, uma alternativa equivalente será utilizada. Nota: O Red Hat Enterprise Linux 5 e posteriores incluem a Fonte Liberation por omissão.
	</para>
	 <section>
		<title>Convenções tipográficas</title>
		 <para>
			Quatro convenções tipográficas são utilizadas para chamar a atenção para palavras e frases específicas. Estas convenções, e as circunstâncias em que se aplicam, são as seguintes.
		</para>
		 <para>
			<literal>Negrito Mono-espaçado</literal>
		</para>
		 <para>
			Used to highlight system input, including shell commands, file names and paths. Also used to highlight keys and key combinations. For example:
		</para>
		 <blockquote>
			<para>
				Para ver o conteúdo do ficheiro <filename>o_meu_proximo_romance_top_de_vendas</filename> no seu directório actual de trabalho, insira <command>cat o_meu_proximo_romance_top_de_vendas</command> no terminal e carregue em <keycap>Enter</keycap> para executar este comando.
			</para>

		</blockquote>
		 <para>
			The above includes a file name, a shell command and a key, all presented in mono-spaced bold and all distinguishable thanks to context.
		</para>
		 <para>
			Key combinations can be distinguished from an individual key by the plus sign that connects each part of a key combination. For example:
		</para>
		 <blockquote>
			<para>
				Carregue em <keycap>Enter</keycap> para executar o comando.
			</para>
			 <para>
				Press <keycombo><keycap>Ctrl</keycap><keycap>Alt</keycap><keycap>F2</keycap></keycombo> to switch to a virtual terminal.
			</para>

		</blockquote>
		 <para>
			The first example highlights a particular key to press. The second example highlights a key combination: a set of three keys pressed simultaneously.
		</para>
		 <para>
			Se código-fonte é referenciado, nomes de classes, métodos, funções, nomes de variáveis e valores retornados mencionados num parágrafo serão apresentados como acima, em <literal>Negrito Mono-espaçado</literal>. Por exemplo:
		</para>
		 <blockquote>
			<para>
				Classes relativas a ficheiros incluem <classname>filesystem</classname> para o sistema de ficheiros, <classname>file</classname> para ficheiros e <classname>dir</classname> para directórios. Cada classe tem associado o seu próprio conjunto de permissões.
			</para>

		</blockquote>
		 <para>
			<application>Negrito proporcional</application>
		</para>
		 <para>
			Este modo é utilizado com palavras ou frases encontradas no sistema, incluindo nomes de aplicações; texto em caixas de diálogo; etiquetas de botões; etiquetas de botões de escolha múltipla (check-box) e de escolha simples (radio); títulos de menus e sub-menus. Por exemplo:
		</para>
		 <blockquote>
			<para>
				Seleccione <menuchoice><guimenu>Sistema</guimenu><guisubmenu>Preferências</guisubmenu><guimenuitem>Rato</guimenuitem></menuchoice> a partir da barra de menu principal para lançar a aplicação <application>Preferências do rato</application>. No separador <guilabel>Botões</guilabel>, seleccione a opção <guilabel>Canhoto</guilabel> e carregue em <guibutton>Fechar</guibutton> para mudar o botão primário do rato da esquerda para a direita (tornando-o mais adequado para utilização pela mão esquerda).
			</para>
			 <para>
				To insert a special character into a <application>gedit</application> file, choose <menuchoice><guimenu>Applications</guimenu><guisubmenu>Accessories</guisubmenu><guimenuitem>Character Map</guimenuitem></menuchoice> from the main menu bar. Next, choose <menuchoice><guimenu>Search</guimenu><guimenuitem>Find…</guimenuitem></menuchoice> from the <application>Character Map</application> menu bar, type the name of the character in the <guilabel>Search</guilabel> field and click <guibutton>Next</guibutton>. The character you sought will be highlighted in the <guilabel>Character Table</guilabel>. Double-click this highlighted character to place it in the <guilabel>Text to copy</guilabel> field and then click the <guibutton>Copy</guibutton> button. Now switch back to your document and choose <menuchoice><guimenu>Edit</guimenu><guimenuitem>Paste</guimenuitem></menuchoice> from the <application>gedit</application> menu bar.
			</para>

		</blockquote>
		 <para>
			O texto acima inclui nomes de aplicações; nomes dos menus e itens de todo o sistema; nomes de menus específicos de aplicações; assim como botões e textos encontrados nas interfaces gráficas de utilizador (GUI), todos apresentados em negrito proporcional e todos distinguíveis pelo contexto.
		</para>
		 <para>
			<command><replaceable>Itálico Negrito Mono-espaçado</replaceable></command> ou <application><replaceable>Itálico Negrito Proporcional</replaceable></application>
		</para>
		 <para>
			Quer se utilize negrito mono-espaçado ou negrito proporcional, a adição de itálicos indicam texto variável ou substituível. O itálico indica texto que não foi literalmente inserido ou texto mostrado que varia dependendo das circunstâncias. Por exemplo:
		</para>
		 <blockquote>
			<para>
				Para ligar-se a uma máquina remota utilizando ssh, digite <command>ssh <replaceable>username</replaceable>@<replaceable>domain.name</replaceable></command> numa consola. Se a máquina remota for <filename>example.com</filename> e o seu nome de utilizador é john, digite <command>ssh john@example.com</command>.
			</para>
			 <para>
				O comando <command>mount -o remount <replaceable>file-system</replaceable></command> remonta o sistema de ficheiros indicado. Por exemplo, para remontar o sistema de ficheiros <filename>/home</filename>, o comando é <command>mount -o remount /home</command>.
			</para>
			 <para>
				Para ver a versão de um pacote instalado, utilize o comando <command>rpm -q <replaceable>package</replaceable></command>. Este comando retorna um resultado como o seguinte: <command><replaceable>package-version-release</replaceable></command>.
			</para>

		</blockquote>
		 <para>
			Note the words in bold italics above — username, domain.name, file-system, package, version and release. Each word is a placeholder, either for text you enter when issuing a command or for text displayed by the system.
		</para>
		 <para>
			Para além da utilização normal para apresentar o título de uma obra, o modo itálico define a primeira utilização de um novo e importante termo. Por exemplo:
		</para>
		 <blockquote>
			<para>
				Publican é um sistema de publicação <firstterm>DocBook</firstterm>.
			</para>

		</blockquote>

	</section>
	
	 <section>
		<title>Convenções de citações</title>
		 <para>
			Dados de saída da consola ou listagens de código fonte, são destacados visualmente do texto circundante.
		</para>
		 <para>
			Dados enviados para uma consola são definidos em <computeroutput>Roman mono-espaçada</computeroutput> e apresentados assim:
		</para>
		 
<screen>books        Desktop   documentation  drafts  mss    photos   stuff  svn
books_tests  Desktop1  downloads      images  notes  scripts  svgs</screen>
		 <para>
			As listagens de código-fonte também são apresentadas em <computeroutput>Roman mono-espaçada</computeroutput>, mas são adicionados destaques de sintaxe e apresentadas como se pode ver a seguir:
		</para>
		 <xi:include href="Program_Listing.xml" xmlns:xi="http://www.w3.org/2001/XInclude" />

	</section>
	
	 <section>
		<title>Notas e Avisos</title>
		 <para>
			E para terminar, utilizamos três estilos visuais para chamar a atenção para informações que de outra forma podiam passar despercebidas.
		</para>
		 <note>
			<para>
				As notas são dicas, atalhos ou abordagens alternativa para a tarefa em questão. Ignorar uma nota, provavelmente, não trará consequências negativas, no entanto, poderá deixar passar uma dica importante que tornará sua vida mais fácil.
			</para>

		</note>
		 <important>
			<para>
				Caixas importantes chamam a atenção para coisas que são geralmente fáceis de passarem despercebidas: mudanças de configuração que somente se aplicam à sessão actual, ou serviços que precisam ser reiniciados antes que uma actualização seja efectuada. Ignorar estas caixas importantes, não provocará perda de dados, mas poderá provocar irritações e frustrações.
			</para>

		</important>
		 <warning>
			<para>
				Os avisos não devem ser ignorado. Ignorar avisos pode levar, quase de certeza, à perda de dados.
			</para>

		</warning>

	</section>

</section>


