<?xml version='1.0' encoding='utf-8' ?>
<!DOCTYPE section PUBLIC "-//OASIS//DTD DocBook XML V4.5//EN" "http://www.oasis-open.org/docbook/xml/4.5/docbookx.dtd" [
]>
<section>
	<title>Konvencie použité v dokumente</title>
	 <para>
		V tomto manuále je na zvýraznenie istých slov a fráz a upozornenie na špecifické kúsky informácií použitých niekoľko konvencií.
	</para>
	 <para>
		V PDF a v papierových vydaniach sú v tomto manuále použité typy písma vykresľované pomocou súpravy písiem <ulink url="https://fedorahosted.org/liberation-fonts/">Liberation Fonts</ulink>. Tie isté písma sú použité tiež v HTML vydaniach v prípade, že sú vo vašom sýsteme nainštalované. Ak nie sú, budú použité alternatívne, ale rovnocenné typy písma. Poznámka: Red Hat Enterprise Linux 5 a novšie vydania už predvolene obsahujú množinu písem Liberation Fonts.
	</para>
	 <section>
		<title>Typografické konvencie</title>
		 <para>
			Na zvýraznenie špecifických slov a fráz sú použité 4 konvencie. Nasledujú tieto konvencie a prípady, kedy sú použité, nasledujú.
		</para>
		 <para>
			<literal>Mono-spaced Bold</literal>
		</para>
		 <para>
			Used to highlight system input, including shell commands, file names and paths. Also used to highlight keys and key combinations. For example:
		</para>
		 <blockquote>
			<para>
				Na zobrazenie obsahu súboru <filename>my_next_bestselling_novel</filename> v aktuálnom priečinku, zadajte vo výzve shellu príkaz <command>cat my_next_bestselling_novel</command> a stlačte <keycap>Enter</keycap> na vykonanie príkazu.
			</para>

		</blockquote>
		 <para>
			The above includes a file name, a shell command and a key, all presented in mono-spaced bold and all distinguishable thanks to context.
		</para>
		 <para>
			Key combinations can be distinguished from an individual key by the plus sign that connects each part of a key combination. For example:
		</para>
		 <blockquote>
			<para>
				Na vykonanie príkazu stlačte <keycap>Enter</keycap>.
			</para>
			 <para>
				Press <keycombo><keycap>Ctrl</keycap><keycap>Alt</keycap><keycap>F2</keycap></keycombo> to switch to a virtual terminal.
			</para>

		</blockquote>
		 <para>
			The first example highlights a particular key to press. The second example highlights a key combination: a set of three keys pressed simultaneously.
		</para>
		 <para>
			If source code is discussed, class names, methods, functions, variable names and returned values mentioned within a paragraph will be presented as above, in <literal>mono-spaced bold</literal>. For example:
		</para>
		 <blockquote>
			<para>
				Kategórie spojené so súbormi obsahujú <classname>filesystem</classname> pre súborové systémy, <classname>file</classname> pre súbory a <classname>dir</classname> pre priečinky. Každá trieda má vlastnú priradenú sadu práv.
			</para>

		</blockquote>
		 <para>
			<application>Proportional Bold</application>
		</para>
		 <para>
			This denotes words or phrases encountered on a system, including application names; dialog box text; labeled buttons; check-box and radio button labels; menu titles and sub-menu titles. For example:
		</para>
		 <blockquote>
			<para>
				Choose <menuchoice><guimenu>System</guimenu><guisubmenu>Preferences</guisubmenu><guimenuitem>Mouse</guimenuitem></menuchoice> from the main menu bar to launch <application>Mouse Preferences</application>. In the <guilabel>Buttons</guilabel> tab, click the <guilabel>Left-handed mouse</guilabel> check box and click <guibutton>Close</guibutton> to switch the primary mouse button from the left to the right (making the mouse suitable for use in the left hand).
			</para>
			 <para>
				To insert a special character into a <application>gedit</application> file, choose <menuchoice><guimenu>Applications</guimenu><guisubmenu>Accessories</guisubmenu><guimenuitem>Character Map</guimenuitem></menuchoice> from the main menu bar. Next, choose <menuchoice><guimenu>Search</guimenu><guimenuitem>Find…</guimenuitem></menuchoice> from the <application>Character Map</application> menu bar, type the name of the character in the <guilabel>Search</guilabel> field and click <guibutton>Next</guibutton>. The character you sought will be highlighted in the <guilabel>Character Table</guilabel>. Double-click this highlighted character to place it in the <guilabel>Text to copy</guilabel> field and then click the <guibutton>Copy</guibutton> button. Now switch back to your document and choose <menuchoice><guimenu>Edit</guimenu><guimenuitem>Paste</guimenuitem></menuchoice> from the <application>gedit</application> menu bar.
			</para>

		</blockquote>
		 <para>
			The above text includes application names; system-wide menu names and items; application-specific menu names; and buttons and text found within a GUI interface, all presented in proportional bold and all distinguishable by context.
		</para>
		 <para>
			<command><replaceable>Neproporcionálna Tučná Kurzíva</replaceable></command> alebo <application><replaceable>Proporcionálna Tučná Kurzíva</replaceable></application>
		</para>
		 <para>
			Whether mono-spaced bold or proportional bold, the addition of italics indicates replaceable or variable text. Italics denotes text you do not input literally or displayed text that changes depending on circumstance. For example:
		</para>
		 <blockquote>
			<para>
				Na pripojenie ku vzdialenému systému pomocou ssh vo výzve shellu zadajte <command>ssh <replaceable>používateľské_meno</replaceable>@<replaceable>názov.domény</replaceable></command>. Ak je vzdialený systém <filename>example.com</filename> a vaše používateľské meno na ňom je john, zadajte <command>ssh john@example.com</command>.
			</para>
			 <para>
				Príkaz <command>mount -o remount <replaceable>súborový-systém</replaceable></command> znova pripojí spomenutý súborový systém. Napríklad na opätovné pripojenie súborového systému <filename>/home</filename> je príkaz <command>mount -o remount /home</command>.
			</para>
			 <para>
				Na zistenie verzie nainštalovaného balíčka použite príkaz <command>rpm -q <replaceable>balíček</replaceable></command>. Vrátený výsledok bude nasledovný: <command><replaceable>balíček-verzia-vydanie</replaceable></command>.
			</para>

		</blockquote>
		 <para>
			Note the words in bold italics above — username, domain.name, file-system, package, version and release. Each word is a placeholder, either for text you enter when issuing a command or for text displayed by the system.
		</para>
		 <para>
			Výnimkou z bežného využitia na zobrazenie nadpisu práce je, že kurzíva označuje prvé použitie nového a dôležitého výrazu. Napríklad:
		</para>
		 <blockquote>
			<para>
				Publican is a <firstterm>DocBook</firstterm> publishing system.
			</para>

		</blockquote>

	</section>
	
	 <section>
		<title>Konvencie pre citáty</title>
		 <para>
			Terminal output and source code listings are set off visually from the surrounding text.
		</para>
		 <para>
			Output sent to a terminal is set in <computeroutput>mono-spaced roman</computeroutput> and presented thus:
		</para>
		 
<screen>knihy        Plocha    dokumentácia  drafts  mss      fotky   všeličo svn
books_tests  Plocha1   stiahnuté     obrázky poznámky skripty svgs</screen>
		 <para>
			Source-code listings are also set in <computeroutput>mono-spaced roman</computeroutput> but add syntax highlighting as follows:
		</para>
		 <xi:include href="Program_Listing.xml" xmlns:xi="http://www.w3.org/2001/XInclude" />

	</section>
	
	 <section>
		<title>Poznámky a upozornenia</title>
		 <para>
			A nakoniec, používame tri vizuálne štýly na upozornenie na informácie, ktoré by inak mohli zostať nepovšimnuté.
		</para>
		 <note>
			<para>
				Notes are tips, shortcuts or alternative approaches to the task at hand. Ignoring a note should have no negative consequences, but you might miss out on a trick that makes your life easier.
			</para>

		</note>
		 <important>
			<para>
				Important boxes detail things that are easily missed: configuration changes that only apply to the current session, or services that need restarting before an update will apply. Ignoring a box labeled 'Important' will not cause data loss but may cause irritation and frustration.
			</para>

		</important>
		 <warning>
			<para>
				Warnings should not be ignored. Ignoring warnings will most likely cause data loss.
			</para>

		</warning>

	</section>

</section>


