<?xml version='1.0' encoding='utf-8' ?>
<!DOCTYPE section PUBLIC "-//OASIS//DTD DocBook XML V4.5//EN" "http://www.oasis-open.org/docbook/xml/4.5/docbookx.dtd" [
]>
<section>
	<title>Convenciones del Documento</title>
	 <para>
		Este manual utiliza varias convenciones para resaltar algunas palabras y frases y llamar la atención sobre ciertas partes específicas de información.
	</para>
	 <para>
		En ediciones PDF y de papel, este manual utiliza tipos de letra procedentes de <ulink url="https://fedorahosted.org/liberation-fonts/">Liberation Fonts</ulink>. Liberation Fonts también se utilizan en ediciones de HTML si están instalados en su sistema. Si no, se muestran tipografías alternativas pero equivalentes. Nota: Red Hat Enterprise Linux 5 y siguientes incluyen Liberation Fonts predeterminadas.
	</para>
	 <section>
		<title>Convenciones tipográficas</title>
		 <para>
			Se utilizan cuatro convenciones tipográficas para llamar la atención sobre palabras o frases específicas. Dichas convenciones y las circunstancias en que se aplican son las siguientes:
		</para>
		 <para>
			<literal>Negrita monoespaciado</literal>
		</para>
		 <para>
			Utilizado para resaltar la entrada del sistema, incluyendo los comandos de shell, nombres de archivos y rutas. También sirve para resaltar teclas y combinaciones de teclas. Por ejemplo:
		</para>
		 <blockquote>
			<para>
				Para ver el contenido del archivo <filename>my_next_bestselling_novel</filename> en su directorio actual de trabajo, escriba el comando <command>cat my_next_bestselling_novel</command> en el intérprete de comandos de shell y pulse <keycap>Enter</keycap> para ejecutar el comando.
			</para>

		</blockquote>
		 <para>
			El ejemplo anterior incluye un nombre de archivo, un comando de shell y una tecla . Todo se presenta en negrita-monoespaciado y distinguible gracias al contexto.
		</para>
		 <para>
			Las combinaciones de teclas se pueden distinguir de las individuales con el signo más que conecta cada partee de la combinación de tecla. Por ejemplo:
		</para>
		 <blockquote>
			<para>
				Pulse <keycap>Enter</keycap> para ejecutar el comando.
			</para>
			 <para>
				Pulse <keycombo><keycap>Ctrl</keycap><keycap>Alt</keycap><keycap>F2</keycap></keycombo> para pasar a una terminal virtual.
			</para>

		</blockquote>
		 <para>
			El primer ejemplo resalta una tecla particular a pulsar. El segundo ejemplo, resalta una combinación de teclas: un set de tres teclas pulsadas simultáneamente.
		</para>
		 <para>
			Si se discute el código fuente, los nombres de las clase, los métodos, las funciones, los nombres de variables y valores de retorno mencionados dentro de un párrafo serán presentados en <literal>Negrita-monoespaciado</literal>. Por ejemplo:
		</para>
		 <blockquote>
			<para>
				Las clases de archivo relacionadas incluyen <classname>filename</classname> para sistema de archivos, <classname>file</classname> para archivos y <classname>dir</classname> para directorios. Cada clase tiene su propio conjunto asociado de permisos.
			</para>

		</blockquote>
		 <para>
			<application>Negrita proporcional</application>
		</para>
		 <para>
			Esta denota palabras o frases encontradas en un sistema, incluyendo nombres de aplicación, texto de cuadro de diálogo, botones etiquetados, etiquetas de cajilla de verificación y botón de radio; títulos de menú y títulos del submenú. Por ejemplo:
		</para>
		 <blockquote>
			<para>
				Seleccionar <menuchoice><guimenu>Sistema</guimenu><guisubmenu>Preferencias</guisubmenu><guimenuitem>Ratón</guimenuitem></menuchoice> desde la barra del menú principal para lanzar <application>Preferencias de Ratón</application>. En la pestaña de <guilabel>Botones</guilabel>, haga clic en la cajilla <guilabel>ratón de mano izquierda</guilabel> y luego haga clic en <guibutton>Cerrar</guibutton> para cambiar el botón principal del ratón de la izquierda a la derecha (adecuando el ratón para la mano izquierda).
			</para>
			 <para>
				Para insertar un carácter especial en un archivo <application>gedit</application>, seleccione <menuchoice><guimenu>Aplicaciones</guimenu><guisubmenu>Accesorios</guisubmenu><guimenuitem>Mapa de caracteres</guimenuitem></menuchoice> de la barra del menú. Luego, seleccione <menuchoice><guimenu>Búsqueda</guimenu><guimenuitem>Buscar…</guimenuitem></menuchoice> de la barra del menú de <application>Mapa de caracteres</application>, escriba el nombre del carácter en el campo de <guilabel>Búsqueda</guilabel> y haga clic en <guibutton>Siguiente</guibutton>. El carácter que buscó será resaltado en la <guilabel>Tabla de caracteres</guilabel>. Haga doble clic en ese carácter resaltado para colocarlo en el campo de <guilabel>Texto a copiar</guilabel> y luego haga clic en el botón <guibutton>Copiar</guibutton>. Ahora regrese al documento y elija <menuchoice><guimenu>Modificar</guimenu><guimenuitem>Pegar</guimenuitem></menuchoice> de la barra de menú de <application>gedit</application>.
			</para>

		</blockquote>
		 <para>
			El texto anterior incluye nombres de aplicación; nombres y elementos del menú de todo el sistema; nombres de menú de aplicaciones específicas y botones y texto hallados dentro de una interfaz gráfica de usuario, todos presentados en negrita proporcional y distinguibles por contexto.
		</para>
		 <para>
			<command><replaceable>Itálicas-negrita monoespaciado</replaceable></command> o <application><replaceable>Itálicas-negrita proporcional</replaceable></application>
		</para>
		 <para>
			Ya sea negrita monoespaciado o negrita proporcional, la adición de itálicas indica texto reemplazable o variable. Las itálicas denotan texto que usted no escribe literalmente o texto mostrado que cambia dependiendo de la circunstancia. Por ejemplo:
		</para>
		 <blockquote>
			<para>
				Para conectar a una máquina remota utilizando ssh, teclee <command>ssh <replaceable>nombre de usuario</replaceable>@<replaceable>dominio.nombre</replaceable></command> en un intérprete de comandos de shell. Si la máquina remota es <filename>example.com</filename> y su nombre de usuario en esa máquina es john, teclee <command>ssh john@example.com</command>.
			</para>
			 <para>
				El comando <command>mount -o remount <replaceable>file-system</replaceable></command> remonta el sistema de archivo llamado. Por ejemplo, para volver a montar el sistema de archivo <filename>/home</filename>, el comando es <command>mount -o remount /home</command>.
			</para>
			 <para>
				Para ver la versión de un paquete actualmente instalado, utilice el comando <command>rpm -q <replaceable>paquete</replaceable></command>. Éste entregará el resultado siguiente: <command><replaceable>paquete-versión-lanzamiento</replaceable></command>.
			</para>

		</blockquote>
		 <para>
			Observe que las palabras resaltadas en itálicas — nombre de usuario, dominio.nombre, sistema de archivo, paquete, versión y lanzamiento. Cada palabra es un marcador de posición, ya sea de texto a ingresar cuando se ejecuta un comando o para un texto ejecutado por el sistema.
		</para>
		 <para>
			Aparte del uso estándar para presentar el título de un trabajo, las itálicas denotan el primer uso de un término nuevo e importante. Por ejemplo:
		</para>
		 <blockquote>
			<para>
				Publican es un sistema de publicación de <firstterm>DocBook</firstterm>.
			</para>

		</blockquote>

	</section>
	
	 <section>
		<title>Convenciones del documento</title>
		 <para>
			Los mensajes de salida de la terminal o fragmentos de código fuente se distinguen visualmente del texto circundante.
		</para>
		 <para>
			Los mensajes de salida enviados a una terminal se muestran en <computeroutput>romano monoespaciado</computeroutput> y se presentan así:
		</para>
		 
<screen>books        Desktop   documentation  drafts  mss    photos   stuff  svn
books_tests  Desktop1  downloads      images  notes  scripts  svgs</screen>
		 <para>
			Los listados de código fuente también se muestran en <computeroutput>romano monoespaciado</computeroutput>, pero se presentan y resaltan de la siguiente manera:
		</para>
		 <xi:include href="Program_Listing.xml" xmlns:xi="http://www.w3.org/2001/XInclude" />

	</section>
	
	 <section>
		<title>Notas y Advertencias</title>
		 <para>
			Finalmente, utilizamos tres estilos visuales para llamar la atención sobre la información que de otro modo se podría pasar por alto.
		</para>
		 <note>
			<para>
				Una nota es una sugerencia, atajo o enfoque alternativo para una tarea determinada. Ignorar una nota no debería tener consecuencias negativas, pero podría perderse de algunos trucos que pueden facilitarle las cosas.
			</para>

		</note>
		 <important>
			<para>
				Los cuadros con el título de importante dan detalles de cosas que se pueden pasar por alto fácilmente: cambios de configuración únicamente aplicables a la sesión actual, o servicios que necesitan reiniciarse antes de que se aplique una actualización. Ignorar estos cuadros no ocasionará pérdida de datos, pero puede causar enfado y frustración.
			</para>

		</important>
		 <warning>
			<para>
				Las advertencias no deben ignorarse. Ignorarlas muy probablemente ocasionará pérdida de datos.
			</para>

		</warning>

	</section>

</section>


