<?xml version='1.0' encoding='utf-8' ?>
<!DOCTYPE section PUBLIC "-//OASIS//DTD DocBook XML V4.5//EN" "http://www.oasis-open.org/docbook/xml/4.5/docbookx.dtd" [
]>
<section>
	<title>අපට ප්‍රථිචාර අවශ්‍යයි!</title>
	 <indexterm>
		<primary>ප්‍රථිචාරය</primary>
		 <secondary>මෙම අත්පොත සඳහා සම්බන්ධතා තොරතුරු</secondary>
	</indexterm>
	 <para>
		You should over ride this by creating your own local Feedback.xml file.
	</para>
</section>


