<?xml version='1.0' encoding='utf-8' ?>
<!DOCTYPE section PUBLIC "-//OASIS//DTD DocBook XML V4.5//EN" "http://www.oasis-open.org/docbook/xml/4.5/docbookx.dtd" [
]>
<section>
	<title>Irat hagyományok</title>
	 <para>
		E kézikönyv számos hagyományt használ bizonyos szavak és kifejezések kiemelésére, illetve azért, hogy felhívja a figyelmet bizonyos adatokra.
	</para>
	 <para>
		PDF és papír kiadásokban, e kézikönyv a <ulink url="https://fedorahosted.org/liberation-fonts/">Liberation Fonts</ulink> betűket használja. A Liberation Fonts halmaz a HTML kiadásokban is használják, ha a betűket telepítették a rendszerbe. Ha nem, akkor más azokkal egyenértékű betűk jelennek meg. Megjegyzés: a Red Hat Enterprise Linux 5 és újabb változatai tartalmazzák a Liberation Fonts betűket.
	</para>
	 <section>
		<title>Tipográfiai hagyományok</title>
		 <para>
			Négy tipográfiai jelölést használunk figyelemfelhívásra bizonyos szavak és kifejezések esetében. E jelölések és a körülmények amelyek közt alkalmazzuk őket a következőek:
		</para>
		 <para>
			<literal>Mono-spaced Bold</literal>
		</para>
		 <para>
			Used to highlight system input, including shell commands, file names and paths. Also used to highlight keys and key combinations. For example:
		</para>
		 <blockquote>
			<para>
				Egy az aktuális munkamappában levő fájl, a <filename>kedvenc_toplistás_regényem</filename> tartalmának megtekintéséhez gépelje be a <command>cat kedvenc_toplistás_regényem</command> parancsot a terminálban és nyomjon <keycap>Enter</keycap>t, aparancs végrehajtásához.
			</para>

		</blockquote>
		 <para>
			The above includes a file name, a shell command and a key, all presented in mono-spaced bold and all distinguishable thanks to context.
		</para>
		 <para>
			Key combinations can be distinguished from an individual key by the plus sign that connects each part of a key combination. For example:
		</para>
		 <blockquote>
			<para>
				Nyomjon <keycap>Enter</keycap>t a parancs végrehajtásához.
			</para>
			 <para>
				Press <keycombo><keycap>Ctrl</keycap><keycap>Alt</keycap><keycap>F2</keycap></keycombo> to switch to a virtual terminal.
			</para>

		</blockquote>
		 <para>
			The first example highlights a particular key to press. The second example highlights a key combination: a set of three keys pressed simultaneously.
		</para>
		 <para>
			If source code is discussed, class names, methods, functions, variable names and returned values mentioned within a paragraph will be presented as above, in <literal>mono-spaced bold</literal>. For example:
		</para>
		 <blockquote>
			<para>
				Fájlkezelő osztályok tartalmaznak egy <classname>filesystem</classname>et fájlrendszerekhez, <classname>file</classname>t fájlokhoz illetve <classname>dir</classname>t mappákhoz. Minden egyes osztályhoz tartozik hozzá rendelt jogosultság halmaz.
			</para>

		</blockquote>
		 <para>
			<application>Proportional Bold</application>
		</para>
		 <para>
			This denotes words or phrases encountered on a system, including application names; dialog box text; labeled buttons; check-box and radio button labels; menu titles and sub-menu titles. For example:
		</para>
		 <blockquote>
			<para>
				Choose <menuchoice><guimenu>System</guimenu><guisubmenu>Preferences</guisubmenu><guimenuitem>Mouse</guimenuitem></menuchoice> from the main menu bar to launch <application>Mouse Preferences</application>. In the <guilabel>Buttons</guilabel> tab, click the <guilabel>Left-handed mouse</guilabel> check box and click <guibutton>Close</guibutton> to switch the primary mouse button from the left to the right (making the mouse suitable for use in the left hand).
			</para>
			 <para>
				To insert a special character into a <application>gedit</application> file, choose <menuchoice><guimenu>Applications</guimenu><guisubmenu>Accessories</guisubmenu><guimenuitem>Character Map</guimenuitem></menuchoice> from the main menu bar. Next, choose <menuchoice><guimenu>Search</guimenu><guimenuitem>Find…</guimenuitem></menuchoice> from the <application>Character Map</application> menu bar, type the name of the character in the <guilabel>Search</guilabel> field and click <guibutton>Next</guibutton>. The character you sought will be highlighted in the <guilabel>Character Table</guilabel>. Double-click this highlighted character to place it in the <guilabel>Text to copy</guilabel> field and then click the <guibutton>Copy</guibutton> button. Now switch back to your document and choose <menuchoice><guimenu>Edit</guimenu><guimenuitem>Paste</guimenuitem></menuchoice> from the <application>gedit</application> menu bar.
			</para>

		</blockquote>
		 <para>
			The above text includes application names; system-wide menu names and items; application-specific menu names; and buttons and text found within a GUI interface, all presented in proportional bold and all distinguishable by context.
		</para>
		 <para>
			<command><replaceable>Egyenszéles dőlt félkövér</replaceable></command> vagy <application><replaceable>Arányos dőlt félkövér</replaceable></application>
		</para>
		 <para>
			Whether mono-spaced bold or proportional bold, the addition of italics indicates replaceable or variable text. Italics denotes text you do not input literally or displayed text that changes depending on circumstance. For example:
		</para>
		 <blockquote>
			<para>
				Távoli gépre ssh-t használva történő bejelentkezéshez gépelje be az <command>ssh <replaceable>használó</replaceable>@<replaceable>tartomány.neve</replaceable></command> parancsot a parancssorba. Ha a távoli gép <filename>pelda.hu</filename> és a használó azonosítója azon a gépen jani, akkor gépelje be az <command>ssh jani@pelda.hu</command> parancsot.
			</para>
			 <para>
				A <command>mount -o remount <replaceable>fájlrendszer</replaceable></command> parancs újra csatolja a megnevezett fájlrendszert. Például a <filename>/home</filename> fájlrendszer újracsatolására való parancs a <command>mount -o remount /home</command>.
			</para>
			 <para>
				Az éppen telepített csomag változat számát megtekintendő, használja az <command>rpm -q <replaceable>csomag</replaceable></command> parancsot. Ez a következő eredményt adja: <command><replaceable>csomag-változat-kiadás</replaceable></command>.
			</para>

		</blockquote>
		 <para>
			Note the words in bold italics above — username, domain.name, file-system, package, version and release. Each word is a placeholder, either for text you enter when issuing a command or for text displayed by the system.
		</para>
		 <para>
			A szokványos – munka címét megjelenítendő – használat mellett a dőlt betű új fontos szakkifejezés első használatát is jelölheti. Például:
		</para>
		 <blockquote>
			<para>
				Publican is a <firstterm>DocBook</firstterm> publishing system.
			</para>

		</blockquote>

	</section>
	
	 <section>
		<title>Behúzós idézetek</title>
		 <para>
			Terminal output and source code listings are set off visually from the surrounding text.
		</para>
		 <para>
			Output sent to a terminal is set in <computeroutput>mono-spaced roman</computeroutput> and presented thus:
		</para>
		 
<screen>könyvek      Asztal    iratok         félkész mss    fotók    dolgok svn
könyv_próba  Asztal1   letöltések     képek   jegyz  írások   svg</screen>
		 <para>
			Source-code listings are also set in <computeroutput>mono-spaced roman</computeroutput> but add syntax highlighting as follows:
		</para>
		 <xi:include href="Program_Listing.xml" xmlns:xi="http://www.w3.org/2001/XInclude" />

	</section>
	
	 <section>
		<title>Megjegyzések és figyelmeztetések</title>
		 <para>
			Végül három látványos stílust használunk figyelemfelkeltésre olyan tájékoztatáshoz, ami felett könnyen átsiklanának.
		</para>
		 <note>
			<para>
				Notes are tips, shortcuts or alternative approaches to the task at hand. Ignoring a note should have no negative consequences, but you might miss out on a trick that makes your life easier.
			</para>

		</note>
		 <important>
			<para>
				Important boxes detail things that are easily missed: configuration changes that only apply to the current session, or services that need restarting before an update will apply. Ignoring a box labeled 'Important' will not cause data loss but may cause irritation and frustration.
			</para>

		</important>
		 <warning>
			<para>
				Warnings should not be ignored. Ignoring warnings will most likely cause data loss.
			</para>

		</warning>

	</section>

</section>


