<?xml version='1.0' encoding='utf-8' ?>
<!DOCTYPE section PUBLIC "-//OASIS//DTD DocBook XML V4.5//EN" "http://www.oasis-open.org/docbook/xml/4.5/docbookx.dtd" [
]>
<section>
	<title>दस्तऐवज नियमावली</title>
	 <para>
		ठराविक शब्द व वाक्यरचना ठळक करण्याकरीता व ठराविक माहितीकडे लक्ष वेधण्याकरीता ही पुस्तिका विविध नियमावली वापरते.
	</para>
	 <para>
		PDF व पेपर आवृत्ती अंतर्गत, ही पुस्तिका <ulink url="https://fedorahosted.org/liberation-fonts/">लिबरेशन फॉन्ट</ulink> संच पासूनचे टाइपफेसचा वापर करते. लिबरेशन फॉन्ट संच प्रणालीवर प्रतिष्ठापीत असल्यास त्याचा वापर HTML आवृत्तीतही केला जाऊ शकतो. तसे नसल्यास, वैक्लपिक परंतु समान टाइपफेस दर्शविले जाते. टिप: Red Hat Enterprise Linux 5 व पुढिल आवृत्ती अंतर्गत लिबरेशन फॉन्ट मुलभूतरित्या निश्चित केले जाते.
	</para>
	 <section>
		<title>टायपोग्राफीक नियमावली</title>
		 <para>
			ठराविक शब्द व वाक्यरचना करीता लक्ष वेधण्याकरीता चार टायपोग्राफिक नियमावली वापरले जाते. या नियमावली, व त्याच्याशी संबंधीत लागू करण्याजोगी वातावरण, खालिल नुरूप आहेत.
		</para>
		 <para>
			<literal>मोनो-स्पेस्ड् बोल्ड</literal>
		</para>
		 <para>
			प्रणाली इन्पुट, सर्व शेल आदेश, फाइल नावे व मार्ग ठळक करण्यासाठी वापरले जाते. कि व कि जोडणी ठळक करण्यासाठी देखिल वापरले जाते. उदाहरणार्थ:
		</para>
		 <blockquote>
			<para>
				सध्याच्या कार्रत डिरेक्ट्रीमध्ये <filename>my_next_bestselling_novel</filename> फाइलची अंतर्भुत माहिती पाहण्याकरीता, शेल प्रॉम्पट वर <command>cat my_next_bestselling_novel</command> आदेश द्या व आदेश चालविण्याकरीता <keycap>Enter</keycap> दाबा.
			</para>

		</blockquote>
		 <para>
			वरीलमध्ये पाइलचे नाव, शेल आदेश व कि समाविष्टीत आहे, सर्व मोनो-स्पेस्ड् बोल्डमध्ये प्रस्तुत केले जातात व सगळ्यांचा संदर्भ वेगळा असतो.
		</para>
		 <para>
			प्लस् चिन्हाच्या मदतीने, जे कि जोडणीला प्रत्येक भागासह जुळते; व्यक्तिगत किपासून कि जोडणीला वेगळे करणे शक्य आहे. उदाहरणार्थ:
		</para>
		 <blockquote>
			<para>
				आदेश चालविण्याकरीता <keycap>Enter</keycap> दाबा.
			</para>
			 <para>
				वर्च्युअल टर्मिनलचा वापर करण्यासाठी <keycombo><keycap>Ctrl</keycap><keycap>Alt</keycap><keycap>F2</keycap></keycombo> दाबा.
			</para>

		</blockquote>
		 <para>
			पहिले उदाहरण दाबण्याजोगी ठराविक किला ठळक करतो. दुसरे उदाहरण कि जोडणी ठळक करतो: तीन किज्ला एकाचवेळी दाबल्यास.
		</para>
		 <para>
			सोअर्स् कोडचा उल्लेख केल्यावर परिच्छेदातील, क्लास्चे नाव, मेथड्स्, फंक्शन्स्, वेरियेबल नावे व रिटअर्न मूल्य <literal>मोनो-स्पेस्ड् बोल्ड</literal> मध्ये प्रस्तूत केले जातील. उदाहरणार्थ:
		</para>
		 <blockquote>
			<para>
				फाइल-संबंधित वर्ग अंतर्गत फाइल प्रणाली करीता <classname>filesystem</classname>, फाइल करीता <classname>file</classname>, व संचयीका करीता <classname>dir</classname> समाविष्टीत आहे. प्रत्येक वर्गकाकडे संबंधित परवानगी संच समाविष्ठीत आहे.
			</para>

		</blockquote>
		 <para>
			<application>प्रप्रोर्श्नल बोल्ड</application>
		</para>
		 <para>
			हे प्रणालीवरील शब्द किंवा वाक्यरचना दाखवते, ज्यामध्ये ऍनीमेशनचे नाव; संवादपेटीतील मजकूर; लेबल बटने; चेक-बॉक्स् व रेडिओ बटन लेबल्स्; मेन्यू शिर्षक व उप-मेन्यू शिर्षकाचे समावेश आहे. उदाहरणार्थ:
		</para>
		 <blockquote>
			<para>
				<menuchoice><guimenu>प्रणाली</guimenu><guisubmenu>पसंती</guisubmenu><guimenuitem>माऊस</guimenuitem></menuchoice> पर्याय मुख्य मेन्यू पट्टीतून नीवडा व <application>माऊस पसंती</application> सुरू करा. <guilabel>बटन्स्</guilabel> टॅबमध्ये, <guilabel>डावे-हाताळणी माऊस</guilabel> चेक बॉक्स क्लिक करा व <guibutton>बंद करा</guibutton> क्लिक करून प्राथमीक माऊस बटन डावीपासून ऊजवीकडे बदला (यामुले उजव्या हाताळणीच्या वापरकर्त्यांना माऊस हाताळणी सोपे होते).
			</para>
			 <para>
				<application>जिएडिट</application> फाइलमध्ये विशेष अक्षर अंतर्भुत करण्यासाठी, मुख्य मेन्यु पट्टीतून <menuchoice><guimenu>ॲप्लिकेशन्स्</guimenu><guisubmenu>ॲसेसरिज्</guisubmenu><guimenuitem>कॅरेक्टर मॅप</guimenuitem></menuchoice> पसंत करा. पुढे, <menuchoice><guimenu>शोधा</guimenu><guimenuitem>शोधा…</guimenuitem></menuchoice> पसंत करा, <application>कॅरेक्टर मॅप</application> मेन्यु पट्टीतून, <guilabel>शोधा</guilabel> क्षेत्रात अक्षराचे नाव टाइप करा व <guibutton>पुढे</guibutton> बटन क्लिक करा. प्राप्य अक्षराला <guilabel>कॅरेक्टर टेबल</guilabel> येथे ठळक केले जाईल. <guilabel>प्रत बनवण्याजोगी मजकूर</guilabel> क्षेत्रात ह्या ठळक अक्षराला स्थित करण्यासाठी दोनवेळा क्लिक करा व त्यानंतर <guibutton>प्रत बनवा</guibutton> बटनावर क्लिक करा. आता दस्तऐवजांचा वापर करा व <menuchoice><guimenu>संपादित करा</guimenu><guimenuitem>चिकटवा</guimenuitem></menuchoice> पसंत करा, <application>जिएडिट</application> मेन्यु पट्टीतून.
			</para>

		</blockquote>
		 <para>
			वरील मजकूरमध्ये ऍप्लिकेशनचे नावे; प्रणाली-क्षेत्र मेन्यू नावे व घटके; ऍप्लिकेशन्स्-निर्देशीत मेन्यू नावे; व बटने व GUI संवादमधील मजकूर समाविष्टीत आहे, सर्व प्रप्रोर्श्नल बोल्डमध्ये प्रस्तुत केले आहेत व संदर्भशी नीगडीत आहे.
		</para>
		 <para>
			<command><replaceable>मोनो-स्पेस्ड् बोल्ड इटॅलीक</replaceable></command> किंवा <application><replaceable>प्रप्रोर्श्नल बोल्ड इटॅलीक</replaceable></application>
		</para>
		 <para>
			मोनो-स्पेस्ड् बोल्ड किंवा प्रप्रोर्श्नल बोल्ड, इटॅलीक्स् बदलविण्याजोगी किंवा बदलाव पाठ्य दर्शविते. इटॅलीक्स् तुम्ही इच्छिकरित्या प्रविष्ट न केलेलेकिंवा परस्पर स्थिती नुरूप बदलणारे पाठ्य दर्शविते. उदाहरणार्थ:
		</para>
		 <blockquote>
			<para>
				दूर्रस्थ मशीनशी ssh द्वारे जुळवणी स्थापीत करायचे असल्यास, शेल प्रॉम्पटवर <command>ssh <replaceable>वापरकर्तानाव</replaceable>@<replaceable>क्षेत्र.नाव</replaceable></command> टाइप करा. दूर्रस्थ मशीन <filename>example.com</filename> असल्यास व वापरकर्त्याचे नाव john असल्यास, <command>ssh john@example.com</command> टाइप करा.
			</para>
			 <para>
				<command>mount -o remount <replaceable>फाइल-प्रणली</replaceable></command> आदेश, नामांकीत फाइल प्रणालीस पुन्ह आरोहीत करते. उदाहरणार्थ, <filename>/home</filename> फाइल प्रणाली पुन्हा आरोहीत करण्याकरीत, <command>mount -o remount /home</command> असे आदेश आहे.
			</para>
			 <para>
				वर्तमानरित्या प्रतिष्ठापीत संकुलाची आवृत्ती पहाची असल्यावर, <command>rpm -q <replaceable>संकुल</replaceable></command> आदेश वापरा. परिणाम खालिल नुरूप दर्शविले जातील: <command><replaceable>संकुल-आवृत्ती-प्रकाशन</replaceable></command>.
			</para>

		</blockquote>
		 <para>
			वरील बोल्ड इटॅलिक्स् शब्दांकडे लक्ष द्या — वापरकर्तानाव, domain.name, फाइल-प्रणाली, संकुल, आवृत्ती व प्रकाशन. प्रत्येक शब्द प्लेसफोल्ड आहे, एकतर आदेश देतेवेळी दिलेल्या मजकूरकरीता किंवा प्रणालीतर्फे दाखवलेल्या मजकूरकरीता.
		</para>
		 <para>
			कार्य शिर्षक करीता मानक वापर याच्या व्यतिरिक्त, इटॅलीक्स्चा वापरप्रथम किंवा महत्वाची संज्ञा दर्शविण्याकरीता केला जातो. उदाहरणार्थ:
		</para>
		 <blockquote>
			<para>
				पब्लिकन <firstterm>डॉकबूक</firstterm> प्रकाशन प्रणाली आहे.
			</para>

		</blockquote>

	</section>
	
	 <section>
		<title>पूल्ल-कोट् नियमावली</title>
		 <para>
			भोवतालच्या मजकूर पासून टर्मिनलचे आऊटपुट व स्रोत कोड सूची दृष्यास्पदपणे सेट केले जाते.
		</para>
		 <para>
			टर्मिनलकरीता पाठवलेले आऊटपुट <computeroutput>मोनो-स्पेस्ड् रोमन</computeroutput> मध्ये निश्चित केले असते व याप्रमाणे प्रस्तुत केले जाते:
		</para>
		 
<screen>पुस्ते        डेस्कटॉप   दस्तऐवजीकरण  मसुदा  mss    फोटोज   स्टफ्  svn
books_tests  डेस्कटॉप1  डाऊनलोड्स्      प्रतिमा  नोट्स्  स्क्रिप्ट्स्  svgs</screen>
		 <para>
			सोअर्स-कोड सूची देखील <computeroutput>मोनो-स्पेस्ड् रोमन</computeroutput> मध्ये सेट केले जाते परंतु रचना या प्रकारे ठळक केली जाते:
		</para>
		 <xi:include href="Program_Listing.xml" xmlns:xi="http://www.w3.org/2001/XInclude" />

	</section>
	
	 <section>
		<title>टिप व सावधानता</title>
		 <para>
			शेवटी, दुर्लक्ष करण्याजोगी माहितीकडे लक्ष वेधण्याकरीता तीन दृश्यास्पद शैली वापरली जाते.
		</para>
		 <note>
			<para>
				टिपण्णी सहसा टिपा, शार्टकट्स् किंवा ठराविक कार्यसाठी वैकल्पिक पर्याय आहे. टिपांकडे दुर्लक्ष केल्यास नकारात्मक परिणाम आढळत नाही, परंतु बरेच सोप्या गोष्टी तुम्ही गमवाल.
			</para>

		</note>
		 <important>
			<para>
				महत्वाच्या बॉक्सेजमध्ये सहज न आढळणाऱ्या बाबचे समावेश आहे: संरचना बदल जे फक्त सध्याच्या सत्रकरीता लागू होतात, किंवा सेवा ज्यांस सुधारणापूर्वी पुनः सुरू करणे आवश्यक आहे लागू केले जातात. 'महत्वाचे' असे लेबल केलेल्या बॉक्सकडे दुर्लक्ष केल्यास डाटा नाहीसा होत नाही परंतु त्रास नक्की होतो.
			</para>

		</important>
		 <warning>
			<para>
				सावधानता दुर्लक्ष करू नका. सावधानताकडे दुर्लक्ष केल्यास माहिती लुप्त होऊ शकते.
			</para>

		</warning>

	</section>

</section>


