<?xml version='1.0' encoding='utf-8' ?>
<!DOCTYPE section PUBLIC "-//OASIS//DTD DocBook XML V4.5//EN" "http://www.oasis-open.org/docbook/xml/4.5/docbookx.dtd" [
]>
<section>
	<title>आम्हाला प्रतिसाद पाठवा!</title>
	 <indexterm>
		<primary>माघारी वृत</primary>
		 <secondary>ह्या पुस्तिकेकरीता संपर्क माहिती</secondary>
	</indexterm>
	 <para>
		स्वतःचे Feedback.xml फाइल बनवून यांस खोडून पुन्हा लिहू नका.
	</para>
</section>


