<?xml version='1.0' encoding='utf-8' ?>
<!DOCTYPE section PUBLIC "-//OASIS//DTD DocBook XML V4.5//EN" "http://www.oasis-open.org/docbook/xml/4.5/docbookx.dtd" [
]>
<section>
	<title>ଦଲିଲକରଣ ନିୟମ</title>
	 <para>
		ଏହି ହସ୍ତପୁସ୍ତକ କିଛି ଶବ୍ଦ ଏବଂ ବାକ୍ୟାଂଶକୁ ଆଲୋକିତ କରିବା ପାଇଁ ଅନେକ ନିୟମକୁ ବ୍ୟବହାର କରିଥାଏ ଏବଂ କିଛି ନିର୍ଦ୍ଦିଷ୍ଟ ସୂଚନା ଆଡ଼କୁ ଦୃଷ୍ଟି ଦେଇଥାଏ।
	</para>
	 <para>
		PDF ଏବଂ କାଗଜ ସମ୍ପାଦନରେ, ଏହି ହସ୍ତପୁସ୍ତକ <ulink url="https://fedorahosted.org/liberation-fonts/"> Liberation Fonts</ulink> ସେଟରୁ କଢ଼ାଯାଉଥିବା typefaces କୁ ବ୍ୟବହାର କରିଥାଏ। ମୁକ୍ତି ଅକ୍ଷରରୂପ ସେଟକୁ HTML ସମ୍ପାଦନରେ ମଧ୍ଯରେ ବ୍ବହାର କରାଯାଇଥାଏ, ଯଦି ସେହି ସେଟକୁ ଆପଣଙ୍କ ତନ୍ତ୍ରରେ ସ୍ଥାପନ କରାଯାଇଥାଏ। ଯଦି ହୋଇନଥାଏ, ତେବେ ବୈକଳ୍ପିକ ତଥା ସମାନ ପ୍ରକାର typefaces ଗୁଡ଼ିକୁ ଦର୍ଶାଯାଇଥାଏ। ଟିପ୍ପଣୀ: Red Hat Enterprise Linux 5 ଏବଂ ପରେ ପୂର୍ବନିର୍ଦ୍ଧାରିତ ଭାବରେ ସେଟ କରାଯାଇଥିବା ମୁକ୍ତ ଅକ୍ଷରରୂପକୁ ଅନ୍ତର୍ଭୁକ୍ତ କରିଥାଏ।
	</para>
	 <section>
		<title>ଲିଖିତ ନିୟମ</title>
		 <para>
			କିଛି ନିର୍ଦ୍ଦିଷ୍ଟ ଶବ୍ଦ ବାକ୍ୟାଂଶକୁ ଆମନ୍ତ୍ରଣ କରିବା ପାଇଁ ଚାରୋଟି ଲିଖିତ ନିୟମକୁ ବ୍ୟବହାର କରାଯାଇଥାଏ। ଏହି ନିୟମଗୁଡ଼ିକ, ଏବଂ ସେମାନେ ପ୍ରୟୋଗ କରୁଥିବା ପରିସ୍ଥିତିଗୁଡ଼ିକ, ଏହିପରି ଭାବରେ।
		</para>
		 <para>
			<literal>Mono-spaced Bold</literal>
		</para>
		 <para>
			Used to highlight system input, including shell commands, file names and paths. Also used to highlight keys and key combinations. For example:
		</para>
		 <blockquote>
			<para>
				ଆପଣଙ୍କର କାର୍ଯ୍ୟରତ ଡିରେକ୍ଟୋରୀରେ ଫାଇଲର ବିଷୟବସ୍ତୁକୁ ଦେଖିବା ପାଇଁ <filename> my_next_bestselling_novel</filename>, <command>cat my_next_bestselling_novel</command> ନିର୍ଦ୍ଦେଶକୁ ସେଲ ପ୍ରମ୍ପଟରେ ଭରଣ କରନ୍ତୁ ଏବଂନିର୍ଦ୍ଦେଶକୁ ନିଷ୍ପାଦନ କରିବା ପାଇଁ <keycap>Enter</keycap> କୁ ଦବାନ୍ତୁ।
			</para>

		</blockquote>
		 <para>
			The above includes a file name, a shell command and a key, all presented in mono-spaced bold and all distinguishable thanks to context.
		</para>
		 <para>
			Key combinations can be distinguished from an individual key by the plus sign that connects each part of a key combination. For example:
		</para>
		 <blockquote>
			<para>
				ଏହି ନିର୍ଦ୍ଦେଶକୁ ନିଷ୍ପାଦନ କରିବା ପାଇଁ <keycap>ଭରଣ କରନ୍ତୁ</keycap> କୁ ଦବାନ୍ତୁ।
			</para>
			 <para>
				Press <keycombo><keycap>Ctrl</keycap><keycap>Alt</keycap><keycap>F2</keycap></keycombo> to switch to a virtual terminal.
			</para>

		</blockquote>
		 <para>
			The first example highlights a particular key to press. The second example highlights a key combination: a set of three keys pressed simultaneously.
		</para>
		 <para>
			ଯଦି ଉତ୍ସ ସଂକେତକୁ ଆଲୋଚନା କରାଯାଏ, ଶ୍ରେଣୀ ନାମ, ପଦ୍ଧତି, ଫଳନ, ପ୍ରାଚଳ ନାମଗୁଡ଼ିକୁଏବଂ ପରିଚ୍ଛେଦ ମଧ୍ଯରେ ଉଲ୍ଲେଖ କରାଯାଇଥିବା ଫେରସ୍ତ ମୂଲ୍ୟକୁ <literal>mono-spaced ଗାଢ଼</literal> ଉପରେ ଉପସ୍ଥାପନା କରାହେବ। ଉଦାହରଣ ସ୍ୱରୂପ:
		</para>
		 <blockquote>
			<para>
				ଫାଇଲ ସମ୍ପର୍କୀୟ ଶ୍ରେଣୀଗୁଡ଼ିକ ଫାଇଲତନ୍ତ୍ର ପାଇଁ <classname>filesystem</classname> କୁ ଅନ୍ତର୍ଭୁକ୍ତ କରିଥାଏ, ଫାଇଲ ପାଇଁ <classname>file</classname>, ଏବଂ ଡିରେକ୍ଟୋରୀ ପାଇଁ <classname>dir</classname>। ପ୍ରତ୍ୟେକ ଶ୍ରେଣୀରେ ସେମାନଙ୍କର ସମ୍ପୃକ୍ତ ଅନୁମତିଗୁଡ଼ିକ ଥାଏ।
			</para>

		</blockquote>
		 <para>
			<application>ଆନୁପାତିକ ଗାଢ଼</application>
		</para>
		 <para>
			ଏହା ତନ୍ତ୍ରରେ ଶବ୍ଦ ଅଥବା ବାକ୍ୟାଂଶକୁ ଦର୍ଶାଇଥାଏ, ପ୍ରୟୋଗ ନାମକୁ ଅନ୍ତର୍ଭୁକ୍ତ କରି; ସଂଳାପ ବାକ୍ସ ପାଠ୍ୟ; ନାମିତ ବଟନ; ଯାଞ୍ଚ-ବାକ୍ସ ଏବଂ ରେଡିଓ ବଟନ ନାମପଟିଗୁଡ଼ିକ; ତାଲିକା ଶୀର୍ଷକ ଏବଂ ଉପ-ତାଲିକା ଶୀର୍ଷକଗୁଡ଼ିକ। ଉଦାହରଣ ସ୍ୱରୂପ:
		</para>
		 <blockquote>
			<para>
				<application>Mouse Preferences</application> କୁ ଆରମ୍ଭ କରିବା ପାଇଁ <menuchoice><guimenu>System</guimenu><guisubmenu>Preferences</guisubmenu><guimenuitem>Mouse</guimenuitem></menuchoice> କୁ ମୂଖ୍ୟ ତାଲିକାରୁ ବାଛନ୍ତୁ। <guilabel>Buttons</guilabel> ଟ୍ୟାବରେ, <guilabel>Left-handed mouse</guilabel> ଯାଞ୍ଚ ବାକ୍ସକୁ କ୍ଲିକ କରନ୍ତୁ ଏବଂ ପ୍ରାଥମିକ ମାଉସ ବଟନକୁ ବାମରୁ ଡ଼ାହାଣକୁ ସ୍ଥାନାନ୍ତରିତ ହେବା ପାଇଁ <guibutton>Close</guibutton> କୁ କ୍ଲିକ କରନ୍ତୁ (ମାଉସକୁ ବାମ ହାତରେ ବ୍ୟବହାର ପାଇଁ ଉପଯୋଗୀ କରିବାକୁ)।
			</para>
			 <para>
				To insert a special character into a <application>gedit</application> file, choose <menuchoice><guimenu>Applications</guimenu><guisubmenu>Accessories</guisubmenu><guimenuitem>Character Map</guimenuitem></menuchoice> from the main menu bar. Next, choose <menuchoice><guimenu>Search</guimenu><guimenuitem>Find…</guimenuitem></menuchoice> from the <application>Character Map</application> menu bar, type the name of the character in the <guilabel>Search</guilabel> field and click <guibutton>Next</guibutton>. The character you sought will be highlighted in the <guilabel>Character Table</guilabel>. Double-click this highlighted character to place it in the <guilabel>Text to copy</guilabel> field and then click the <guibutton>Copy</guibutton> button. Now switch back to your document and choose <menuchoice><guimenu>Edit</guimenu><guimenuitem>Paste</guimenuitem></menuchoice> from the <application>gedit</application> menu bar.
			</para>

		</blockquote>
		 <para>
			ଉପରଲିଖିତ ପାଠ୍ୟରେ ପ୍ରୟୋଗ ନାମ; ତନ୍ତ୍ର-ମୟ ତାଲିକା ନାମ ଏବଂ ବସ୍ତୁ; ପ୍ରୟୋଗ ନିର୍ଦ୍ଦିଷ୍ଟ ତାଲିକା ନାମ; ଏବଂ ବଟନ ଏବଂ GUI ଅନ୍ତରାପୃଷ୍ଠରେ ମିଳିଥିବା ପାଠ୍ୟକୁ ଅନ୍ତର୍ଭୁକ୍ତ କରିଥାଏ, ସମସ୍ତଙ୍କୁ ଗାଢ଼ ଏବଂ ପ୍ରସଙ୍ଗ ଦ୍ୱାର ନିର୍ଦ୍ଦିଷ୍ଟ ହୋଇଥାଏ।
		</para>
		 <para>
			<command><replaceable>Mono-spaced ଗାଢ଼ ଇଟାଲିୟ</replaceable></command> ଅଥବା<application><replaceable>ଆନୁପାତିକ ଗାଢ଼ ଇଟାଲିୟ</replaceable></application>
		</para>
		 <para>
			କାଳେ mono-spaced ଗାଢ଼ ଅଥବା ଆନୁପାତିକ ଗାଢ଼, ଇଟାଲିୟ ଅଥବା ଚଳନ୍ତି ପାଠ୍ୟ ଯୋଗକୁ ସ୍ଥାନାନ୍ତରଣ ଯୋଗ୍ୟ ଭାବରେ ଦର୍ଶାଯାଇଥାଏ। ଇଟାଲିୟ ଆପଣ ଇଚ୍ଛାମୁତାବକ ଭାବରେ ନିବେଶ କରିନଥିବା ପାଠ୍ୟକୁ ଦର୍ଶାଇଥାଏ ଅଥବା ପରିସ୍ଥିତି ଅନୁସାରେ ବଦଳୁନଥିବା ପାଠ୍ୟକୁ ଦର୍ଶାଇଥାଏ। ଉଦାହରଣ ସ୍ୱରୂପ:
		</para>
		 <blockquote>
			<para>
				ssh ବ୍ୟବହାର କରି ଗୋଟିଏ ସୁଦୂର ଯନ୍ତ୍ର ସହିତ ସଂଯୋଗ କରିବା ପାଇଁ, <command>ssh <replaceable>username</replaceable>@<replaceable>domain.name</replaceable></command> କୁ ସେଲ ପ୍ରମ୍ପଟରେ ଲେଖନ୍ତୁ। ଯଦି ସୁଦୂର ଯନ୍ତ୍ର <filename>example.com</filename> ଏବଂ ଯନ୍ତ୍ରରେ ଥିବା ଆପଣଙ୍କର ଚାଳକ ନାମଟି ହେଉଛି john, <command>ssh john@example.com</command> ଲେଖନ୍ତୁ।
			</para>
			 <para>
				<command>mount -o remount <replaceable>file-system</replaceable></command> ନିର୍ଦ୍ଦେଶ ନାମିତ ଫାଇଲତନ୍ତ୍ରକୁ ପୁନସ୍ଥାପନ କରିଥାଏ। ଉଦାହରଣ ସ୍ୱରୂପ, <filename>/home </filename> ଫାଇଲତନ୍ତ୍ରକୁ ପୁନସ୍ଥାପନ କରିବା ପାଇଁ, ନିର୍ଦ୍ଦେଶଟି ହେଉଛି <command>mount -o remount /home</command>।
			</para>
			 <para>
				ସାମ୍ପ୍ରତିକ ସ୍ଥାପିତ ପ୍ୟାକେଜକୁ ଦେଖିବା ପାଇଁ, <command>rpm -q <replaceable>package</replaceable> </command> ନିର୍ଦ୍ଦେଶକୁ ବ୍ୟବହାର କରନ୍ତୁ। ଏହା ନିମ୍ନଲିଖିତ ଭାବରେ ଗୋଟିଏ ଫଳାଫଳ ଫେରାଇଥାଏ: <command><replaceable>package-version-release</replaceable></command>.
			</para>

		</blockquote>
		 <para>
			Note the words in bold italics above — username, domain.name, file-system, package, version and release. Each word is a placeholder, either for text you enter when issuing a command or for text displayed by the system.
		</para>
		 <para>
			କାର୍ଯ୍ୟର ଶୀର୍ଷକକୁ ଉପସ୍ଥାପନ କରିବା ପାଇଁ ମାନକ ଉପଯୋଗିତା ବ୍ୟତୀତ, ଇଟାଲିୟ ଗୋଟିଏ ନୂତନ ଏବଂ ଆବଶ୍ୟକୀୟର ପ୍ରଥମ ଉପଯୋଗିତାକୁ ଦର୍ଶାଇଥାଏ। ଉଦାହରଣ ସ୍ୱରୂପ:
		</para>
		 <blockquote>
			<para>
				Publican ହେଉଛି <firstterm>DocBook</firstterm> ପ୍ରକାଶନ ତନ୍ତ୍ର।
			</para>

		</blockquote>

	</section>
	
	 <section>
		<title>Pull-quote ନିୟମ</title>
		 <para>
			ଟର୍ମିନାଲ ଫଳାଫଳ ଏବଂ ଉତ୍ସ ସଂକେତ ତାଲିକାକୁ ପାରିପାର୍ଶ୍ୱିକ ଦୃଶ୍ୟ ବାହାରେ ସେଟ କରାଯାଇଥାଏ।
		</para>
		 <para>
			ଟର୍ମିନାଲକୁ ପଠାଯାଉଥିବା ଫଳାଫଳକୁ <computeroutput>mono-spaced roman</computeroutput> ରେ ସେଟ କରାଯାଇଛି ଏବଂ ତେଣୁ ଉପସ୍ଥାପିତ କରାହୋଇଛି:
		</para>
		 
<screen>books        Desktop   documentation  drafts  mss    photos   stuff  svn
books_tests  Desktop1  downloads      images  notes  scripts  svgs</screen>
		 <para>
			ଉତ୍ସ-ସଂକେତ ତାଲିକାକୁ <computeroutput>mono-spaced roman</computeroutput> ରେ ସେଟ କରାହୋଇଛି କିନ୍ତୁ ନିମ୍ନଲିଖିତ ଭାବରେ ସାଙ୍କେତିକ ଆଲୋକିତ ଯୋଗକରାହୋଇଥାଏ:
		</para>
		 <xi:include href="Program_Listing.xml" xmlns:xi="http://www.w3.org/2001/XInclude" />

	</section>
	
	 <section>
		<title>ଟିପ୍ପଣୀ ଏବଂ ଚେତାବନୀ</title>
		 <para>
			ଶେଷରେ, ଆମେମାନେ ତିନୋଟି ଦୃଶ୍ୟମାନ ଶୈଳୀର ଦୃଷ୍ଟି ଆକର୍ଷଣ କରିଥାଏ ଯାହାକୁକି ଅନ୍ୟ ଭାବରେ ଅଦେଖା କରିହେବ।
		</para>
		 <note>
			<para>
				ଟିପ୍ପଣୀଗୁଡିକ ହେଉଛି ପ୍ରାକ ସୂଚନା, ସଂକ୍ଷିପ୍ତ ପଥ ଅଥବା ହାତରେ ଥିବା କାର୍ଯ୍ୟର ବୈକଳ୍ପିକ ଆବେଦନ। ଟିପ୍ପଣୀକୁ ନ ମାନିଲେ କିଛି ଅସୁବିଧା ନାହିଁ, କିନ୍ତୁ ଆପଣ ହୁଏତଃ ଗୋଟିଏ କୌଶଳକୁ ହରାଇ ପାରନ୍ତି ଯାହାକି ଆପଣଙ୍କ ଜୀବନକୁ ସହଜମୟ କରିପାରେ।
			</para>

		</note>
		 <important>
			<para>
				ଆବଶ୍ୟକୀୟ ବାକ୍ସ ବିବରଣୀ ବସ୍ତୁ ଯାହାକୁକି ସହଜରେ ହରାଇହେବ: ବିନ୍ୟାସ ପରିବର୍ତ୍ତନ ଯାହାକି କେବଳ ପ୍ରଚଳିତ ଅଧିବେଶନରେ ପ୍ରୟୋଗ ହୋଇଥାଏ, ଅଥବା ପୁନଃ ଚାଳନ ପାଇଁ ଆବଶ୍ୟକ ହେଉଥିବା ସର୍ଭିସଗୁଡ଼ିକୁ ପ୍ରୟୋଗ କରାଯାଇଥାଏ। 'Important' ଭାବରେ ଚିହ୍ନଟ ଗୋଟିଏ ବାକ୍ସ ନାମପଟିକୁ ଅଗ୍ରାହ୍ୟ କରିବା ଦ୍ୱାରା ତଥ୍ୟନଷ୍ଟ ଘଟିନଥାଏ କିନ୍ତୁ ଏହା ଫଳରେ ବିରକ୍ତି ଏବଂ ହତାସ ଭାବନା ଆସିଥାଏ।
			</para>

		</important>
		 <warning>
			<para>
				ଚେତାବନୀକୁ ଅଗ୍ରାହ୍ୟ କରିବା ଉଚିତ ନୁହଁ। ଚେତାବନୀକୁ ଅଗ୍ରାହ୍ୟ କରିବା ଫଳରେ ତଥ୍ୟ ନଷ୍ଟ ହୋଇଥାଏ।
			</para>

		</warning>

	</section>

</section>


