<?xml version='1.0' encoding='utf-8' ?>
<!DOCTYPE section PUBLIC "-//OASIS//DTD DocBook XML V4.5//EN" "http://www.oasis-open.org/docbook/xml/4.5/docbookx.dtd" [
]>
<section>
	<title>ଆମେ ପ୍ରତିକ୍ରିୟା ଆବଶ୍ଯକ କରୁଅଛୁ!</title>
	 <indexterm>
		<primary>ପ୍ରତିକ୍ରିୟା</primary>
		 <secondary>ଏହି ମେନ୍ଯୁଆଲ ପାଇଁ ଯୋଗାଯୋଗ ସୂଚନା</secondary>
	</indexterm>
	 <para>
		ଆପଣ ନିଜର Feedback.xml file ନିର୍ମାଣ କରି ଏହାକୁ ନବଲିଖନ କରିପାରିବେ।
	</para>
</section>


