<?xml version='1.0' encoding='utf-8' ?>
<!DOCTYPE section PUBLIC "-//OASIS//DTD DocBook XML V4.5//EN" "http://www.oasis-open.org/docbook/xml/4.5/docbookx.dtd" [
]>
<section>
	<title>Dokumentkonventioner</title>
	 <para>
		Denne manual bruger flere konventioner til at fremhæve visse ord og sætninger og gør opmærksom på specifikke stykker af information.
	</para>
	 <para>
		I PDF og papirversionerne, bruger denne manual skriftsnit tegnet fra <ulink url="https://fedorahosted.org/liberation-fonts/">Liberation Skrifttype</ulink> sættet. Liberation skrifttypesættet bliver også brugt i HTML-versionerne hvis sættet er installeret på dit system. Hvis ikke, vises et alernativt, men tilsvarende skriftsnit. Bemærk: Red Hat Enterprise Linux 5 og nyere inkluderer Liberation skrifttypesættet som standard.
	</para>
	 <section>
		<title>Typografikonventioner</title>
		 <para>
			Der bruges fire typografikonventioner til at gøre opmærksom på specifikke ord og sætninger. Disse konventioner, og de omstændigheder de passer til, er som følger.
		</para>
		 <para>
			<literal>Fastbredde fed</literal>
		</para>
		 <para>
			Used to highlight system input, including shell commands, file names and paths. Also used to highlight keys and key combinations. For example:
		</para>
		 <blockquote>
			<para>
				For at se indholdet af filen <filename>min_næste_bedstsælgende_roman</filename> i dit nuværende arbejdskatalog, indtast <command>cat min_næstebedstsælgende_roman</command> kommandoen i en skal og tryk <keycap>Enter</keycap> til at køre kommandoen.
			</para>

		</blockquote>
		 <para>
			The above includes a file name, a shell command and a key, all presented in mono-spaced bold and all distinguishable thanks to context.
		</para>
		 <para>
			Key combinations can be distinguished from an individual key by the plus sign that connects each part of a key combination. For example:
		</para>
		 <blockquote>
			<para>
				Tryk <keycap>Enter</keycap> til at køre kommandoen.
			</para>
			 <para>
				Press <keycombo><keycap>Ctrl</keycap><keycap>Alt</keycap><keycap>F2</keycap></keycombo> to switch to a virtual terminal.
			</para>

		</blockquote>
		 <para>
			The first example highlights a particular key to press. The second example highlights a key combination: a set of three keys pressed simultaneously.
		</para>
		 <para>
			Hvis der diskuteres kildekode, vil klassenavne, metoder, funktioner, variabelnavne og returnerede værdier er nævnt indeni en paragraf, vil de blive præsenteret som ovenfor, i <literal>fastbredde fed</literal>. For eksempel:
		</para>
		 <blockquote>
			<para>
				Filrelaterede klasser inkluderer <classname>filsystem</classname> for filsystemer, <classname>fil</classname> for filer, og <classname>arkiv</classname> for arkiver. Hver klasse har deres eget sæt af rettigheder.
			</para>

		</blockquote>
		 <para>
			<application>Proportionel fed</application>
		</para>
		 <para>
			Disse betegner ord eller sætninger kan man støde på i et system, deriblandt også programnavne; dialogbokstekster; knapper med etiketter; tjekboks- og radioknapetiketter; menutitler og undermenutitler. For eksempel:
		</para>
		 <blockquote>
			<para>
				Vælg <menuchoice><guimenu>System</guimenu><guisubmenu>Indstillinger</guisubmenu><guimenuitem>Mus</guimenuitem></menuchoice> fra hovedmenuen for at starte <application>Indstillinger for mus</application>. I <guilabel>Knapper</guilabel>-fanebladet, tryk på <guilabel>Venstrehåndsmus</guilabel>-tjekboksen og tryk <guibutton>Luk</guibutton> for at skifte den primære museknap fra venstre til højre (gør musen bedre egnet til venstrehåndsbrug).
			</para>
			 <para>
				To insert a special character into a <application>gedit</application> file, choose <menuchoice><guimenu>Applications</guimenu><guisubmenu>Accessories</guisubmenu><guimenuitem>Character Map</guimenuitem></menuchoice> from the main menu bar. Next, choose <menuchoice><guimenu>Search</guimenu><guimenuitem>Find…</guimenuitem></menuchoice> from the <application>Character Map</application> menu bar, type the name of the character in the <guilabel>Search</guilabel> field and click <guibutton>Next</guibutton>. The character you sought will be highlighted in the <guilabel>Character Table</guilabel>. Double-click this highlighted character to place it in the <guilabel>Text to copy</guilabel> field and then click the <guibutton>Copy</guibutton> button. Now switch back to your document and choose <menuchoice><guimenu>Edit</guimenu><guimenuitem>Paste</guimenuitem></menuchoice> from the <application>gedit</application> menu bar.
			</para>

		</blockquote>
		 <para>
			Ovenstående tekst inkluderer programnavne; globale menunavne og -punkter; programspecifikke menunavne; og knapper og tekst fundet i en grafisk brugerflade, alt sammen præsenteret i proportionelt fed og alle skelnet af konteksten.
		</para>
		 <para>
			<command><replaceable>Fastbredde fed kursiv</replaceable></command> eller <application><replaceable>Proportionel fed kursiv</replaceable></application>
		</para>
		 <para>
			Uanset om det er fastbredde fed eller proportionel fed, er tilføjelsen af kursiv tegn på udskiftelig eller variabel tekst. Kursiv markerer tekst du ikke bogstaveligt skriver ind eller vist tekst der ændrer sig alt efter omstændighederne. For eksempel:
		</para>
		 <blockquote>
			<para>
				For at forbinde til en fjernmaskine ved at bruge ssh, skal du skrive <command>ssh <replaceable>brugernavn</replaceable>@<replaceable>domæne.navn</replaceable></command> i en skal. Hvis fjernmaskinen er <filename>eksempel.dk</filename> og dit brugernavn på maskinen er john, skal du skrive <command>ssh john@eksempel.dk</command>.
			</para>
			 <para>
				<command>mount -o remount <replaceable>file-system</replaceable></command>-kommandoen genmonterer det navngivne filsystem. For eksempel, for at genmontere <filename>/home</filename>-filsystemet, er kommandoen <command>mount -o remount /home</command>.
			</para>
			 <para>
				For at se versionen af en installeret pakke, skal du bruge <command>rpm -q <replaceable>pakke</replaceable></command>-kommandoen. Den vil returnere et resultat som følger: <command><replaceable>pakke-version-udgivelse</replaceable></command>.
			</para>

		</blockquote>
		 <para>
			Note the words in bold italics above — username, domain.name, file-system, package, version and release. Each word is a placeholder, either for text you enter when issuing a command or for text displayed by the system.
		</para>
		 <para>
			Bortset fra standardbrug til at præsentere titlen på et arbejde, markerer kursiv første brug af en ny og vigtig term. For eksempel:
		</para>
		 <blockquote>
			<para>
				Publican er et <firstterm>DocBook</firstterm>-udgivelsessystem.
			</para>

		</blockquote>

	</section>
	
	 <section>
		<title>Konventionen for trækcitater</title>
		 <para>
			Terminaloutput og kildekodeopremsninger bliver visuelt adskilt fra den omkringsstående tekst.
		</para>
		 <para>
			Output sendt til en terminal er vist i <computeroutput>fastbredde roman</computeroutput> og præsenteret således:
		</para>
		 
<screen>bøger\t\tSkrivebord\tdokumentation\tkladder\t\tmss\tfotos\t\tting\tsvn
bøger_tests\tSkrivebord1\thentet\t\tbilleder\tnoter\tskripter\tsvgs</screen>
		 <para>
			Kildekodevisninger er også vist med <computeroutput>fastbredde roman</computeroutput>, men tilføjer syntaksfremhævning således:
		</para>
		 <xi:include href="Program_Listing.xml" xmlns:xi="http://www.w3.org/2001/XInclude" />

	</section>
	
	 <section>
		<title>Noter og advarsler</title>
		 <para>
			Til sidst, bruger vi tre visuelle stile til at fange opmærksomheden på information der ellers ville blive overset.
		</para>
		 <note>
			<para>
				En note er et tip, en genvej eller en alternativ tilgang til opgaven. At ignorere en note bør ikke have nogen negative konsekvenser, men du går måske glip af et trick, der gør dit liv nemmere.
			</para>

		</note>
		 <important>
			<para>
				Vigtigt-bokse forklarer ting der er let at overse: konfigurationsændringer der kun tilhører den nuværende session, eller tjenester, som skal genstartes før en opdatering vil træde i kraft. At ignorere "Vigtigt"-bokse vil ikke medføre datatab, men kan medføre irritation og frustation.
			</para>

		</important>
		 <warning>
			<para>
				En advarsel bør ikke ignoreres. At ignorere advarsler vil højst sandsynligt medføre datatab.
			</para>

		</warning>

	</section>

</section>


