<?xml version='1.0' encoding='utf-8' ?>
<!DOCTYPE section PUBLIC "-//OASIS//DTD DocBook XML V4.5//EN" "http://www.oasis-open.org/docbook/xml/4.5/docbookx.dtd" [
]>
<section>
	<title>本書の表記規則</title>
	 <para>
		本ガイドでは、一部の単語や語句を強調して、特定の情報に対する読者の注意を促すために、以下のような表記規則を採用しています。
	</para>
	 <para>
		本ガイドの PDF および紙書籍版では、<ulink url="https://fedorahosted.org/liberation-fonts/">Liberation フォント</ulink>セットの書体を使用しています。また、Liberation フォントセットがご使用のシステムにインストールされている場合には、HTML 版もこの書体で表示されます。インストールされていない場合には、別の対応する書体で表示されます。なお、Red Hat Enterprise Linux 5 以降のバージョンでは、Liberation フォントセットがデフォルトでインストールされる点に注意してください。
	</para>
	 <section>
		<title>書体の表記規則</title>
		 <para>
			本ガイドでは、特定の単語や語句に対する注意を促すために、4 つの書体表記規則を採用しています。これらの表記規則および適用される状況は、以下のとおりです。
		</para>
		 <para>
			<literal>太字の等幅フォント</literal>
		</para>
		 <para>
			シェルコマンド、ファイル名、パスなど、システムへの入力を強調するために使用します。また、キー名やキーの組み合わせを強調するのにも使用します。以下が例となります。
		</para>
		 <blockquote>
			<para>
				作業ディレクトリ内の <filename>my_next_bestselling_novel</filename> というファイルの内容を表示するには、シェルプロンプトで <command>cat my_next_bestselling_novel</command> というコマンドを入力して <keycap>Enter</keycap> キーを押し、そのコマンドを実行します。
			</para>

		</blockquote>
		 <para>
			上記の例には、ファイル名、シェルコマンド、キー名が含まれており、すべて太字の等幅フォントで表示されていますが、文脈で区別することができます。
		</para>
		 <para>
			キーの組み合わせは、プラス記号 (+) で各キーがつながれているので、個別のキーと区別することができます。以下が例となります。
		</para>
		 <blockquote>
			<para>
				<keycap>Enter</keycap> を押してコマンドを実行します。
			</para>
			 <para>
				<keycombo><keycap>Ctrl</keycap><keycap>Alt</keycap><keycap>F2</keycap></keycombo> を押して仮想ターミナルに切り替えます。
			</para>

		</blockquote>
		 <para>
			第 1 の例では、押すべき特定のキー名が強調されています。第 2 の例では、3 つのキーを同時に押す、キーの組み合わせが強調されています。
		</para>
		 <para>
			ソースコードを記載する場合、その段落で言及されるクラス名、メソッド、関数、変数名、戻り値は上記のように <literal>太字の等幅フォント</literal> で表示されます。以下が例となります。
		</para>
		 <blockquote>
			<para>
				ファイル関連のクラスには、<classname>filesystem</classname> (ファイルシステム)、<classname>file</classname> (ファイル)、<classname>dir</classname> (ディレクトリ) などがあります。各クラスにそれぞれ独自のパーミッションセットが関連付けられています。
			</para>

		</blockquote>
		 <para>
			<application>太字の可変幅フォント</application>
		</para>
		 <para>
			この書体は、アプリケーション名、ダイアログボックスのテキスト、ラベル付きボタン、チェックボックス/ラジオボタンのラベル、メニュータイトル、サブメニュータイトルなど、システムで表示される単語や語句であることを示します。以下が例となります。
		</para>
		 <blockquote>
			<para>
				メインメニューバーから <menuchoice><guimenu>システム</guimenu><guisubmenu>設定</guisubmenu><guimenuitem>マウス</guimenuitem></menuchoice> の順で選択し、<application>マウスの設定</application> を起動します。<guilabel>全般</guilabel> タブで <guilabel>左利き</guilabel> のラジオボタンを選択して <guibutton>閉じる</guibutton> をクリックし、マウスの主ボタンを左から右へ切り替えます (左利きのユーザーが使用するのに適切な設定に変更します)。
			</para>
			 <para>
				<application>gedit</application> ファイルに特殊文字を入力するには、メインのメニューバーから <menuchoice><guimenu>アプリケーション</guimenu><guisubmenu>アクセサリ</guisubmenu><guimenuitem>文字マップ</guimenuitem></menuchoice> の順に選択します。次に <application>文字マップ</application> のメニューバーから <menuchoice><guimenu>検索</guimenu><guimenuitem>検索…</guimenuitem></menuchoice> の順に選択して <guilabel>検索</guilabel>フィールドに文字名を入力し、<guibutton>次を検索</guibutton> をクリックします。検索対象の文字が <guilabel>文字テーブル</guilabel> に強調表示されます。その文字をダブルクリックして <guilabel>コピーする文字列</guilabel> のフィールドに表示されたら、<guibutton>コピー</guibutton> ボタンをクリックします。この後に編集中のドキュメントに戻り、<application>gedit</application> のメニューバーから <menuchoice><guimenu>編集</guimenu><guimenuitem>貼り付け</guimenuitem></menuchoice> の順で選択します。
			</para>

		</blockquote>
		 <para>
			上記のテキストには、アプリケーション名、システム全体のメニュー名と項目、アプリケーション固有のメニュー名、GUI インターフェースで使用されているボタンおよびテキストが含まれており、これらはすべて、太字の可変幅フォントで表示されていますが、文脈で区別することができます。
		</para>
		 <para>
			<command><replaceable>太字斜体の等幅フォント</replaceable></command> または <application><replaceable>太字斜体の可変幅フォント</replaceable></application>
		</para>
		 <para>
			太字の等幅フォントおよび太字の可変幅フォントに斜体を使用した場合には、いずれも置き換え可能な可変テキストであることを意味します。斜体は、記載されている通りには入力しないテキスト、あるいは状況によって変化するテキストを示します。以下が例となります。
		</para>
		 <blockquote>
			<para>
				ssh を使用してリモートマシンに接続するには、シェルプロンプトで <command>ssh <replaceable>username</replaceable>@<replaceable>domain.name</replaceable></command> と入力します。リモートマシンが <filename>example.com</filename> で、そのマシン上のユーザー名が john である場合には、<command>ssh john@example.com</command> と入力してください。
			</para>
			 <para>
				<command>mount -o remount <replaceable>file-system</replaceable></command> のコマンドは、指定したファイルシステムを再マウントします。たとえば、<filename>/home</filename> ファイルシステムを再マウントするコマンドは <command>mount -o remount /home</command> となります。
			</para>
			 <para>
				現在インストール済みのパッケージのバージョンを確認するには、<command>rpm -q <replaceable>package</replaceable></command> のコマンドを使用します。その結果、次のような出力が返されます: <command><replaceable>package-version-release</replaceable></command>
			</para>

		</blockquote>
		 <para>
			ユーザー名、ドメイン名、ファイルシステム、パッケージ、バージョン、およびリリースが太字のイタリック体で表示されている点に注意してください。これらの語句はプレースホルダーで、コマンドを発行する際に入力するテキストまたはシステムによって表示されるテキストのいずれかです。
		</para>
		 <para>
			斜体は、著作物のタイトルを表すという標準的な用途の他に、重要な用語の初出時にも使用されます。以下が例となります。
		</para>
		 <blockquote>
			<para>
				Publican は <firstterm>DocBook</firstterm> の出版システムです。
			</para>

		</blockquote>

	</section>
	
	 <section>
		<title>引用文の表記規則</title>
		 <para>
			端末の出力とソースコードは、周囲のテキストとは視覚的に区切られて表示されます。
		</para>
		 <para>
			端末に送信される出力は、<computeroutput>ローマン体の等幅フォント</computeroutput> を使用して以下のように表示されます。
		</para>
		 
<screen>books        Desktop   documentation  drafts  mss    photos   stuff  svn
books_tests  Desktop1  downloads      images  notes  scripts  svgs</screen>
		 <para>
			ソースコードの表示にも <computeroutput>ローマン体の等幅フォント</computeroutput> が使用されますが、以下のような構文強調表示が追加されます。
		</para>
		 <xi:include href="Program_Listing.xml" xmlns:xi="http://www.w3.org/2001/XInclude" />

	</section>
	
	 <section>
		<title>注記および警告</title>
		 <para>
			本ガイドでは、見落としがちな情報に注意を促すために、次にあげる 3 つの視覚的スタイルを使用しています。
		</para>
		 <note>
			<para>
				注記には、対象のタスクに関するヒント、ショートカット、その他のアプローチなどを記載しています。注記を無視しても、悪影響はありませんが、作業を効率的に行うためのコツを見逃してしまう可能性があります。
			</para>

		</note>
		 <important>
			<para>
				重要の欄には、現行セッションのみに適用される設定の変更や、更新を適用するのに再起動が必要なサービスなど、見落としがちな情報を記載しています。「重要」と記載された事項を無視しても、データ損失などには至りませんが、作業が思ったようにスムーズに進まなくなる可能性があります。
			</para>

		</important>
		 <warning>
			<para>
				警告は、無視しないでください。警告を無視すると、データ損失が発生する可能性が非常に高くなります。
			</para>

		</warning>

	</section>

</section>


