<?xml version='1.0' encoding='utf-8' ?>
<!DOCTYPE section PUBLIC "-//OASIS//DTD DocBook XML V4.5//EN" "http://www.oasis-open.org/docbook/xml/4.5/docbookx.dtd" [
]>
<section>
	<title>フィードバック</title>
	 <indexterm>
		<primary>フィードバック</primary>
		 <secondary>本ガイドについてのご連絡先</secondary>
	</indexterm>
	 <para>
		ローカルの Feedback.xml ファイルを作成して、このファイルを上書きする必要があります。
	</para>
</section>


