<?xml version='1.0' encoding='utf-8' ?>
<!DOCTYPE section PUBLIC "-//OASIS//DTD DocBook XML V4.5//EN" "http://www.oasis-open.org/docbook/xml/4.5/docbookx.dtd" [
]>
<section>
	<title>Dokumentointikäytännöt</title>
	 <para>
		Tämä opas käyttää useita käytäntöjä tiettyjen sanojen ja lauseiden korostamiseksi sekä huomion kiinnittämiseksi joihinkin dokumentin osiin.
	</para>
	 <para>
		PDF- ja paperiversioissa tämä opas käyttää <ulink url="https://fedorahosted.org/liberation-fonts/">Liberation-kirjasimista</ulink> otettuja kirjasinlajeja. Liberation-kirjasimia käytetään myös HTML-versioissa, jos ne on asennettu järjestelmään. Jos niitä ei ole asennettu, käytetään vaihtoehtoisia mutta vastaavia kirjasinlajeja. Huomaa että Red Hat Enterprise Linux 5 ja myöhemmät sisältävät Liberation-kirjasimet oletuksena.
	</para>
	 <section>
		<title>Typografiset käytännöt</title>
		 <para>
			Tiettyjen sanojen ja lauseiden korostamiseksi käytetään neljää typograafista käytäntöä. Nämä käytännöt ja niihin liittyvät tilanteet ovat seuraavat.
		</para>
		 <para>
			<literal>Tasavälinen lihavoitu</literal>
		</para>
		 <para>
			Used to highlight system input, including shell commands, file names and paths. Also used to highlight keys and key combinations. For example:
		</para>
		 <blockquote>
			<para>
				Nykyisessä työhakemistossa olevan tiedoston <filename>seuraava_menestysromaanini</filename> sisällön katselemiseksi syötä komento <command>cat seuraava_menestysromaanini</command> komentokehotteeseen ja paina <keycap>Enter</keycap> komennon suorittamiseksi.
			</para>

		</blockquote>
		 <para>
			The above includes a file name, a shell command and a key, all presented in mono-spaced bold and all distinguishable thanks to context.
		</para>
		 <para>
			Key combinations can be distinguished from an individual key by the plus sign that connects each part of a key combination. For example:
		</para>
		 <blockquote>
			<para>
				Paina <keycap>Enter</keycap>-näppäintä komennon suorittamiseksi.
			</para>
			 <para>
				Press <keycombo><keycap>Ctrl</keycap><keycap>Alt</keycap><keycap>F2</keycap></keycombo> to switch to a virtual terminal.
			</para>

		</blockquote>
		 <para>
			The first example highlights a particular key to press. The second example highlights a key combination: a set of three keys pressed simultaneously.
		</para>
		 <para>
			Jos käsitellään lähdekoodia, kappaleen sisällä mainitut luokkanimet, metodit, funktiot, muuttujien nimet ja palautusarvot esitetään kuten yllä, <literal>tasavälisellä lihavoidulla kirjasimella</literal>. Esimerkiksi:
		</para>
		 <blockquote>
			<para>
				Tiedostoihin liittyviä luokkia ovat <classname>filesystem</classname> tiedostojärjestelmiä varten, <classname>file</classname> tiedostoja varten sekä <classname>dir</classname> hakemistoja varten. Jokaisella luokalla on omat oikeutensa.
			</para>

		</blockquote>
		 <para>
			<application>Suhteellinen lihavoitu</application>
		</para>
		 <para>
			Tämä merkitsee järjestelmään liittyviä sanoja tai lauseita, mukaan lukien ohjelmien nimet, valintaikkunoiden tekstit, painikkeiden nimet, valintaruutujen ja -nappien nimet sekä valikkokohdat. Esimerkiksi:
		</para>
		 <blockquote>
			<para>
				Valitse <menuchoice><guimenu>Järjestelmä</guimenu><guisubmenu>Asetukset</guisubmenu><guimenuitem>Hiiri</guimenuitem></menuchoice> valikkopalkista <application>Hiiriasetukset</application>-ohjelman käynnistämiseksi. Napsauta <guilabel>Näppäimet</guilabel>-välilehdessä <guilabel>Vasenkätinen hiiri</guilabel> -valintaruutua ja napsauta <guibutton>Sulje</guibutton>. Näin saat vaihdettua hiiren ensisijaisen näppäimen vasemmalta oikealle, jolloin hiirtä on helpompi käyttää vasemmalla kädellä.
			</para>
			 <para>
				To insert a special character into a <application>gedit</application> file, choose <menuchoice><guimenu>Applications</guimenu><guisubmenu>Accessories</guisubmenu><guimenuitem>Character Map</guimenuitem></menuchoice> from the main menu bar. Next, choose <menuchoice><guimenu>Search</guimenu><guimenuitem>Find…</guimenuitem></menuchoice> from the <application>Character Map</application> menu bar, type the name of the character in the <guilabel>Search</guilabel> field and click <guibutton>Next</guibutton>. The character you sought will be highlighted in the <guilabel>Character Table</guilabel>. Double-click this highlighted character to place it in the <guilabel>Text to copy</guilabel> field and then click the <guibutton>Copy</guibutton> button. Now switch back to your document and choose <menuchoice><guimenu>Edit</guimenu><guimenuitem>Paste</guimenuitem></menuchoice> from the <application>gedit</application> menu bar.
			</para>

		</blockquote>
		 <para>
			Yllä oleva teksti sisältää ohjelmien nimiä, valikkonimiä sekä graafisen käyttöliittymän painikkeita ja tekstiä, kaikki esitettynä suhteellisella lihavoidulla kirjasimella.
		</para>
		 <para>
			<command><replaceable>Tasavälinen lihavoitu kursiivi</replaceable></command> tai <application><replaceable>Suhteellinen lihavoitu kursiivi</replaceable></application>
		</para>
		 <para>
			Tasavälisen lihavoidun tai suhteellisen lihavoidun kirjasimen kursivointi ilmaisee korvattavaa tai vaihtuvaa tekstiä. Kursivointi ilmaisee tekstiä, jota ei syötetä sellaisenaan tai näytettävää tekstiä, joka muuttuu tilanteesta riippuen. Esimerkiksi:
		</para>
		 <blockquote>
			<para>
				Kirjoita <command>ssh <replaceable>käyttäjätunnus</replaceable>@<replaceable>verkko.osoite</replaceable></command> komentokehotteeseen etäkoneelle yhdistämiseksi ssh:ta käyttäen. Jos etäkone on <filename>esimerkki.com</filename> ja käyttäjätunnuksesi tuolla koneella on jussi, kirjoita <command>ssh jussi@esimerkki.com</command>.
			</para>
			 <para>
				Komento <command>mount -o remount <replaceable>tiedostojärjestelmä</replaceable></command> liittää nimetyn tiedostojärjestelmän uudelleen. Esimerkiksi <filename>/home</filename>-tiedostojärjestelmän uudelleenliittämiseen tarvittava komento on <command>mount -o remount /home</command>.
			</para>
			 <para>
				Asennetun paketin version näkee komennolla <command>rpm -q <replaceable>paketti</replaceable></command>. Se palauttaa tuloksen seuraavassa muodossa: <command><replaceable>paketti-versio-julkaisu</replaceable></command>.
			</para>

		</blockquote>
		 <para>
			Note the words in bold italics above — username, domain.name, file-system, package, version and release. Each word is a placeholder, either for text you enter when issuing a command or for text displayed by the system.
		</para>
		 <para>
			Työn nimen lisäksi kursiivilla esitetään uuden ja tärkeän käsitteen ensimmäinen käyttökerta. Esimerkiksi:
		</para>
		 <blockquote>
			<para>
				Publican on <firstterm>DocBook</firstterm>-julkaisujärjestelmä
			</para>

		</blockquote>

	</section>
	
	 <section>
		<title>Lainauskäytännöt</title>
		 <para>
			Päätteen tulosteet ja ohjelmien lähdekoodi erotetaan visuaalisesti ympäröivästä tekstistä.
		</para>
		 <para>
			Päätteelle lähetettävä tuloste esitetään <computeroutput>tasavälisellä pystykirjasimella</computeroutput> seuraavasti:
		</para>
		 
<screen>kirjat        Työpöytä   dokumentaatio  vedokset  mss    kuvat   juttuja  svn
kirjat_testit  Työpöytä1  lataukset      kuvat  muistiinpanot  skriptit  svgt</screen>
		 <para>
			Lähdekoodilistauksissa käytetään myös <computeroutput>tasavälistä pystykirjasinta</computeroutput> mutta niihin lisätään syntaksin korostus seuraavasti:
		</para>
		 <xi:include href="Program_Listing.xml" xmlns:xi="http://www.w3.org/2001/XInclude" />

	</section>
	
	 <section>
		<title>Huomautukset ja varoitukset</title>
		 <para>
			Kolmea visuaalista tyyliä käytetään kiinnittämään lukijan huomio tietoon, joka muuten saattaisi jäädä huomaamatta.
		</para>
		 <note>
			<para>
				Huomautus on vinkki, oikopolku tai erilainen lähestymistapa kyseiseen tehtävään. Huomautuksen ohittamisella ei pitäisi olla ikäviä seurauksia, mutta silloin saattaa ohittaa elämää helpottavan tempun.
			</para>

		</note>
		 <important>
			<para>
				Tärkeää-laatikot kertovat tarkkoja tietoja asioista, jotka on helppoa ohittaa, esimerkiksi vain nykyiseen istuntoon liittyvät asetusmuutokset tai palvelut jotka on käynnistettävä uudelleen päivityksen jälkeen. Tärkeää-laatikoiden ohittaminen ei aiheuta tietojen katoamista, mutta saattaa aiheuttaa ärsyyntymistä ja turhautumista.
			</para>

		</important>
		 <warning>
			<para>
				Varoitusta ei pitäisi ohittaa. Varoitusten ohittaminen aiheuttaa todennäköisesti tietojen katoamista.
			</para>

		</warning>

	</section>

</section>


