<?xml version="1.0" encoding="ISO-8859-1"?><!--
  Licensed to the Apache Software Foundation (ASF) under one or more
  contributor license agreements.  See the NOTICE file distributed with
  this work for additional information regarding copyright ownership.
  The ASF licenses this file to You under the Apache License, Version 2.0
  (the "License"); you may not use this file except in compliance with
  the License.  You may obtain a copy of the License at

       http://www.apache.org/licenses/LICENSE-2.0

  Unless required by applicable law or agreed to in writing, software
  distributed under the License is distributed on an "AS IS" BASIS,
  WITHOUT WARRANTIES OR CONDITIONS OF ANY KIND, either express or implied.
  See the License for the specific language governing permissions and
  limitations under the License.
--><!-- $Id: resources.xml 1298724 2012-03-09 07:55:31Z cbowditch $ --><!DOCTYPE document PUBLIC "-//APACHE//DTD Documentation V1.3//EN" "http://forrest.apache.org/dtd/document-v13.dtd">
<!-- FOP Relevant Specifications and links --><document>
  <header>
    <title>Apache&#8482; FOP: Other Resources</title>
    <subtitle>Resources useful for developing and using Apache&#8482; FOP</subtitle>
    <version>$Revision: 1298724 $</version>
  </header>
  <body>
    <section id="specs">
      <title>Specifications</title>
      <section id="specs-xslfo">
        <title>XSL-FO</title>
        <ul>
          <li><jump href="http://www.w3.org/TR/xsl11/">XSL-FO Recommendation (05 December 2006)</jump></li>
          <li><jump href="http://www.renderx.com/Tests/validator/fo.dtd.html">Unofficial DTD for the XSL-FO Recommendation</jump> provided by N. Grigoriev from RenderX.</li>
        </ul>
      </section>
      <section id="specs-xslt">
        <title>XSLT</title>
        <ul>
          <li><jump href="http://www.w3.org/TR/xslt">XSLT 1.0 Recommendation</jump></li>
          <li><jump href="http://www.w3.org/TR/xslt20">XSLT 2.0 Recommendation</jump></li>
        </ul>
      </section>
      <section id="specs-xml">
        <title>XML</title>
        <ul>
          <li><jump href="http://www.w3.org/TR/xml">XML 1.0 </jump></li>
          <li><jump href="http://www.w3.org/TR/xml11">XML 1.1 </jump></li>
          <li><jump href="http://sax.sourceforge.net/">Simple API for XML (SAX)</jump></li>
          <li><jump href="http://www.w3.org/TR/REC-DOM-Level-1">Document Object Model (DOM)</jump></li>
		  <li><jump href="http://www.w3.org/TR/DOM-Level-2-Core">Document Object Model (DOM) Level 2 Core Specification</jump></li>
		  <li><jump href="http://www.w3.org/TR/DOM-Level-3-Core">Document Object Model (DOM) Level 3 Core Specification</jump></li>
          <li><jump href="http://www.w3.org/TR/xml-names/">Namespaces in XML 1.0 </jump></li>
          <li><jump href="http://www.w3.org/TR/xml-names11/">Namespaces in XML 1.1</jump></li>
        </ul>
      </section>
      <section id="specs-java">
        <title>Java</title>
        <ul>
          <li><jump href="http://java.sun.com/j2se/1.4/docs/api/index.html">Java 2 Platform, Standard Edition, v 1.4.2 API Specification</jump></li>
          <li><jump href="http://java.sun.com/j2se/1.5/docs/api/index.html">Java 2 Platform Standard Edition 5.0 API Specification </jump></li>
          <li><jump href="http://java.sun.com/javase/6/docs/api/index.html">Java Platform, Standard Edition 6 API Specification</jump></li>
        </ul>
      </section>
      <section id="specs-pdf">
        <title>PDF</title>
        <ul>
          <li><jump href="http://partners.adobe.com/asn/tech/pdf/specifications.jsp">Portable Document Format (PDF) Reference Manual</jump>
         </li>
        </ul>
      </section>
      <section id="specs-unicode">
        <title>Unicode</title>
        <ul>
          <li><jump href="http://www.unicode.org/reports/tr14">UTR-14 (Unicode Standard Annex #14: Line Breaking Properties)</jump></li>
        </ul>
      </section>
      <section id="specs-other">
        <title>Other</title>
        <ul>
          <li><jump href="http://www.w3.org/TR/SVG/">Supported SVG Recommendation (04 September 2001)</jump></li>
        </ul>
      </section>
    </section>
    <section id="documents">
      <title>Books, Tutorials, Articles</title>
      <section id="documents-xslfo">
        <title>XSL-FO</title>
        <ul>
          <li>[online book] <jump href="http://www.ibiblio.org/xml/books/bible2/chapters/ch18.html">The XML Bible</jump>, by Elliotte Rusty Harold. Chapter 18 of XSL Formatting Objects</li>
<!--
          <li>[online article] <jump href="http://www.sun.com/software/xml/developers/slides-dtd/">Using Formatting Objects with the Slides DTD</jump>, by Paul Sandoz.</li>
-->
          <li>[online article] <jump href="http://www.xml.com/pub/a/2001/01/17/xsl-fo/index.html">Using XSL Formatting Objects</jump>, by J. David Eisenberg.</li>
          <li>[online reference] <jump href="http://zvon.org/xxl/xslfoReference/Output/index.html">XSL FO reference</jump>, by Miloslav Nic.</li>
          <li>[online reference] <jump href="http://www.dpawson.co.uk/xsl/sect3/index.html">Dave Pawson's XSL-FO FAQ</jump>.</li>
          <li>[book] <jump href="http://www.oreilly.com/catalog/xslfo">XSL-FO</jump>, by Dave Pawson, O'Reilly &amp; Associates, 2002, ISBN 0-596-00355-2. See online version above.</li>
          <li>[book] <jump href="http://www.amazon.com/exec/obidos/ASIN/0131403745/ref=ase_cranesoftwrig-20">Definitive XSL-FO</jump>, by G. Ken Holman, Prentice Hall PTR, 2003, ISBN 0-131-40374-5.</li>
          <li>[book] <jump href="http://www.amazon.com/XSL-Formatting-Objects-Developers-Handbook/dp/0672322811">XSL Formatting Objects Developer's Handbook</jump>, by Doug Lovell, Sams, 2002, ISBN 0-672-32281-1.</li>
          <li>[book] <jump href="http://www.cranesoftwrights.com/training/index.htm#pfux">Practical Formatting Using XSLFO</jump>, Crane Softwrights Ltd., 2003, ISBN 1-894049-11-X.</li>
        </ul>
      </section>
      <section id="documents-xslt">
        <title>XSLT</title>
        <ul>
          <li>[online resource] <jump href="http://www.w3.org/Style/XSL/">Extensible Stylesheet Language Family (XSL)</jump>, W3C XSL Family page.</li>
          <li>[book] <jump href="http://www.amazon.com/XSLT-Programmers-Reference-2nd-Michael/dp/1861005067">XSLT Programmer's Reference</jump>, by Michael H. Kay, Wrox Press, ISBN 1-861-00506-7.</li>
          <li>[book] <jump href="http://www.wrox.com/WileyCDA/WroxTitle/XSLT-2-0-and-XPath-2-0-Programmer-s-Reference-4th-Edition.productCd-0470192747.html">XSLT2 and XPath2 Programmer's Reference</jump>, by Michael H. Kay, Wrox Press, ISBN: 978-0-470-19274-0.</li>
          <li>[book] <jump href="http://www.oreilly.com/catalog/xslt">XSLT</jump>, by Doug Tidwell, O'Reilly &amp; Associates, 2001, ISBN 0-596-00053-7.</li>
          <li>[book] <jump href="http://www.oreilly.com/catalog/xsltckbk">XSLT Cookbook</jump>, by Sal Mangano, O'Reilly &amp; Associates, 2002, ISBN 0-596-00372-2.</li>
          <li>[article] <jump href="http://www.dpawson.co.uk/xsl/index.html">Dave Pawson's XSL FAQ</jump>.</li>
         <li>[book] <jump href="http://www.oreilly.com/catalog/xpathpointer">XPath and XPointer: Locating Content in XML Documents</jump>, by John E. Simpson, O'Reilly &amp; Associates, 2002, ISBN 0-596-00291-2.</li>
          <li>[book] <jump href="http://www.amazon.com/XSL-Essentials-Michael-Fitzgerald/dp/0471416207">XSL Essentials</jump>, by Michael Fitzgerald, John Wiley &amp; Sons, 2001, ISBN 0-471-41620-7.</li>
          <li>[book] <jump href="http://www.oreilly.com/catalog/javaxslt">Java and XSLT</jump>, by Eric M. Burke, O'Reilly &amp; Associates, 2001, ISBN 0-596-00143-6.</li>
        </ul>
      </section>
      <section id="documents-xml">
        <title>XML</title>
        <ul>
          <li>[online book] <jump href="http://www.ibiblio.org/xml/books/bible2">The XML Bible</jump>, by Elliotte Rusty Harold. See hardcopy version below.</li>
          <li>[book] <jump href="http://www.amazon.com/XML-Bible-Elliotte-Rusty-Harold/dp/0764547607">The XML Bible</jump>, by Elliotte Rusty Harold, John Wiley &amp; Sons, ISBN 0-764-54760-7. See online version above.</li>
          <li>[online resource] A great number of additional XML-related books and articles can be found at the <jump href="http://xml.oreilly.com">O'Reilly XML Site</jump>.</li>
        </ul>
      </section>
      <section id="documents-java">
        <title>Java</title>
        <ul>
          <li>[online resource] A great number of Java-related books and articles can be found at the <jump href="http://java.oreilly.com">O'Reilly Java Site</jump>.</li>
        </ul>
      </section>
      <section id="documents-pdf">
        <title>PDF</title>
        <ul>
          <li>[online resource] Links to the various PDF file format specifications and numerous other documents can be found at Adobe Solutions Network, Acrobat Resources, <jump href="http://partners.adobe.com/asn/acrobat/docs.jsp#filefmtspecs">Acrobat 5.0 SDK Documentation</jump>.</li>
          <li>[online resource] A list of PDF technical resources can be found at Adobe Solutions Network, Acrobat Resources, <jump href="http://partners.adobe.com/asn/acrobat/technotes.jsp">Acrobat/PDF Technical Notes</jump></li>
          <li>[online resource] A list of Acrobat and PDF developer resources can be found at Adobe Solutions Network, Acrobat Resources, <jump href="http://partners.adobe.com/asn/acrobat">Resources for Developers</jump>.</li>
        </ul>
      </section>
      <section id="documents-ps">
        <title>PostScript</title>
        <ul>
          <li>[online resource] A list of PostScript-related technical resources can be found at Adobe Solutions Network, <jump href="http://partners.adobe.com/asn/tech/ps/technotes.jsp">PostScript Language Technical Notes</jump></li>
          <li>[online resource] Additional PostScript-related developer resources can be found at Adobe Solutions Network, <jump href="http://partners.adobe.com/asn/tech/ps/index.jsp">PostScript SDK Archive</jump>.</li>
        </ul>
      </section>
    </section>
    <section id="mailing-lists">
      <title>Mailing Lists</title>
      <p>Before posting questions to any list:</p>
      <ul>
        <li>Review the <link href="http://jakarta.apache.org/site/mail.html">Jakarta Mailing Lists</link> - Guidelines for general principles about mailing lists.</li>
        <li>Review "<link href="http://www.catb.org/~esr/faqs/smart-questions.html">How To Ask Questions The Smart Way</link>".</li>
        <li>Send only <em>plain text</em> email messages to any mailing lists. Please do not send html or rtf email, as they do not work well with the archive engines. If you are using Microsoft Outlook, this setting can be found at the "Mail Format" tab of the Tools/Options menu.</li>
        <li>Use a mail client that respects the <em>References</em> and/or <em>In-Reply-To</em> mail header entries. This is important for mail clients that can display threads as trees. <strong>Compliant mail clients</strong> include Microsoft Outlook, Becky!, KMail, Apple Mail, Ximian Evolution, Mozilla (version 1.2 or greater). Non-compliant mail clients include Microsoft Exchange, Lotus Notes, Internet Mail Service (MUA or MTA), and dtmail.</li>
      </ul>
      <p>For help in understanding email acronyms, see the <link href="http://www.lingo2word.com/lists/acronym_listA.html">Lingo2Word Acronym List</link>, or the <link href="http://www.keno.org/web_design/acronyms.htm">Keno Internet Services Internet Glossary</link>.</p>
      <section id="Apache-FOP">
        <title>Apache FOP Mailing List</title>
        <ul>
          <li>[mailing list info] <jump href="http://xml.apache.org/fop/maillist.html">http://xml.apache.org/fop/maillist.html</jump></li>
          <ul>
            <li>[fop-users mod_mbox archives] <jump href="http://mail-archives.eu.apache.org/mod_mbox/xmlgraphics-fop-users/">http://mail-archives.eu.apache.org/mod_mbox/xmlgraphics-fop-users/</jump></li>
            <li>[fop-users archives] <jump href="http://marc.theaimsgroup.com/?l=fop-user">http://marc.theaimsgroup.com/?l=fop-user</jump></li>
            <li>[fop-users gzip'd archives] <jump href="http://xmlgraphics.apache.org/mail/fop-users/">http://xmlgraphics.apache.org/mail/fop-users/</jump></li>
            <li>[fop-users-subscribe] <jump href="mailto:fop-users-subscribe@xmlgraphics.apache.org">fop-users-subscribe@xmlgraphics.apache.org</jump></li>
            <li>[fop-users-digest-subscribe] <jump href="mailto:fop-users-digest-subscribe@xmlgraphics.apache.org">fop-users-digest-subscribe@xmlgraphics.apache.org</jump></li>
            <li>[fop-users-unsubscribe] <jump href="mailto:fop-users-unsubscribe@xmlgraphics.apache.org">fop-users-subscribe@xmlgraphics.apache.org</jump></li>
          </ul>
          <ul>
            <li>[fop-dev mod_mbox archives] <jump href="http://mail-archives.eu.apache.org/mod_mbox/xmlgraphics-fop-dev/">http://mail-archives.eu.apache.org/mod_mbox/xmlgraphics-fop-dev/</jump></li>
            <li>[fop-dev archives] <jump href="http://marc.theaimsgroup.com/?l=fop-dev">http://marc.theaimsgroup.com/?l=fop-dev</jump></li>
            <li>[fop-dev gzip'd archives] <jump href="http://xmlgraphics.apache.org/mail/fop-dev/">http://xmlgraphics.apache.org/mail/fop-dev/</jump></li>
            <li>[fop-dev-subscribe] <jump href="mailto:fop-dev-subscribe@xmlgraphics.apache.org">fop-dev-subscribe@xmlgraphics.apache.org</jump></li>
            <li>[fop-dev-digest-subscribe] <jump href="mailto:fop-dev-digest-subscribe@xmlgraphics.apache.org">fop-dev-digest-subscribe@xmlgraphics.apache.org</jump></li>
            <li>[fop-dev-unsubscribe] <jump href="mailto:fop-dev-unsubscribe@xmlgraphics.apache.org">fop-dev-unsubscribe@xmlgraphics.apache.org</jump></li>
          </ul>
        </ul>
      </section>
      <section id="XSL-FO-at-W3C">
        <title>XSL-FO Mailing List (at W3C)</title>
        <ul>
          <li>[mailing list info] <jump href="http://www.w3.org/Mail/Request">http://www.w3.org/Mail/Request</jump></li>
          <li>[mailing list archives] <jump href="http://lists.w3.org/Archives/Public/www-xsl-fo/">http://lists.w3.org/Archives/Public/www-xsl-fo/</jump></li>
        </ul>
      </section>
      <section id="XSL-FO-at-YahooGroups">
        <title>XSL-FO Mailing List (at YahooGroups)</title>
        <ul>
          <li>[mailing list info &amp; archives] <jump href="http://groups.yahoo.com/group/XSL-FO">http://groups.yahoo.com/group/XSL-FO</jump></li>
        </ul>
      </section>
      <section id="XSLT-at-Mulberry-Tech">
        <title>XSLT List (Mulberry Tech)</title>
        <ul>
          <li>[mailing list info &amp; archives] <jump href="http://www.mulberrytech.com/xsl/xsl-list">http://www.mulberrytech.com/xsl/xsl-list</jump></li>
        </ul>
      </section>
    </section>
    <section id="products">
      <title>Related/Useful Products</title>
      <section id="products-fop-add-ons">
        <title>FOP add-ons</title>
        <ul>
          <li>[software] TIFFRenderer is a renderer for outputting multi-page TIFF: <jump href="http://www.tkachenko.com/fop/tiffrenderer.html">http://www.tkachenko.com/fop/tiffrenderer.html</jump> (MPL)</li>
          <li>[software] The <jump href="http://mogwai.sourceforge.net">Mogwai Project</jump> includes a renderer for FOP that generates output for Okidata dot matrix printers (GPL).</li>
          <li>[software] <jump href="http://barcode4j.sourceforge.net">Barcode4J</jump> (formerly Krysalis Barcode) is a barcode generator which can be used with FOP (Apache license v2.0).</li>
          <li>[software] <jump href="http://jeuclid.sourceforge.net">JEuclid</jump> is a MathML implementation which can be used with FOP (Apache license v2.0).</li>
          <li>[software] <jump href="http://afp-renderer.sourceforge.net/">AFP Renderer</jump> renders formatted objects to AFP or (MO:DCA). (Has been integrated in FOP)</li>
          <li>[software &amp; tools] <jump href="http://offo.sourceforge.net/">Objects For Formatting Objects</jump> hosts hyphenation patterns and (eventually) files other accessory data files &amp; scripts.</li>
        </ul>        
      </section>
      <section id="products-pdf">
        <title>PDF post-processors</title>
        <ul>
          <li>[software] <jump href="http://pdfbox.apache.org">Apache PDFBox</jump> (Apache License V2.0)</li>
          <li>[software] <jump href="http://www.lowagie.com/iText">iText</jump> (MPL and LGPL)</li>
          <li>[software] <jump href="http://www.etymon.com/epub.html">PJX</jump> by Etymon (GPL)</li>
          <li>[software] <jump href="http://www.accesspdf.com/pdftk/">pdftk</jump> the pdf toolkit</li>
        </ul>
      </section>
      <section id="products-editors">
        <title>XSL-FO editors</title>
        <ul>
          <li>[software] <jump href="http://foa.sourceforge.net/">FOA (Formatting Objects Authoring)</jump> (MPL)</li>
          <!--infected website
            <li>[software] <jump href="http://www.scruffyware.com/products/foeditor/">FOEditor</jump> by Scruffy Software (Shareware)</li>
          -->
          <li>[software] <jump href="http://www.scriptura-xsl.com">Scriptura</jump> by Inventive Designers (commercial)</li>
          <li>[software] <jump href="http://www.xslfast.com">XSLfast</jump> by jCatalog Software AG (commercial)</li>
          <li>[software] <jump href="http://www.digiforms.com/">DIGIFORMS Document Designer</jump> by Metafocus (commercial)</li>
        </ul>
      </section>
      <section id="products-other">
        <title>Other products</title>
        <ul>
          <li>[software] <jump href="http://foray.sourceforge.net/">FOray</jump> a renderer for converting XML files to PDF via XSL Formatting Object elements (FOP fork)</li>
<!--
          <li>[software] <jump href="http://defoe.sourceforge.net/folio">Folio</jump> a renderer for XML files containing Formatting Object elements (aka FOP Alt.Design)</li>
-->
          <li>[software] <jump href="http://xmlroff.org/">xmlroff</jump> an open source XSL-FO implementation written in C (BSD-style license)</li>

          <li>[commercial software developer] <jump href="http://antennahouse.com/product.htm">Antenna House</jump> - XSL Formatter, WordMLToFo, XML Editor...</li>
          <li>[commercial software developer] <jump href="http://www.renderx.com/tools/index.html">RenderX</jump> XEP, EnMasse, Docbench...</li>

          <li>[software] <jump href="http://html2fo.sourceforge.net/">html2fo</jump> is a converter from HTML to XSL-FO (GPL).</li>
          <li>[software] <jump href="http://wh2fo.sourceforge.net/">wh2fo</jump> is a converter from Word HTML to XSL-FO (MPL).</li>
          <li>[software] <jump href="http://www.rtf2fo.com">RTF2FO</jump> is a converter from RTF to XSL-FO by Novosoft (commercial).</li>
          <li>[software] <jump href="http://www.re.be/css2xslfo/">css2xslfo</jump> CSSToXSLFO
          is a utility which can convert an XML document, together with a CSS2 style sheet,
          into an XSLFO document, which can then be converted into PDF, PostScript, etc. with
          an XSLFO-processor. It has special support for the XHTML vocabulary, because that
          is the most obvious language it would be used for. The tool has a number of
          page-related extensions. It also comes with an API in the form of an XML
          filter (OSI-Approved Open Source - Public Domain).</li>
          <li>
            [software] <jump href="http://www.ahmadsoft.org/fopbridge.html">FOP Bridge</jump> is an Eclipse plug-in
            that allows to convert FO documents using Apache FOP directly inside the Eclipse workbench (LGPL).
          </li>
          <li>[software] <jump href="http://maven.apache.org/doxia/doxia/doxia-modules/doxia-module-fo/">Maven Doxia FO Module</jump>.  Doxia is a content generation framework which aims to provide its users with powerful techniques for generating static and dynamic content: Doxia can be used in web-based publishing context to generate static sites, in addition to being incorporated into dynamic content generation systems like blogs, wikis and content management systems.  Doxia provides a module providing XSL Formatting Objects.</li>
        </ul>
      </section>
    </section>
  </body>
</document>