<?xml version='1.0' encoding='utf-8' ?>
<!DOCTYPE section PUBLIC "-//OASIS//DTD DocBook XML 5.1b4//EN" "http://docbook.org/xml/5.1b4/rng/docbook.rng" [
]>
<section version="5.0" xml:lang="as-IN" xmlns="http://docbook.org/ns/docbook">
	<info><title>আলেখ্যনৰ আচাৰ বিধি</title>
	</info> <para>
		এই হাতপুথিয়ে কিছু শব্দ আৰু খণ্ডবাক্য আৰু তথ্যৰ কিছুমান নিৰ্দ্দিষ্ট অংশক আলোকপাত কৰিবলৈ বহুতো আচাৰ বিধি ব্যৱহাৰ কৰে ।
	</para>
	 <para>
		In PDF and paper editions, this manual uses typefaces drawn from the <link xlink:href="https://fedorahosted.org/liberation-fonts/" xmlns:xlink="http://www.w3.org/1999/xlink">Liberation Fonts</link> set. The Liberation Fonts set is also used in HTML editions if the set is installed on your system. If not, alternative but equivalent typefaces are displayed. Note: Red Hat Enterprise Linux 5 and later includes the Liberation Fonts set by default.
	</para>
	 <section>
		<info><title>অক্ষৰমূদ্ৰণশালৰ আচাৰ বিধি</title>
		</info> <para>
			নিৰ্দ্দিষ্ট শব্দ আৰু খণ্ডবাক্যলৈ আকৰ্ষণ কৰিবলৈ চাৰিটা অক্ষৰমূদ্ৰণশালৰ আচাৰ বিধি ব্যৱহাৰ কৰা হয় । এই আচাৰ বিধি, আৰু সিহঁতক প্ৰয়োগ কৰাৰ পৰিস্থিতি, এনে ধৰণৰ ।
		</para>
		 <para>
			<literal>Mono-spaced Bold</literal>
		</para>
		 <para>
			শ্বেল আদেশ, নথিপত্ৰ নাম আৰু পথৰ সৈতে, ব্যৱস্থাপ্ৰণালীৰ নিবেশ আলোকপাত কৰিবলৈ, ব্যৱহাৰ কৰা হয় । ইয়াৰ উপৰিও keycaps আৰু key combinations আলোকপাত কৰিবলৈ ব্যৱহাৰ কৰা হয় । যেনে:
		</para>
		 <blockquote>
			<para>
				আপোনাৰ বৰ্ত্তমানৰ পঞ্জিকাত<filename>my_next_bestselling_novel</filename> ৰ বিষয়বস্তু চাবলৈ, শ্বেল প্ৰ'মপ্টত <command>cat my_next_bestselling_novel</command> লিখকআৰু আদেশ চলাবলৈ <keycap>Enter</keycap> টিপক ।
			</para>

		</blockquote>
		 <para>
			ওপৰত এটা নথিপত্ৰৰ নাম, এটা শ্বেল আদেশ আৰু এটা keycap আছে, সকলো mono-spaced bold ত আৰু সকলো পৃথক প্ৰসঙ্গৰ কাৰণে ।
		</para>
		 <para>
			Key combinations সমূহক keycaps ৰ পৰা বেলেগ বুলি চিনাকি কৰিব পাৰি key combination ৰ প্ৰত্যেকটো অংশৰ মাজত থকা এটা হাইফেনৰ সংযোগেৰে । যেনে:
		</para>
		 <blockquote>
			<para>
				আদেশ চলাবলৈ <keycap>Enter</keycap> টিপক ।
			</para>
			 <para>
				Press <keycombo><keycap>Ctrl</keycap><keycap>Alt</keycap><keycap>F2</keycap></keycombo> to switch to a virtual terminal.
			</para>

		</blockquote>
		 <para>
			প্ৰথম পৰিচ্ছেদে টিপিব লগা নিৰ্দ্দিষ্ট keycap দেখুৱাই । দ্বিতীটোৱে দুটা key combinations ৰ কথা কয় (প্ৰত্যেক এটা তিনিটা keycaps ৰ গোট য'ত প্ৰত্যেক গোটক একেলগে টিপা হয় ) ।
		</para>
		 <para>
			উৎসৰ কোডৰ কথা আলোচনা কৰিলে, এটা পৰিচ্ছেদত থকা class names, methods, functions, variable names আৰু returned values ওপৰৰ ধৰণেদেখুওৱা হ'ব, <literal>mono-spaced bold</literal> ত । যেনে:
		</para>
		 <blockquote>
			<para>
				নথিপত্ৰ-সম্বন্ধীয় classes ত<classname>filesystem</classname> নথিপত্ৰপ্ৰণালী ৰ বাবে, <classname>file</classname> নথিপত্ৰৰ বাবে, আৰু <classname>dir</classname> পঞ্জিকাৰ বাবে । প্ৰত্যেক class ৰ নিজৰ আজ্ঞাৰ গোট থাকে ।
			</para>

		</blockquote>
		 <para>
			<application>Proportional Bold</application>
		</para>
		 <para>
			এটা ব্যৱস্থাপ্ৰণালীত থকা শব্দ আৰু খণ্ডবাক্যৰ কথা কয়, আৰু তাত অনুপ্ৰয়োগৰ নাম;সম্বাদ বাকছৰ লিপি; লেবেল থকা বুটাম; ছেক বাকছ আৰু ৰেডিঅ' বুটামৰ লেবেল;মেনুৰ শিৰোনাম আৰু উপ-মেনুৰ শিৰোনাম থাকে । যেনে:
		</para>
		 <blockquote>
			<para>
				মূখ্য তালিকাৰ বাৰৰ পৰা <menuchoice><guimenu>ব্যৱস্থাপ্ৰণালী </guimenu><guisubmenu> পছন্দ </guisubmenu><guimenuitem> মাউছ</guimenuitem></menuchoice> নিৰ্ব্বাচন কৰক <application>মাউছৰ পছন্দ</application> আৰম্ভ কৰিবলৈ । <guilabel>বুটাম</guilabel> টেবত, <guilabel>বাওঁ-হতীয়া মাউছ</guilabel> ছেক বাকছ টিপক আৰু <guibutton>বন্ধ কৰক</guibutton> টিপক মূখ্য মাউছ বুটামক বাওঁৰ পৰা সোঁ-ফাললৈ সলনি কৰিবলৈ (বাওঁ হাতেৰে মাউছৰ ব্যৱহাৰ কৰা সুবিধা জনক কৰিবলৈ) ।
			</para>
			 <para>
				To insert a special character into a <application>gedit</application> file, choose <menuchoice><guimenu>Applications</guimenu><guisubmenu>Accessories</guisubmenu><guimenuitem>Character Map</guimenuitem></menuchoice> from the main menu bar. Next, choose <menuchoice><guimenu>Search</guimenu><guimenuitem>Find…</guimenuitem></menuchoice> from the <application>Character Map</application> menu bar, type the name of the character in the <guilabel>Search</guilabel> field and click <guibutton>Next</guibutton>. The character you sought will be highlighted in the <guilabel>Character Table</guilabel>. Double-click this highlighted character to place it in the <guilabel>Text to copy</guilabel> field and then click the <guibutton>Copy</guibutton> button. Now switch back to your document and choose <menuchoice><guimenu>Edit</guimenu><guimenuitem>Paste</guimenuitem></menuchoice> from the <application>gedit</application> menu bar.
			</para>

		</blockquote>
		 <para>
			ওপৰৰ লিপিত অনুপ্ৰয়োগৰ নাম; ব্যৱস্থাপ্ৰণালৰ ব্যাপকতালিকাৰ নাম আৰু বস্তু ; অনুপ্ৰয়োগ বিশেষ তালিকাৰ নাম; আৰু বুটাম আৰু এটা GUI সংযোগমাধ্যমত থকালিপি আছে, সকলোকে proportional bold ত দেখুওৱা হৈছে আৰু সকলোকে সন্দৰ্ভৰ মতে পৃথক কৰিব পাৰি ।
		</para>
		 <para>
			<command><replaceable>Mono-spaced Bold Italic</replaceable></command> বা <application><replaceable>Proportional Bold Italic</replaceable></application>
		</para>
		 <para>
			mono-spaced bold বা proportional bold এই হওক, italics যোগ কৰিলে সলনি কৰিব পৰা বা বিভিন্ন মান থকা লিপি বুজায় । Italics আপুনি নিবেশ নকৰা লিপি বুজায় বা পৰিস্থিতিৰ মতে সলনি হোৱা লিপি বুজায় । যেনে:
		</para>
		 <blockquote>
			<para>
				দূৰৰ যন্ত্ৰত ssh ব্যৱহাৰ কৰি সংযোগ কৰিবলৈ, শ্বেল প্ৰমপ্টত <command>ssh <replaceable>username</replaceable>@<replaceable>domain.name</replaceable></command> লিখক । দূৰৰ যন্ত্ৰ <filename>example.com</filename> হ'লেল আৰু তাত আপোনাৰ ব্যৱহাৰকৰোঁতাৰ নাম john হ'লে , <command>ssh john@example.com</command> লিখক ।
			</para>
			 <para>
				<command>mount -o remount <replaceable>file-system</replaceable></command> আদেশে নাম দিয়া নথিপত্ৰৰপ্ৰণালী পুনঃ তুলি লয় । যেনে, <filename>/home</filename> নথিপত্ৰৰপ্ৰণালী পুনঃ তুলিবলৈ, আদেশ হ'ল <command>mount -o remount /home</command> ।
			</para>
			 <para>
				বৰ্ত্তমানে সংস্থাপিত সৰঞ্জামৰ সংস্কৰণ চাবলৈ, <command>rpm -q <replaceable>package</replaceable></command> আদেশ ব্যৱহাৰ কৰক । ইয়াৰ ফলাফল এনেধৰণৰ হ'ব: <command><replaceable>package-version-release</replaceable></command> ।
			</para>

		</blockquote>
		 <para>
			Note the words in bold italics above — username, domain.name, file-system, package, version and release. Each word is a placeholder, either for text you enter when issuing a command or for text displayed by the system.
		</para>
		 <para>
			কোনো কাৰ্য্যৰ নাম প্ৰদৰ্শন কৰাৰ ওপৰিও, italics এ এটা নতুন আৰু গুৰুত্বপূৰ্ণ শব্দৰ প্ৰথম ব্যৱহাৰো বুজায় । যেনে:
		</para>
		 <blockquote>
			<para>
				Publican এটা <firstterm>DocBook</firstterm> প্ৰকাশনৰ প্ৰণালী ।
			</para>

		</blockquote>

	</section>
	
	 <section>
		<info><title>Pull-quote আচাৰ বিধি</title>
		</info> <para>
			টাৰ্মিনেলৰ নিৰ্গম আৰু উৎসৰ কোডৰ তালিকা ওচৰৰ লিপিৰ পৰা প্ৰত্যক্ষ ভাবে আঁতৰুৱা হয় ।
		</para>
		 <para>
			এটা টাৰ্মিনেললৈ আগবঢ়োৱা নিৰ্গম <computeroutput>mono-spaced roman</computeroutput> ত নিৰ্ধাৰিত কৰা হয় আৰু এনেধৰণে দেখুওৱা হয়:
		</para>
		 
<screen>books        Desktop   documentation  drafts  mss    photos   stuff  svn
books_tests  Desktop1  downloads      images  notes  scripts  svgs</screen>
		 <para>
			উৎস-কোডৰ তালিকাও <computeroutput>mono-spaced roman</computeroutput> ত নিৰ্ধাৰিত কৰা হয় কিন্তু এনে ধৰণে দেখুৱা আৰু আলোকপাত কৰা হয়:
		</para>
		 <xi:include href="Program_Listing.xml" xmlns:xi="http://www.w3.org/2001/XInclude" />

	</section>
	
	 <section>
		<info><title>টোকা আৰু সঁকিয়নী</title>
		</info> <para>
			অৱশেষত, সাধাৰণতে আওকাণ কৰা তথ্যলৈ আকৰ্ষিত কৰিবলৈ আমি তিনিটা প্ৰদৰ্শনৰ ধৰণ ব্যৱহাৰ কৰোঁ ।
		</para>
		 <note>
			<info><title>টোকা</title>
			</info> <para>
				সঙ্কেত, চমু পথ বা কাম সম্পূৰ্ণ এটা বৈকল্পিক প্ৰৱেশ হৈছে এটা টোকা । এটা টোকা আওকাণ কৰিলে কোনো ক্ষতি হ'ব নালাগে, কিন্তু আপোনাৰ জীৱন সহজ কৰা এটা কায়দা আপুনি এৰি যাব পাৰে ।
			</para>

		</note>
		 <important>
			<info><title>গুৰুত্বপূৰ্ণ</title>
			</info> <para>
				গুৰুত্বপূৰ্ণ বাকছত সহজে এৰি যোৱা বস্তুৰ বিৱৰণ থাকে: অকল বৰ্ত্তমানৰ অধিবেশনত প্ৰভাৱ পেলোৱা বিন্যাসৰ সাল সলনি, বা এটা উন্নয়নৰ প্ৰভাৱ পেলোৱাৰ পূৰ্বে পুনৰাৰম্ভ কৰিব লগা সেৱাসমূহ । 'গুৰুত্বপূৰ্ণ' লেবেল কৰা বাকছক আওকাণ কৰিলে তথ্য নেহেৰায় কিন্তু আপুনি পিছত বিৰক্ত আৰু নিৰুৎসাহ হ'ব পাৰে ।
			</para>

		</important>
		 <warning>
			<info><title>সতৰ্কবাণী</title>
			</info> <para>
				সতৰ্কবাণীক আওকাণ কৰিব নালাগে । সতৰ্কবাণী আওকাণ কৰিলে অতি সম্ভৱ তথ্য হেৰুৱাব পাৰে ।
			</para>

		</warning>

	</section>

</section>


