<?xml version='1.0' encoding='utf-8' ?>
<!DOCTYPE section PUBLIC "-//OASIS//DTD DocBook XML 5.1b4//EN" "http://docbook.org/xml/5.1b4/rng/docbook.rng" [
]>
<section version="5.0" xml:lang="as-IN" xmlns="http://docbook.org/ns/docbook">
	<info><title>আমাক মতামতৰ প্ৰয়োজন!</title>
	</info> <indexterm>
		<primary>মতামত</primary>
		 <secondary>এই হাতপুথিৰ বাবে যোগাযোগৰ তথ্য</secondary>
	</indexterm>
	 <para>
		আপোনাৰ নিজৰ স্থানীয় Feedback.xml নথিপত্ৰ সৃষ্টি কৰি আপুনি ইয়াৰ প্ৰভাৱ নোহোৱা কৰক ।
	</para>
</section>


