<?xml version='1.0' encoding='utf-8' ?>
<!DOCTYPE appendix PUBLIC "-//OASIS//DTD DocBook XML 5.1b4//EN" "http://docbook.org/xml/5.1b4/rng/docbook.rng" [
]>
<appendix id="" xml:lang="as-IN">
	<simpara>
		<revhistory>
			<revision>
				<revnumber>3.0-0.1</revnumber>
				 <date>Mon Mar 12 2012</date>
				 <author>
					<firstname>Jeff</firstname>
					 <surname>Fearn</surname>
					 <email>jfearn@redhat.com</email>

				</author>
				 <revdescription>
					<simplelist>
						<member>Translation files synchronised with XML sources 3.0-0</member>

					</simplelist>

				</revdescription>

			</revision>

		</revhistory>

	</simpara>
</appendix>

