<?xml version="1.0"?>
<doc>
  <name first="David" last="Marston">Mr. Marston</name>
  <name first="David" last="Bertoni">Mr. Bertoni</name>
  <name first="Donald" last="Leslie">Mr. Leslie</name>
  <name first="Emily" last="Farmer">Ms. Farmer</name>
  <name first="Myriam" last="Midy">Ms. Midy</name>
  <name first="Paul" last="Dick">Mr. Dick</name>
  <name first="Scott" last="Boag">Mr. Boag</name>
  <name first="Shane" last="Curcuru">Mr. Curcuru</name>
  <name first="Joseph" last="Kesselman">Mr. Kesselman</name>
  <name first="Stephen" last="Auriemma">Mr. Auriemma</name>
</doc>