<?xml version='1.0' encoding='utf-8' ?>
<!DOCTYPE section PUBLIC "-//OASIS//DTD DocBook XML V4.5//EN" "http://www.oasis-open.org/docbook/xml/4.5/docbookx.dtd" [
]>
<section>
	<title>Συνθήκες εγγράφου</title>
	 <para>
		Ο παρών οδηγός διαθέτει πολλές συνθήκες για προβολή με έντονα χαρακτηριστικά συγκεκριμένων λέξεων και φράσεων και για εστίαση της προσοχής σε συγκεκριμένα τμήματα πληροφοριών.
	</para>
	 <para>
		Σε εκδόσεις PDF και χαρτιού, αυτός ο οδηγός χρησιμοποιεί τύπους χαρακτήρων επιλεγμένων από το σετ <ulink url="https://fedorahosted.org/liberation-fonts/">Liberation Fonts</ulink>. Το σετ χαρακτήρων Liberation Fonts επίσης χρησιμοποιείται σε εκδόσεις HTML αν το σετ είναι εγκατεστημένο στο σύστημά σας. Αν όχι, εμφανίζονται εναλλακτικοί αλλά παρόμοιοι τύποι χαρακτήρων. Σημείωση: η Red Hat Enterprise Linux 5 και νεότερες κυκλοφορίες περιλαμβάνουν το σετ χαρακτήρων Liberation Fonts ως προεπιλογή.
	</para>
	 <section>
		<title>Τυπογραφικές συνθήκες</title>
		 <para>
			Τέσσερις τυπογραφικές συνθήκες χρησιμοποιούνται για εστίαση της προσοχής σε συγκεκριμένες λέξεις και φράσεις. Αυτές οι συμβάσεις και οι περιστάσεις στις οποίες εφορμόζονται, παρουσιάζονται παρακάτω.
		</para>
		 <para>
			<literal>Mono-spaced Bold</literal>
		</para>
		 <para>
			Used to highlight system input, including shell commands, file names and paths. Also used to highlight keys and key combinations. For example:
		</para>
		 <blockquote>
			<para>
				Για την παρουσίαση των περιεχομένων του αρχείου <filename>my_next_bestselling_novel</filename> στον τρέχοντα φάκελο εργασίας, εισάγετε την εντολή <command>cat my_next_bestselling_novel</command> στη γραμμή εντολών και πιέστε <keycap>Enter</keycap> για την εκτέλεση της εντολής.
			</para>

		</blockquote>
		 <para>
			The above includes a file name, a shell command and a key, all presented in mono-spaced bold and all distinguishable thanks to context.
		</para>
		 <para>
			Key combinations can be distinguished from an individual key by the plus sign that connects each part of a key combination. For example:
		</para>
		 <blockquote>
			<para>
				Επιλέξτε <keycap>Enter</keycap> για την εκτέλεση της εντολής.
			</para>
			 <para>
				Press <keycombo><keycap>Ctrl</keycap><keycap>Alt</keycap><keycap>F2</keycap></keycombo> to switch to a virtual terminal.
			</para>

		</blockquote>
		 <para>
			The first example highlights a particular key to press. The second example highlights a key combination: a set of three keys pressed simultaneously.
		</para>
		 <para>
			If source code is discussed, class names, methods, functions, variable names and returned values mentioned within a paragraph will be presented as above, in <literal>mono-spaced bold</literal>. For example:
		</para>
		 <blockquote>
			<para>
				Κλάσεις συσχετιζόμενες με αρχεία περιλαμβάνουν <classname>filesystem</classname> για συστήματα αρχείων, <classname>file</classname> για αρχεία, και <classname>dir</classname> για καταλόγους. Κάθε κλάση διαθέτει το δικό του σετ προνομίων σε αντιστοιχία.
			</para>

		</blockquote>
		 <para>
			<application>Proportional Bold</application>
		</para>
		 <para>
			This denotes words or phrases encountered on a system, including application names; dialog box text; labeled buttons; check-box and radio button labels; menu titles and sub-menu titles. For example:
		</para>
		 <blockquote>
			<para>
				Choose <menuchoice><guimenu>System</guimenu><guisubmenu>Preferences</guisubmenu><guimenuitem>Mouse</guimenuitem></menuchoice> from the main menu bar to launch <application>Mouse Preferences</application>. In the <guilabel>Buttons</guilabel> tab, click the <guilabel>Left-handed mouse</guilabel> check box and click <guibutton>Close</guibutton> to switch the primary mouse button from the left to the right (making the mouse suitable for use in the left hand).
			</para>
			 <para>
				To insert a special character into a <application>gedit</application> file, choose <menuchoice><guimenu>Applications</guimenu><guisubmenu>Accessories</guisubmenu><guimenuitem>Character Map</guimenuitem></menuchoice> from the main menu bar. Next, choose <menuchoice><guimenu>Search</guimenu><guimenuitem>Find…</guimenuitem></menuchoice> from the <application>Character Map</application> menu bar, type the name of the character in the <guilabel>Search</guilabel> field and click <guibutton>Next</guibutton>. The character you sought will be highlighted in the <guilabel>Character Table</guilabel>. Double-click this highlighted character to place it in the <guilabel>Text to copy</guilabel> field and then click the <guibutton>Copy</guibutton> button. Now switch back to your document and choose <menuchoice><guimenu>Edit</guimenu><guimenuitem>Paste</guimenuitem></menuchoice> from the <application>gedit</application> menu bar.
			</para>

		</blockquote>
		 <para>
			The above text includes application names; system-wide menu names and items; application-specific menu names; and buttons and text found within a GUI interface, all presented in proportional bold and all distinguishable by context.
		</para>
		 <para>
			<command><replaceable>Πλάγιοι έντονοι χαρακτήρες προκαθορισμένου πλάτους</replaceable></command> ή <application><replaceable>Πλάγιοι έντονοι χαρακτήρες αναλογικού πλάτους</replaceable></application>
		</para>
		 <para>
			Whether mono-spaced bold or proportional bold, the addition of italics indicates replaceable or variable text. Italics denotes text you do not input literally or displayed text that changes depending on circumstance. For example:
		</para>
		 <blockquote>
			<para>
				Για σύνδεση σε ένα απομακρυσμένο σύστημα χρησιμοποιώντας ssh, πληκτρολογείστε <command>ssh <replaceable>όνομα-χρήστη</replaceable>@<replaceable>όνομα.τομέα</replaceable></command> στη γραμμή εντολών. Αν το απομακρυσμένο σύστημα είναι <filename>example.com</filename> και το όνομα χρήστη σας σε εκείνο το μηχάνημα είναι giannis, πληκτρολογείστε <command>ssh giannis@example.com</command>.
			</para>
			 <para>
				Η εντολή <command>mount -o remount <replaceable>σύστημα-αρχείων</replaceable></command> επαναπροσαρτεί το συγκεκριμένο σύστημα αρχείων. Για παράδειγμα, για την επαναπροσάρτηση του συστήματος αρχείων <filename>/home</filename>, η εντολή είναι <command>mount -o remount /home</command>.
			</para>
			 <para>
				Για εμφάνιση της έκδοσης ενός πρόσφατα εγκατεστημένου πακέτου, χρησιμοποιείστε την εντολή <command>rpm -q <replaceable>πακέτο</replaceable></command>. Το αποτέλεσμα που θα εμφανιστεί θα είναι όπως παρακάτω: <command><replaceable>package-version-release</replaceable></command>.
			</para>

		</blockquote>
		 <para>
			Note the words in bold italics above — username, domain.name, file-system, package, version and release. Each word is a placeholder, either for text you enter when issuing a command or for text displayed by the system.
		</para>
		 <para>
			Πέρα από την κανονική χρήση για παρουσίαση του τίτλου μιας εργασίας, πλάγιοι χαρακτήρες δηλώνουν την πρώτη χρήση ενός νέου και σημαντικού όρου. Για παράδειγμα:
		</para>
		 <blockquote>
			<para>
				Publican is a <firstterm>DocBook</firstterm> publishing system.
			</para>

		</blockquote>

	</section>
	
	 <section>
		<title>Συνθήκες εστίασης σε αναφορές</title>
		 <para>
			Terminal output and source code listings are set off visually from the surrounding text.
		</para>
		 <para>
			Output sent to a terminal is set in <computeroutput>mono-spaced roman</computeroutput> and presented thus:
		</para>
		 
<screen>βιβλία       Επιφάνεια εργασίας   τεκμηρίωση πρόχειρα mss    φωτογραφίες   διάφορα svn
δοκιμές_βιβλίων Επιφάνεια εργασίας1 λήψεις      εικόνες σημειώσεις σενάρια svgs</screen>
		 <para>
			Source-code listings are also set in <computeroutput>mono-spaced roman</computeroutput> but add syntax highlighting as follows:
		</para>
		 <xi:include href="Program_Listing.xml" xmlns:xi="http://www.w3.org/2001/XInclude" />

	</section>
	
	 <section>
		<title>Σημειώσεις και προειδοποιήσεις</title>
		 <para>
			Τελικά, χρησιμοποιούνται τρεις εικονικές μορφές για να τραβήξουν την προσοχή σε πληροφορίες που διαφορετικά θα μπορούσαν να περάσουν απαρατήρητες.
		</para>
		 <note>
			<para>
				Notes are tips, shortcuts or alternative approaches to the task at hand. Ignoring a note should have no negative consequences, but you might miss out on a trick that makes your life easier.
			</para>

		</note>
		 <important>
			<para>
				Important boxes detail things that are easily missed: configuration changes that only apply to the current session, or services that need restarting before an update will apply. Ignoring a box labeled 'Important' will not cause data loss but may cause irritation and frustration.
			</para>

		</important>
		 <warning>
			<para>
				Warnings should not be ignored. Ignoring warnings will most likely cause data loss.
			</para>

		</warning>

	</section>

</section>


