<?xml version='1.0' encoding='utf-8' ?>
<!DOCTYPE section PUBLIC "-//OASIS//DTD DocBook XML V4.5//EN" "http://www.oasis-open.org/docbook/xml/4.5/docbookx.dtd" [
]>
<section>
	<title>Конвенције документа</title>
	 <para>
		Овај приручник користи неколико конвенција ради истицања извесних речи и израза како би се скренула пажња на одређене информације.
	</para>
	 <para>
		У PDF и папирним издањима, овај приручник користи слогове извучене из скупа <ulink url="https://fedorahosted.org/liberation-fonts/">Liberation фонтова</ulink>. Скуп Liberation фонтова се такође користи у HTML издањима ако је скуп инсталиран на систему. Ако није, приказиваће се алтернативни али еквивалентни слогови. Напомена: Red Hat Enterprise Linux 5 и каснији подразумевано укључују скуп Liberation фонтова.
	</para>
	 <section>
		<title>Типографске конвенције</title>
		 <para>
			Четири типографске конвенције се користе ради скретања пажње на одређене речи и изразе. Ове конвенције, и околности на које се односе, су следеће.
		</para>
		 <para>
			<literal>Подебљано једноширински</literal>
		</para>
		 <para>
			Used to highlight system input, including shell commands, file names and paths. Also used to highlight keys and key combinations. For example:
		</para>
		 <blockquote>
			<para>
				Да бисте видели садржај датотеке <filename>moj_sledeci_bestseler</filename> у текућем радном директоријуму, унесите команду <command>cat moj_sledeci_bestseler</command> на одзивнику љуске и притисните <keycap>Enter</keycap> да бисте извршили наредбу.
			</para>

		</blockquote>
		 <para>
			The above includes a file name, a shell command and a key, all presented in mono-spaced bold and all distinguishable thanks to context.
		</para>
		 <para>
			Key combinations can be distinguished from an individual key by the plus sign that connects each part of a key combination. For example:
		</para>
		 <blockquote>
			<para>
				Притисните <keycap>Enter</keycap> за извршавање наредбе.
			</para>
			 <para>
				Press <keycombo><keycap>Ctrl</keycap><keycap>Alt</keycap><keycap>F2</keycap></keycombo> to switch to a virtual terminal.
			</para>

		</blockquote>
		 <para>
			The first example highlights a particular key to press. The second example highlights a key combination: a set of three keys pressed simultaneously.
		</para>
		 <para>
			Ако се расправља о изворном коду, називи класа, методе, функције, називи променљива и враћене вредности који се спомињу унутар одељка ће бити приказани као изнад, <literal>подебљано једноширински</literal>. На пример:
		</para>
		 <blockquote>
			<para>
				Класе везане за датотеке укључују <classname>filesystem</classname> за системе датотека, <classname>file</classname> за датотеке, и <classname>dir</classname> за директоријуме. Свака класа има сопствени придружени скуп дозвола.
			</para>

		</blockquote>
		 <para>
			<application>Подебљано пропорционално</application>
		</para>
		 <para>
			Ово означава речи или изразе које се срећу на систему, укључујући називе програма; текст у прозорчету; означену дугмад; ознаке кућица и радио дугмади; наслове менија и подменија. На пример:
		</para>
		 <blockquote>
			<para>
				Изаберите <menuchoice><guimenu>Систем</guimenu><guisubmenu>Поставке</guisubmenu><guimenuitem>Миш</guimenuitem></menuchoice> из траке главног менија за покретање <application>Поставки миша</application>. На језичку <guilabel>Дугмад</guilabel>, притисните на кућицу <guilabel>Леворуки миш</guilabel> и притисните <guibutton>Затвори</guibutton> како бисте пребацили основно дугме миша са лева на десно (чинећи миша погодним за употребу у левој руци).
			</para>
			 <para>
				To insert a special character into a <application>gedit</application> file, choose <menuchoice><guimenu>Applications</guimenu><guisubmenu>Accessories</guisubmenu><guimenuitem>Character Map</guimenuitem></menuchoice> from the main menu bar. Next, choose <menuchoice><guimenu>Search</guimenu><guimenuitem>Find…</guimenuitem></menuchoice> from the <application>Character Map</application> menu bar, type the name of the character in the <guilabel>Search</guilabel> field and click <guibutton>Next</guibutton>. The character you sought will be highlighted in the <guilabel>Character Table</guilabel>. Double-click this highlighted character to place it in the <guilabel>Text to copy</guilabel> field and then click the <guibutton>Copy</guibutton> button. Now switch back to your document and choose <menuchoice><guimenu>Edit</guimenu><guimenuitem>Paste</guimenuitem></menuchoice> from the <application>gedit</application> menu bar.
			</para>

		</blockquote>
		 <para>
			Текст изнад садржи називе програма; називе менија и ставки широм система; називе менија везане за програм; и дугмад и текст који се налазе унутар GUI сучеља, све приказане подебљано пропорционално и све препознатљиве захваљујући контексту.
		</para>
		 <para>
			<command><replaceable>Подебљано и курзивно једноширински</replaceable></command> или <application><replaceable>Подебљано и курзивно пропорционално</replaceable></application>
		</para>
		 <para>
			Било да се ради од подебљаном једноширинском или подебљаном пропроционалном, додавање курзива указује на заменљиви или променљиви текст. Курзив означава текст који не уносите дословно или приказани текст који зависи од околности. На пример:
		</para>
		 <blockquote>
			<para>
				Да бисте се повезали на удаљену машину користећи ssh, унесите <command>ssh <replaceable>korisnik</replaceable>@<replaceable>ime.domena</replaceable></command> на одзивнику љуске. Ако је удаљена машина <filename>primer.com</filename> и ваше корисничко име на тој машини је marko, унесите <command>ssh marko@primer.com</command>.
			</para>
			 <para>
				Наредба <command>mount -o remount <replaceable>sistem-datoteka</replaceable></command> изнова монтира назначени систем датотека. На пример, да бисте изнова монтирали систем датотека <filename>/home</filename>, наредба је <command>mount -o remount /home</command>.
			</para>
			 <para>
				Да бисте видели верзију тренутно инсталираног пакета, употребите наредбу <command>rpm -q <replaceable>paket</replaceable></command>. Вратиће следећи резултат: <command><replaceable>paket-verzija-izdanje</replaceable></command>.
			</para>

		</blockquote>
		 <para>
			Note the words in bold italics above — username, domain.name, file-system, package, version and release. Each word is a placeholder, either for text you enter when issuing a command or for text displayed by the system.
		</para>
		 <para>
			Поред стандардне употребе за представљање наслова дела, курзивна слова означавају прву употребу неког новог и важног термина. На пример:
		</para>
		 <blockquote>
			<para>
				Publican је систем за <firstterm>DocBook</firstterm> издаваштво.
			</para>

		</blockquote>

	</section>
	
	 <section>
		<title>Конвенције извучених цитата</title>
		 <para>
			Излаз терминала и испис изворног кода се визуелно разликују од околног текста.
		</para>
		 <para>
			Излаз послат терминалу се врши <computeroutput>усправно једноширински</computeroutput> и представља се као:
		</para>
		 
<screen>books        Desktop   documentation  drafts  mss    photos   stuff  svn
books_tests  Desktop1  downloads      images  notes  scripts  svgs</screen>
		 <para>
			Испис изворног кода се такође врши <computeroutput>усправно једноширински</computeroutput> али додаје истицање синтаксе на следећи начин:
		</para>
		 <xi:include href="Program_Listing.xml" xmlns:xi="http://www.w3.org/2001/XInclude" />

	</section>
	
	 <section>
		<title>Белешке и упозорења</title>
		 <para>
			Коначно, користимо три визуелна стила да бисмо привукли пажњу на информације које би иначе можда биле превиђене.
		</para>
		 <note>
			<para>
				Белешке су савети, пречице или алтернативни приступи тренутном задатку. Занемаривање белешке не би требало да има негативних последица, али можете пропустити неки трик који би вам живот учинио лакшим.
			</para>

		</note>
		 <important>
			<para>
				Важни оквири детаљно описују ствари које се лако превиде: измене у подешавањима које се односе само на текућу сесију, или сервисе које треба поново покренути пре него што ажурирање пређе у дејство. Занемаривање оквира означених као „Важно“ неће изазвати губитак података али може изазвати иритацију и фрустрацију.
			</para>

		</important>
		 <warning>
			<para>
				Упозорења не треба занемарити. Занемаривање упозорења ће вероватно изазвати губитак података.
			</para>

		</warning>

	</section>

</section>


