<?xml version='1.0' encoding='utf-8' ?>
<!DOCTYPE section PUBLIC "-//OASIS//DTD DocBook XML V4.5//EN" "http://www.oasis-open.org/docbook/xml/4.5/docbookx.dtd" [
]>
<section>
	<title>Потребне су нам повратне информације!</title>
	 <indexterm>
		<primary>feedback</primary>
		 <secondary>contact information for this manual</secondary>

	</indexterm>
	 <para>
		Требало би да потиснете ово стварањем сопствене локалне Feedback.xml датотеке.
	</para>
</section>


