<?xml version='1.0' encoding='utf-8' ?>
<!DOCTYPE section PUBLIC "-//OASIS//DTD DocBook XML V4.5//EN" "http://www.oasis-open.org/docbook/xml/4.5/docbookx.dtd" [
]>
<section>
	<title>Нам потрібні ваші відгуки!</title>
	 <indexterm>
		<primary>відгуки</primary>
		 <secondary>відомості щодо зв’язку щодо цього підручника</secondary>
	</indexterm>
	 <para>
		Змінити цей напис можна за допомогою створеного вами локального файла Feedback.xml.
	</para>
</section>


