<?xml version='1.0' encoding='utf-8' ?>
<!DOCTYPE section PUBLIC "-//OASIS//DTD DocBook XML V4.5//EN" "http://www.oasis-open.org/docbook/xml/4.5/docbookx.dtd" [
]>
<section>
	<title>Konwencje dokumentu</title>
	 <para>
		Ten podręcznik używa kilku konwencji, aby wyróżnić niektóre słowa i frazy, a także zwrócić uwagę na określone części informacji.
	</para>
	 <para>
		W wydaniach PDF i papierowych ten podręcznik używa czcionek z zestawu <ulink url="https://fedorahosted.org/liberation-fonts/">Liberation</ulink>. Czcionki Liberation są używane także w wydaniach HTML, jeśli zestaw jest zainstalowany w systemie. Jeśli nie, wyświetlone zostaną alternatywne, ale odpowiadające im czcionki. Uwaga: system Red Hat Enterprise Linux 5 i późniejsze domyślnie zawierają zestaw czcionek Liberation.
	</para>
	 <section>
		<title>Konwencje typograficzne</title>
		 <para>
			Aby zwracać uwagę na określone słowa i frazy używane są cztery następujące konwencje typograficzne.
		</para>
		 <para>
			<literal>Pogrubiona czcionka o stałej szerokości</literal>
		</para>
		 <para>
			Używana do wyróżniania wejścia systemu, w tym poleceń powłoki, nazw plików i ścieżek. Używana także do wyróżniania klawiszy i ich kombinacji. Na przykład:
		</para>
		 <blockquote>
			<para>
				Aby zobaczyć zawartość pliku <filename>mój_nowy_bestseller</filename> w bieżącym katalogu roboczym, należy wpisać polecenie <command>cat mój_nowy_bestseller</command> po znaku zachęty powłoki i nacisnąć klawisz <keycap>Enter</keycap>, aby wykonać polecenie.
			</para>

		</blockquote>
		 <para>
			Powyższy tekst zawiera nazwę pliku, polecenie powłoki i klawisz, wszystkie przedstawione za pomocą pogrubionej czcionki o stałej szerokości, a rozróżnialne dzięki kontekstowi.
		</para>
		 <para>
			Kombinacje klawiszy mogą być rozróżniane od pojedynczych klawiszy przez znak plus łączący każdą część kombinacji. Na przykład:
		</para>
		 <blockquote>
			<para>
				Proszę nacisnąć klawisz <keycap>Enter</keycap>, aby wykonać polecenie.
			</para>
			 <para>
				Proszę nacisnąć <keycombo><keycap>Ctrl</keycap><keycap>Alt</keycap><keycap>F2</keycap></keycombo>, aby przełączyć na wirtualny terminal.
			</para>

		</blockquote>
		 <para>
			W pierwszym przykładzie wyróżniono pojedynczy klawisz do naciśnięcia. W drugim wyróżniono kombinację klawiszy, zestaw trzech klawiszy do wciśnięcia jednocześnie.
		</para>
		 <para>
			Jeśli omawiany jest kod źródłowy, to nazwy klas, metody, funkcje, nazwy zmiennych oraz wartości zwrócone wspomniane w paragrafie zostaną przedstawione tak jak powyżej, <literal>pogrubioną czcionką o stałej szerokości</literal>. Na przykład:
		</para>
		 <blockquote>
			<para>
				Klasy związane z plikami to <classname>filesystem</classname> dla systemów plików, <classname>file</classname> dla plików, a <classname>dir</classname> dla katalogów. Każda klasa posiada swój własny zestaw uprawnień.
			</para>

		</blockquote>
		 <para>
			<application>Pogrubiona czcionka o zmiennej szerokości</application>
		</para>
		 <para>
			Ta czcionka oznacza słowa lub frazy spotykane w systemie, w tym nazwy aplikacji, teksty okien dialogowych, przyciski z etykietami, etykiety pól wyboru, tytuły w menu i podmenu. Na przykład:
		</para>
		 <blockquote>
			<para>
				Proszę wybrać <menuchoice><guimenu>System</guimenu><guisubmenu>Preferencje</guisubmenu><guimenuitem>Mysz</guimenuitem></menuchoice> z głównego menu panelu, aby uruchomić <application>Preferencje myszy</application>. W karcie <guilabel>Przyciski</guilabel> należy nacisnąć pole wyboru <guilabel>Dla leworęcznych</guilabel> i nacisnąć przycisk <guibutton>Zamknij</guibutton>, aby przełączyć główny przycisk myszy z lewego na prawy (umożliwiając używanie myszy lewą ręką).
			</para>
			 <para>
				Aby wstawić znak specjalny do pliku programu <application>gedit</application>, należy wybrać <menuchoice><guimenu>Programy</guimenu><guisubmenu>Akcesoria</guisubmenu><guimenuitem>Mapa znaków</guimenuitem></menuchoice> z głównego menu panelu. Następnie należy wybrać <menuchoice><guimenu>Wyszukiwanie</guimenu><guimenuitem>Znajdź…</guimenuitem></menuchoice> z paska menu <application>Mapy znaków</application>, wpisać nazwę znaku w polu <guilabel>Wyszukiwanie</guilabel> i nacisnąć <guibutton>Następny</guibutton>. Poszukiwany znak zostanie wyróżniony na <guilabel>Tablicy znaków</guilabel>. Podwójne kliknięcie wyróżnionego znaku wstawi go do pola <guilabel>Tekst do skopiowania</guilabel>. Następnie należy nacisnąć przycisk <guibutton>Skopiuj</guibutton>. Teraz należy przełączyć z powrotem do dokumentu i wybrać <menuchoice><guimenu>Edycja</guimenu><guimenuitem>Wklej</guimenuitem></menuchoice> z paska menu programu <application>gedit</application>.
			</para>

		</blockquote>
		 <para>
			Powyższy tekst zawiera nazwy aplikacji, nazwy menu systemowych i ich elementów, nazwy menu aplikacji oraz przyciski i tekst z graficznego interfejsu użytkownika, wszystkie przedstawione za pomocą pogrubionej czcionki o zmiennej szerokości, a rozróżnialne dzięki kontekstowi.
		</para>
		 <para>
			<command> <replaceable>Pogrubiona i pochylona czcionka o stałej szerokości</replaceable></command> lub <application><replaceable>Pogrubiona i pochylona czcionka o zmiennej szerokości</replaceable></application>
		</para>
		 <para>
			Kiedy używana jest pogrubiona czcionka i stałej lub zmiennej szerokości, dodanie pochylenia wskazuje tekst do zastąpienia lub zmienne. Pochylenie oznacza tekst, którego nie trzeba wpisywać dosłownie lub który zmienia się w zależności od okoliczności. Na przykład:
		</para>
		 <blockquote>
			<para>
				Aby połączyć się ze zdalnym komputerem używając SSH, należy podać polecenie <command>ssh <replaceable>nazwa_użytkownika</replaceable>@<replaceable>nazwa.domeny</replaceable></command> po znaku zachęty powłoki. Jeśli zdalny komputer to <filename>przykład.pl</filename>, a nazwa użytkownika na tym komputerze to jan, należy podać <command>ssh jan@przykład.pl</command>.
			</para>
			 <para>
				Polecenie <command>mount -o remount <replaceable>system-plików</replaceable></command> ponownie montuje podany system plików. Na przykład, aby ponownie zamontować system plików <filename>/home</filename>, polecenie to <command>mount -o remount /home</command>.
			</para>
			 <para>
				Aby zobaczyć wersję obecnie zainstalowanego pakietu, należy użyć polecenia <command>rpm -q <replaceable>pakiet</replaceable></command>. Zwrócony zostanie następujący wynik: <command><replaceable>pakiet-wersja-wydanie</replaceable></command>.
			</para>

		</blockquote>
		 <para>
			Proszę zauważyć pogrubione i pochylone słowa powyżej — nazwa_użytkownika, nazwa.domeny, system-plików, pakiet, wersja i wydanie. Każde z nich jest tymczasowe, przeznaczone do zastąpienia tekstem wpisywanym podczas wydawania polecenia lub tekstem wyświetlanym przez system.
		</para>
		 <para>
			Poza standardowym użyciem do przestawienia tytułu pracy, pochylenie oznacza pierwsze użycie nowego i ważnego terminu. Na przykład:
		</para>
		 <blockquote>
			<para>
				Publican jest systemem publikowania opartym na formacie <firstterm>DocBook</firstterm>.
			</para>

		</blockquote>

	</section>
	
	 <section>
		<title>Konwencje dla cytatów</title>
		 <para>
			Wyjście terminala i kod źródłowy są wizualnie oddzielone od otaczającego tekstu.
		</para>
		 <para>
			Wyjście wysłane do terminala jest wyświetlane za pomocą <computeroutput>czcionki antykwowej o stałej szerokości</computeroutput> i przez to przedstawia się tak:
		</para>
		 
<screen>książki         Pulpit    dokumentacja   szkice  mss      zdjęcia  coś  svn
książki_testowe Pulpit1   pobrane        obrazy  notatki  skrypty  svg</screen>
		 <para>
			Kod źródłowy jest także wyświetlany za pomocą <computeroutput>czcionki antykwowej o stałej szerokości</computeroutput>, ale wygląda i wyróżniony jest następująco:
		</para>
		 <xi:include href="Program_Listing.xml" xmlns:xi="http://www.w3.org/2001/XInclude" />

	</section>
	
	 <section>
		<title>Uwagi i ostrzeżenia</title>
		 <para>
			Używane są trzy style wizualne, aby zwrócić uwagę na informacje, które inaczej mogłyby zostać przeoczone.
		</para>
		 <note>
			<para>
				Uwaga jest wskazówką, skrótem lub innym podejściem do omawianego zadania. Zignorowanie uwagi nie powinno mieć żadnych negatywnych konsekwencji, ale można pominąć ułatwiającą życie sztuczkę.
			</para>

		</note>
		 <important>
			<para>
				Pole "Ważne" przedstawiają szczegóły, które mogłyby zostać łatwo pominięte: zmiany konfiguracji mające zastosowanie tylko w bieżącej sesji lub usługa wymagająca ponownego uruchomienia przed uwzględnieniem aktualizacji. Zignorowanie pól "Ważne" nie spowoduje utraty danych, ale może wywołać irytację lub frustrację.
			</para>

		</important>
		 <warning>
			<para>
				Ostrzeżenia nie powinny być ignorowane. Zignorowanie ostrzeżeń najprawdopodobniej spowoduje utratę danych.
			</para>

		</warning>

	</section>

</section>


