<?xml version='1.0' encoding='utf-8' ?>
<!DOCTYPE section PUBLIC "-//OASIS//DTD DocBook XML V4.5//EN" "http://www.oasis-open.org/docbook/xml/4.5/docbookx.dtd" [
]>
<section>
	<title>Konvencije dokumenta</title>
	 <para>
		Ovaj priručnik koristi nekoliko konvencija za isticanje pojedinih riječi i fraza te za privlačenje pozornosti na pojedine dijelove informacija.
	</para>
	 <para>
		U PDF i tiskanim izdanjima, ovaj priručnik koristi oblike pisma preuzete sa <ulink url="https://fedorahosted.org/liberation-fonts/">Liberation·Fonts</ulink> seta. Liberation·Fonts set je također korišten i u HTML izdanjima, ako su Liberation·Fonts instalirani na vašem sistemu. Ako nisu, alternativno ali isto, bit će prikazani sa osnovnim oblicima pisma. Napomena: Red Hat Enterprise Linux 5 i kasniji sadrže Liberation Fonts u standardnom paketu.
	</para>
	 <section>
		<title>Tipografske konvencije</title>
		 <para>
			Za skretanje pažnje na određene riječi i fraze koriste se četiri tipografske konvencije. Te konvencije sa okolnostima na koje se odnose, su sljedeće:
		</para>
		 <para>
			Mono-razmak Podebljano
		</para>
		 <para>
			Used to highlight system input, including shell commands, file names and paths. Also used to highlight keys and key combinations. For example:
		</para>
		 <blockquote>
			<para>
				Kako biste vidjeli sadržaj datoteke <filename>my_next_bestselling_novel</filename> u svojem trenutnom radnom direktoriju, unesite naredbu <command>cat my_next_bestselling_novel</command> u sučelje ljuske i pritisnite tipku <keycap>Enter</keycap> za izvršenje naredbe.
			</para>

		</blockquote>
		 <para>
			The above includes a file name, a shell command and a key, all presented in mono-spaced bold and all distinguishable thanks to context.
		</para>
		 <para>
			Key combinations can be distinguished from an individual key by the plus sign that connects each part of a key combination. For example:
		</para>
		 <blockquote>
			<para>
				Pritisnite <keycap>Enter</keycap> za izvršenje naredbe.
			</para>
			 <para>
				Press <keycombo><keycap>Ctrl</keycap><keycap>Alt</keycap><keycap>F2</keycap></keycombo> to switch to a virtual terminal.
			</para>

		</blockquote>
		 <para>
			The first example highlights a particular key to press. The second example highlights a key combination: a set of three keys pressed simultaneously.
		</para>
		 <para>
			Ako se spominje izvorni kod programa, imena klasa, metoda, funkcija, imena varijabli ili povratnih vrijednosti unutar paragrafa, bit će prikazani kao gore, u <literal>Mono-spaced Podebljano</literal>. Npr.:
		</para>
		 <blockquote>
			<para>
				U klase povezane datotekama spadaju <classname>filesystem</classname> za datotečne sustave, <classname>file</classname> za datoteke te <classname>dir</classname> za direktorije. Svaka klasa ima vlastit skup dopuštenja .
			</para>

		</blockquote>
		 <para>
			Proporcionalno podebljano
		</para>
		 <para>
			Ovo se odnosi na riječi i fraze vezane uz sistem, uključujući imena aplikacija, tekst prozora s dijalozima, tekst na tipkama, tekst uz kućice za označivanje, tekstove sa menija i podmenija. Npr.:
		</para>
		 <blockquote>
			<para>
				Izaberite <guimenu>Sustav·&gt;·Postavke·&gt;·Miš</guimenu> iz glavnog menija za pokretanje <application>Postavke miša</application>. U odjeljku <guilabel>Tipke</guilabel> kliknite <guilabel>Left-handed·mouse</guilabel> kućicu za označivanje te kliknite tipku <guibutton>Zatvori</guibutton> za promjenu primarne tipke miša sa lijeve na desnu (kako i miš bio prilagođeniji za korištenje lijevom rukom).
			</para>
			 <para>
				To insert a special character into a <application>gedit</application> file, choose <menuchoice><guimenu>Applications</guimenu><guisubmenu>Accessories</guisubmenu><guimenuitem>Character Map</guimenuitem></menuchoice> from the main menu bar. Next, choose <menuchoice><guimenu>Search</guimenu><guimenuitem>Find…</guimenuitem></menuchoice> from the <application>Character Map</application> menu bar, type the name of the character in the <guilabel>Search</guilabel> field and click <guibutton>Next</guibutton>. The character you sought will be highlighted in the <guilabel>Character Table</guilabel>. Double-click this highlighted character to place it in the <guilabel>Text to copy</guilabel> field and then click the <guibutton>Copy</guibutton> button. Now switch back to your document and choose <menuchoice><guimenu>Edit</guimenu><guimenuitem>Paste</guimenuitem></menuchoice> from the <application>gedit</application> menu bar.
			</para>

		</blockquote>
		 <para>
			Gornji tekst uključuje imena aplikacija, imena menija i njihov sadržaj, menije specifične za određenu aplikaciju te tipke i tekst unutar GUI sučelja. Tako označen tekst je jasno prepoznatljiv u kontekstu.
		</para>
		 <para>
			<command><replaceable>Mono-spaced·Podebljano·Ukošeno</replaceable></command> ili ·<application><replaceable>Proportional·Podebljano·Ukošeno</replaceable></application>
		</para>
		 <para>
			Podebljano sa uniformnim razmakom (mono-spaced) ili proporcionalno podebljano, i dodatno ukošenog teksta naznačava zamjenjivili promijenjljivi tekst. Ukošen tekst označuje tekst koji se ne unosti doslovno ili tekst čiji stvaran sadržaj ovisi o okolnostima. Npr.:
		</para>
		 <blockquote>
			<para>
				Za spajanje na udaljen stroj koristeći ssh, upišite <command>ssh <replaceable>koristničko_ime</replaceable>@<replaceable>domena.ime</replaceable></command> u sučelje ljuske. Ako je udaljen stroj <filename>example.com</filename>, a vaše korisničko ime na tom stroju je ivan, upišite <command>ssh ivan@example.com</command>.
			</para>
			 <para>
				Naredba <command>mount -o remount <replaceable>datotečni_sustav</replaceable></command> izvršava remount određeni datotečni sustav. Npr. za remount datotečnog sustava <filename>/home</filename> koristite naredbu <command>mount -o remount /home</command>.
			</para>
			 <para>
				Kako biste vidjeli verziju paketa koji je trenutno instaliran, koristite naredbu <command>rpm -q <replaceable>paket</replaceable></command>. Naredba će vratiti rezultat nalik sljedećem: <command><replaceable>paket-verzija-izdanje</replaceable></command>.
			</para>

		</blockquote>
		 <para>
			Note the words in bold italics above — username, domain.name, file-system, package, version and release. Each word is a placeholder, either for text you enter when issuing a command or for text displayed by the system.
		</para>
		 <para>
			Naspram standardnom načinu prikazivanja naslova nekog djela, ukošen tekst označava prvo mjesto gdje smo koristili neki važan termin. Npr.:
		</para>
		 <blockquote>
			<para>
				Publican je <firstterm>DocBook</firstterm> izdavački sustav.
			</para>

		</blockquote>

	</section>
	
	 <section>
		<title>Konvencije o izdvojenim citatima</title>
		 <para>
			Ispis sa terminala i programski kod obično su izdvojeni od teksta koji ih okružuje.
		</para>
		 <para>
			Izlazni podaci sa terminala su postavljeni u <computeroutput>Mono-spaced·Roman</computeroutput> i tako se i prezentiraju:
		</para>
		 
<screen>knjige             Radna_površina     dokumentacija     skice  mss     fotografije  stvari  svn
testovi_knjiga  Radna_površina1   preuzeti_podaci   slike   biljške  zapisi         svg</screen>
		 <para>
			Zapisi izvornog koda su također stavljeni u <computeroutput>Mono-spaced Roman</computeroutput>, ali su prikazani i istaknuti na sljedeći način:
		</para>
		 <xi:include href="Program_Listing.xml" xmlns:xi="http://www.w3.org/2001/XInclude" />

	</section>
	
	 <section>
		<title>Napomene i upozorenja</title>
		 <para>
			Napokon, koristimo tri vizualna stila za odvlačenje pozornosti na informacije koje možda ne bismo zapazili.
		</para>
		 <note>
			<para>
				Napomena je činjenica, prečica ili alternativa standardnom pristupu. Ignoriranje napomene ne bi smjelo imati negativne posljedice, ali ako je pročitate, život vam može postati jednostavniji.
			</para>

		</note>
		 <important>
			<para>
				Kućice sa oznakom 'Važno' daju opširnije detalje koje nije lako zapaziti: promjene u konfiguracijama koje se odnose na trenutnu sesiju ili servisi koje treba ponovno pokrenuti nakon ažuriranja. Ignoriranje ovih poruka neće završiti gubitkom podataka, ali može biti iritirajuće ili frustrirajuće.
			</para>

		</important>
		 <warning>
			<para>
				Upozorenja se ne bi trebala ignorirati. Ignoriranje upozorenja će u većini slučajeva dovesti do gubitka podataka.
			</para>

		</warning>

	</section>

</section>


