<?xml version='1.0' encoding='utf-8' ?>
<!DOCTYPE section PUBLIC "-//OASIS//DTD DocBook XML V4.5//EN" "http://www.oasis-open.org/docbook/xml/4.5/docbookx.dtd" [
]>
<section>
	<title>Dokumenta nolīgumi</title>
	 <para>
		Šī vadība izmanto vairākus nolīgumus lai apgaismot noteiktus vārdus un frāzes un uzsvērt dažadas informācijas daļas.
	</para>
	 <para>
		PDF un papīra izdošanas, šī vadība izmanto šrifti uzrakstītie no <ulink url="https://fedorahosted.org/liberation-fonts/">Liberation Fonts</ulink> saraksta. Liberation Fonts saraksts izmantojas arī HTML izdošanās ja tas ir uzinstalēts Jūsu sistēmā. Ja nē, tad alternatīvais vai ekvivalēnts šrifts ir parādīts. Piezīme: Red Hat Enterprise Linux 5 un nākamās sistēmas Liberation Fonts saraksts ir jau uzinstalēts.
	</para>
	 <section>
		<title>Tipogrāfiskie nolīgumi</title>
		 <para>
			Četri tipogrāfiskie nolīgumi ir izmantoti lai pievērst uzmanību pie noteiktiem vārdiem un frāzēm. Šie nolīgumi un apstākļi, kas piebilst, ir kā seko.
		</para>
		 <para>
			<literal>Mono-spaced Bold</literal>
		</para>
		 <para>
			Used to highlight system input, including shell commands, file names and paths. Also used to highlight keys and key combinations. For example:
		</para>
		 <blockquote>
			<para>
				Lai apskatīt faila saturu <filename>mans_nākamais_bestsellers</filename> Jūsu dotajā mapē, ievadiet <command>cat mans_nākamais_bestsellers</command> komandu konsolē un nospiediet <keycap>Enter</keycap> lai izpildīt komandu.
			</para>

		</blockquote>
		 <para>
			The above includes a file name, a shell command and a key, all presented in mono-spaced bold and all distinguishable thanks to context.
		</para>
		 <para>
			Key combinations can be distinguished from an individual key by the plus sign that connects each part of a key combination. For example:
		</para>
		 <blockquote>
			<para>
				Nospiediet <keycap>Enter</keycap> lai izpildīt komandu.
			</para>
			 <para>
				Press <keycombo><keycap>Ctrl</keycap><keycap>Alt</keycap><keycap>F2</keycap></keycombo> to switch to a virtual terminal.
			</para>

		</blockquote>
		 <para>
			The first example highlights a particular key to press. The second example highlights a key combination: a set of three keys pressed simultaneously.
		</para>
		 <para>
			If source code is discussed, class names, methods, functions, variable names and returned values mentioned within a paragraph will be presented as above, in <literal>mono-spaced bold</literal>. For example:
		</para>
		 <blockquote>
			<para>
				Failu saistītas klases iekļauj <classname>filesystem</classname> failu sistēmai, <classname>file</classname> failiem un <classname>dir</classname> mapēm. Kartai klasei ir savs atļaujas salikums.
			</para>

		</blockquote>
		 <para>
			<application>Proportional Bold</application>
		</para>
		 <para>
			This denotes words or phrases encountered on a system, including application names; dialog box text; labeled buttons; check-box and radio button labels; menu titles and sub-menu titles. For example:
		</para>
		 <blockquote>
			<para>
				Choose <menuchoice><guimenu>System</guimenu><guisubmenu>Preferences</guisubmenu><guimenuitem>Mouse</guimenuitem></menuchoice> from the main menu bar to launch <application>Mouse Preferences</application>. In the <guilabel>Buttons</guilabel> tab, click the <guilabel>Left-handed mouse</guilabel> check box and click <guibutton>Close</guibutton> to switch the primary mouse button from the left to the right (making the mouse suitable for use in the left hand).
			</para>
			 <para>
				To insert a special character into a <application>gedit</application> file, choose <menuchoice><guimenu>Applications</guimenu><guisubmenu>Accessories</guisubmenu><guimenuitem>Character Map</guimenuitem></menuchoice> from the main menu bar. Next, choose <menuchoice><guimenu>Search</guimenu><guimenuitem>Find…</guimenuitem></menuchoice> from the <application>Character Map</application> menu bar, type the name of the character in the <guilabel>Search</guilabel> field and click <guibutton>Next</guibutton>. The character you sought will be highlighted in the <guilabel>Character Table</guilabel>. Double-click this highlighted character to place it in the <guilabel>Text to copy</guilabel> field and then click the <guibutton>Copy</guibutton> button. Now switch back to your document and choose <menuchoice><guimenu>Edit</guimenu><guimenuitem>Paste</guimenuitem></menuchoice> from the <application>gedit</application> menu bar.
			</para>

		</blockquote>
		 <para>
			The above text includes application names; system-wide menu names and items; application-specific menu names; and buttons and text found within a GUI interface, all presented in proportional bold and all distinguishable by context.
		</para>
		 <para>
			<command><replaceable>Mono-šķirts treknais slīpraksts</replaceable></command> vai <application><replaceable>Proporcionāls treknais slīpraksts</replaceable></application>
		</para>
		 <para>
			Whether mono-spaced bold or proportional bold, the addition of italics indicates replaceable or variable text. Italics denotes text you do not input literally or displayed text that changes depending on circumstance. For example:
		</para>
		 <blockquote>
			<para>
				Lai pieslēgties pie attālināta datora izmantojos ssh, ievediet <command>ssh <replaceable>lietotājvārds</replaceable>@<replaceable>domēna.vārds</replaceable></command> shell čaulā. Ja attālinātais dators ir <filename>example.com</filename> un jūsu lietotājvārds uz tā datora ir john, ievediet <command>ssh john@example.com</command>.
			</para>
			 <para>
				Komanda <command>mount -o remount <replaceable>failu-sistēma</replaceable></command> pārmontē ierakstīto failu sistēmu. Piemēram, lai pārmontēt <filename>/home</filename> failu sistēmu, izmanto komandu <command>mount -o remount /home</command>.
			</para>
			 <para>
				Lai apskatīties uzinstalētas pakotnes versiju, izmanto <command>rpm -q <replaceable>pakotne</replaceable></command> komandu. Tā atgriež šāda veida rezultātu: <command><replaceable>pakotnes-versijas-relīze</replaceable></command>.
			</para>

		</blockquote>
		 <para>
			Note the words in bold italics above — username, domain.name, file-system, package, version and release. Each word is a placeholder, either for text you enter when issuing a command or for text displayed by the system.
		</para>
		 <para>
			Izņemot standarta izmantošanu lai rādīt darba virsraksti, slīpraksts norāda jauna vai nozīmīga termina pirmo izmantošanu. Piemēram:
		</para>
		 <blockquote>
			<para>
				Publican is a <firstterm>DocBook</firstterm> publishing system.
			</para>

		</blockquote>

	</section>
	
	 <section>
		<title>Citātes</title>
		 <para>
			Terminal output and source code listings are set off visually from the surrounding text.
		</para>
		 <para>
			Output sent to a terminal is set in <computeroutput>mono-spaced roman</computeroutput> and presented thus:
		</para>
		 
<screen>grāmatas        darbvirsma   dokumentācija  uzmetums  mss    foto   materiāls  svn
grāmatu_testi  Darbvirsma1  lejupielādēts      bildes  piezīmes  skripti  svgs</screen>
		 <para>
			Source-code listings are also set in <computeroutput>mono-spaced roman</computeroutput> but add syntax highlighting as follows:
		</para>
		 <xi:include href="Program_Listing.xml" xmlns:xi="http://www.w3.org/2001/XInclude" />

	</section>
	
	 <section>
		<title>Piezīmes un Brīdinājumi</title>
		 <para>
			Beidzot, mēs izmantojam trīs vizuālus stilus lai pieverst uzmanību pie informācijas kas var būt nepamanīta.
		</para>
		 <note>
			<para>
				Notes are tips, shortcuts or alternative approaches to the task at hand. Ignoring a note should have no negative consequences, but you might miss out on a trick that makes your life easier.
			</para>

		</note>
		 <important>
			<para>
				Important boxes detail things that are easily missed: configuration changes that only apply to the current session, or services that need restarting before an update will apply. Ignoring a box labeled 'Important' will not cause data loss but may cause irritation and frustration.
			</para>

		</important>
		 <warning>
			<para>
				Warnings should not be ignored. Ignoring warnings will most likely cause data loss.
			</para>

		</warning>

	</section>

</section>


