<?xml version='1.0' encoding='utf-8' ?>
<!DOCTYPE section PUBLIC "-//OASIS//DTD DocBook XML V4.5//EN" "http://www.oasis-open.org/docbook/xml/4.5/docbookx.dtd" [
]>
<section>
	<title>ডকুমেন্টে ব্যবহৃত নিয়ম নীতি</title>
	 <para>
		কোনো বিশেষ তথ্যের প্রতি আপনার দৃষ্টি আকর্ষণ করতে সহায়িকার মধ্যে শব্দ ও পংক্তিকে তথ্যের গুরুত্ব অনুযায়ী বিভিন্ন রূপে চিহ্নিত করা হয়েছে।
	</para>
	 <para>
		এই নথির PDF ও মুদ্রিত সংস্করণে <ulink url="https://fedorahosted.org/liberation-fonts/">Liberation ফন্ট</ulink> সংকলনের মুদ্রাক্ষর ব্যবহার করা হবে। কম্পিউটারের মধ্যে Liberation ফন্ট ইনস্টল থাকলে এই নথির HTML সংস্করণেও তা ব্যবহৃত হবে। অন্যথা, সমতূল্য বিকল্প মুদ্রাক্ষর প্রয়োগ করা হবে। উল্লেখ্য: Red Hat Enterprise Linux 5 ও ঊর্ধ্বতন সংস্করণে ডিফল্টরূপে Liberation Fonts অন্তর্ভুক্ত করা হয়।
	</para>
	 <section>
		<title>মুদ্রণ সংক্রান্ত নিয়মাবলী</title>
		 <para>
			কিছু শব্দ ও পংক্তির প্রতি পাঠকের দৃষ্টি আকর্ষণ করার জন্য সেগুলি লেখার সময় মুদ্রণ সংক্রান্ত চার ধরনের নিয়াম পালন করা হয়েছে। এই নিয়াবলী ও সেগুলি ব্যবহারের পরিস্থিতি সম্বন্ধে পরবর্তী অংশে আলোচনা করা হয়েছে।
		</para>
		 <para>
			<literal>মোনো-স্পেসড বোল্ড</literal>
		</para>
		 <para>
			সিস্টেমের জন্য ইনপুট যেমন শেল কমান্ড, ফাইলের নাম ও পাথ লিখতে ব্যবহার করা হয়েছে। কি-র নাম অথবা কি সংকলন উজ্জ্বল করে চিহ্নিত করার জন্যও ব্যবহৃত। উদাহরণস্বরূপ:
		</para>
		 <blockquote>
			<para>
				কাজের জন্য ব্যবহৃত বর্তমান ডিরেক্টরির মধ্যে <filename>my_next_bestselling_novel</filename> ফাইলের বিষয়বস্তু প্রদর্শনের উদ্দেশ্যে, শেল প্রম্পটের মধ্যে <command>cat my_next_bestselling_novel</command> কমান্ড লিখুন ও <keycap>Enter</keycap> টিপে কমান্ডটি সঞ্চালন করুন।
			</para>

		</blockquote>
		 <para>
			উপরোক্ত পংক্তির মধ্যে একটি ফাইলের নাম, শেল কমান্ড ও কি-র নাম মোনো-স্পেস্ড বোল্ডে লেখা হয়েছে এবং প্রসঙ্গ অনুযায়ী সেগুলি পৃথকরূপে চিহ্নিত করা সম্ভব।
		</para>
		 <para>
			কি সংকলনের ক্ষেত্রে প্রতিটি কি-র মধ্যে উপস্থিত যোগ চিহ্ন দ্বারা সংকলনগুলিকে পৃথক কি থেকে ভিন্ন রূপে সনাক্ত করা যাবে। উদাহরণস্বরূপ:
		</para>
		 <blockquote>
			<para>
				<keycap>Enter</keycap> টিপে কমান্ড সঞ্চালন করুন।
			</para>
			 <para>
				ভার্চুয়াল টার্মিন্যালে পরিবর্তনের জন্য <keycombo><keycap>Ctrl</keycap><keycap>Alt</keycap><keycap>F2</keycap></keycombo> টিপুন।
			</para>

		</blockquote>
		 <para>
			প্রথম উদাহরণে, টেপার উদ্দেশ্যে একটি সুনিশ্চিত কি উজ্জ্বলিত করা হয়েছে। দ্বিতীয় উদাহরণে একটি কি-সংকলন উজ্জ্বলিত করা হয়েছে: এই ক্ষেত্রে তিনটি কি একত্রিত ভাবে টেপা হয়।
		</para>
		 <para>
			সোর্স কোড সম্পর্কে আলোচনার সময় অনুচ্ছেদের মধ্যে উল্লিখিত ক্লাসের নাম, মেথড, ফাংশান, ভেরিয়েবলের নাম ও প্রাপ্ত ফলাফলের মান <literal>মোনো-স্পেস্ড বোল্ড</literal>-এ লেখা হবে। উদাহরণস্বরূপ:
		</para>
		 <blockquote>
			<para>
				ফাইল সম্পর্কিত ক্লাসের মধ্যে রয়েছে <classname>filesystem</classname> ফাইল-সিস্টেমের জন্য, <classname>file</classname> ফাইলের জন্য, এবং <classname>dir</classname> ডিরেক্টরির জন্য। প্রতিটি ক্লাসের ক্ষেত্রে প্রযোজ্য অনুমতি নির্ধারিত রয়েছে।
			</para>

		</blockquote>
		 <para>
			<application>আপেক্ষিক বোল্ড</application>
		</para>
		 <para>
			এই বিন্যাস দ্বারা সিস্টেমের মধ্যে প্রাপ্ত শব্দ অথবা পংক্তি যেমন অ্যাপ্লিকেশনের নাম; ডায়লগ বক্সের লেখা; লেবেল করা বাটন; চেক-বক্স ও রেডিও-বাটনের লেবেল; মেনু ও সাব-মেনুর শিরোনাম প্রভৃতি উল্লেখ করা হয়। উদাহরণস্বরূপ:
		</para>
		 <blockquote>
			<para>
				<application>মাউস সম্পর্কিত পছন্দ</application> আরম্ভ করার জন্য প্রধান মেনু বার থেকে <guimenu>সিস্টেম &gt; পছন্দ &gt; মাউস</guimenu> নির্বাচন করুন। <guilabel>বাটন</guilabel> ট্যাবের মধ্যে <guilabel>বাঁহাতি মাউস</guilabel> শীর্ষক চেকবক্স নির্বাচন করুন ও <guibutton>বন্ধ করুন</guibutton> টিপে, মাউসের বাঁদিকের বাটনের পরিবর্তে ডানদিকের বাটনটিকে প্রধান বাটন রূপে নির্ধারণ করুন (এর ফলে মাউসটি বাঁ হাতে ব্যবহারের জন্য সুবিধাজনক হবে)।
			</para>
			 <para>
				একটি <application>gedit</application> ফাইলের মধ্যে বিশেষ অক্ষর লেখার জন্য, প্রধান মেনু থেকে <menuchoice><guimenu>অ্যাপ্লিকেশন তালিকা</guimenu><guisubmenu>আনুষঙ্গিক</guisubmenu><guimenuitem>অক্ষরের ম্যাপ</guimenuitem></menuchoice> নির্বাচন করুন। এর পরে, <application>অক্ষরের ম্যাপ</application> মেনু বার থেকে <menuchoice><guimenu>অনুসন্ধান</guimenu><guimenuitem>অনুসন্ধান…</guimenuitem></menuchoice> নির্বাচন করুন ও , <guilabel>অনুসন্ধান</guilabel> ক্ষেত্রে অক্ষরের নাম লিখে <guibutton>পরবর্তী</guibutton> টিপুন। সন্ধান করা অক্ষরটি <guilabel>অক্ষরের টেবিল</guilabel>-এ উজ্জ্বলিত করা হবে। <guilabel>কপি করার জন্য চিহ্নিত বিষয়বস্তু</guilabel> শীর্ষক ক্ষেত্রে এই উজ্জ্বলিত অক্ষরটি অন্তর্ভুক্ত করা জন্য সেটির উপর দুইবার ক্লিক করুন ও এর পরে <guibutton>করি করুন</guibutton> বাটনটি টিপুন। এর পরে, নথিটিতে প্রত্যাবর্তন করে <application>gedit</application>-র মেনু-বার থেকে <menuchoice><guimenu>সম্পাদনা</guimenu><guimenuitem>পেস্ট করুন</guimenuitem></menuchoice> নির্বাচন করুন।
			</para>

		</blockquote>
		 <para>
			উপরোক্ত অংশে রয়েছে অ্যাপ্লিকেশনের নাম; সিস্টেমের মেনু ও মেনুর বস্তুর নাম; অ্যাপ্লিকেশনের মেনুর নাম; ও GUI প্রেক্ষাপটে প্রদর্শিত বাটন ও টেক্সট। এই সমস্ত বস্তু আপেক্ষিক বোল্ড বিন্যাসে প্রদর্শিত হয়েছে ও সহজেই পৃথকরূপে সনাক্ত করা যাবে।
		</para>
		 <para>
			<command><replaceable>মোনো-স্পেস্ড বোল্ড আইটালিক</replaceable></command> অথবা <application><replaceable>আপেক্ষিক বোল্ড আইটালিক</replaceable></application>
		</para>
		 <para>
			মোনো-স্পেস্ড অথবা আপেক্ষিক বোল্ড নির্বিশেষে,আইটালিক দ্বারা চিহ্নিত লেখাগুলি পরিবর্তনযোগ্য মান নির্দেশ করে অর্থাৎ চিহ্নিত লেখাগুলি লেখা অথবা প্রদর্শন করা হবে না ও পরিস্থিতি অনুযায়ী পরিবর্তন করা হবে। উদাহরণস্বরূপ:
		</para>
		 <blockquote>
			<para>
				ssh সহযোগে কোনো দূরবর্তী মেশিনের সাথে সংযোগ স্থাপনের জন্য, শেল প্রম্পটে <command>ssh <replaceable>username</replaceable>@<replaceable>domain.name</replaceable></command> লিখুন। দূরবর্তী মেশিনের নাম <filename>example.com</filename> ও সেই মেশিনে আপনার অ্যাকাউন্টের নাম john হলে, <command>ssh john@example.com</command> লিখুন।
			</para>
			 <para>
				<command>mount -o remount <replaceable>file-system</replaceable></command> কমান্ডের সাহায্যে সংশ্লিষ্ট ফাইল-সিস্টেম পুনরায় মাউন্ট করা হয়। উদাহরণস্বরূপ, <filename>/home</filename> ফাইল-সিস্টেম পুনরায় মাউন্ট করার জন্য, <command>mount -o remount /home</command> কমান্ড ব্যবহার করুন।
			</para>
			 <para>
				ইনস্টল করা কোনো প্যাকেজের সংস্করণ সংখ্যা জানার জন্য <command>rpm -q <replaceable>package</replaceable></command> কমান্ড প্রয়োগ করুন। এর ফলে নিম্নলিখিত বিন্যাসে ফলাফল প্রদর্শিত হবে: <command><replaceable>package-version-release</replaceable></command>।
			</para>

		</blockquote>
		 <para>
			উপরের অংশে গাঢ় ও তেরছা ভাবে লেখা শব্দগুলির প্রতি লক্ষ্য দিন — username, domain.name, file-system, package, version ও release। কমান্ড লেখার সময় অথবা সিস্টেম দ্বারা কোনো তথ্য প্রদর্শনের সময় এই শব্দগুলি পরিবর্তন করা হবে।
		</para>
		 <para>
			কোনো কাজের শিরোনামে আইটালিকের ব্যবহার ব্যতীত, কোনো নতুন ও গুরুত্বপূর্ণ অভিব্যক্তির প্রথম উল্লেখের সময় এই বিন্যাস প্রয়োগ করা হয়। উদাহরণস্বরূপ:
		</para>
		 <blockquote>
			<para>
				Publican একটি <firstterm>DocBook</firstterm> প্রকাশনা ব্যবস্থা।
			</para>

		</blockquote>

	</section>
	
	 <section>
		<title>বিশেষ দ্রষ্টব্য সংক্রান্ত নিয়মাবলী</title>
		 <para>
			টার্মিন্যালের আউটপুট ও সোর্স কোড পার্শবর্তী লেখার থেকে ভিন্ন রূপে প্রদর্শন করা হয়।
		</para>
		 <para>
			টার্মিন্যালে প্রদর্শিত আউটপুট <computeroutput>মোনো-স্পেস্ড রোমান</computeroutput> মুদ্রাক্ষরে নিম্নলিখিত রূপে প্রদর্শিত হবে:
		</para>
		 
<screen>books        Desktop   documentation  drafts  mss    photos   stuff  svn
books_tests  Desktop1  downloads      images  notes  scripts  svgs</screen>
		 <para>
			সোর্স কোডের অংশগুলিও <computeroutput>মোনো-স্পেস্ড রোমান</computeroutput> মুদ্রাক্ষরে লেখা হয় কিন্তু নিম্নলিখিত প্রণালীতে উজ্জ্বল করে চিহ্নিত করা হয়:
		</para>
		 <xi:include href="Program_Listing.xml" xmlns:xi="http://www.w3.org/2001/XInclude" />

	</section>
	
	 <section>
		<title>উল্লেখ্যবস্তু ও সতর্কবাণী</title>
		 <para>
			অবশেষে, সহজে উপেক্ষিত কিছু তথ্যের প্রতি পাঠকের দৃষ্টি আকর্ষণের উদ্দেশ্যে তিনটি ভিন্ন ধরনের বিন্যাস প্রয়োগ করা হয়।
		</para>
		 <note>
			<para>
				উল্লেখ্য শীর্ষক লেখাগুলি মূলত সূত্র, কোনো কাজের সহজ উপায় অথবা বিকল্প পদ্ধতি প্রভৃতি সম্পর্কে পাঠককে ওয়াকিবহাল করতে প্রয়োগ করা হয়। এই ধরনের তথ্য উপেক্ষা করার ফলে কোনো ক্ষয়ক্ষতি না হলেও, পাঠকের কাজে সহায়ক তথ্যাদি তাদের অজানা থেকে যাবে।
			</para>

		</note>
		 <important>
			<para>
				ভুলবসত সহজেই উপেক্ষিত তথ্যগুলি গুরুত্বপূর্ণ শীর্ষক বাক্সগুলির মধ্যে লেখা হয়: বর্তমান সেশানের জন্য প্রযোজ্য পরিবর্তিত কনফিগারেশন অথবা আপডেট প্রয়োগ করার পূর্বে পুনরায় আরম্ভের প্রয়োজন প্রভৃতি বার্তা। গুরুত্বপূর্ণ শীর্ষক বাক্সের মধ্যে লেখা তথ্যগুলি উপেক্ষিত হলে তথ্য হারানোর সম্ভাবনা না থাকলেও অযথা বাধা বিঘ্ন সৃষ্টি হতে পারে।
			</para>

		</important>
		 <warning>
			<para>
				সতর্কবাণী উপেক্ষা করা উচিত নয় এবং এটি উপেক্ষা করা হলে তথ্য হারানোর সম্ভাবনা রয়েছে।
			</para>

		</warning>

	</section>

</section>


