<?xml version='1.0' encoding='utf-8' ?>
<!DOCTYPE section PUBLIC "-//OASIS//DTD DocBook XML V4.5//EN" "http://www.oasis-open.org/docbook/xml/4.5/docbookx.dtd" [
]>
<section>
	<title>আপনার মতামত আমাদের নিশ্চয় জানাবেন!</title>
	 <indexterm>
		<primary>মতামত</primary>
		 <secondary>এই সহায়ক-পুস্তিকা সম্বন্ধে যোগাযোগের তথ্য</secondary>
	</indexterm>
	 <para>
		এই ফাইলটি অগ্রাহ্য করার জন্য নিজস্ব Feedback.xml ফাইল নির্মাণ করুন।
	</para>
</section>


