<?xml version='1.0' encoding='utf-8' ?>
<!DOCTYPE section PUBLIC "-//OASIS//DTD DocBook XML V4.5//EN" "http://www.oasis-open.org/docbook/xml/4.5/docbookx.dtd" [
]>
<section>
	<title>दस्तावेज परिपाटी</title>
	 <para>
		यह मैनुअल कई परिपाटियों का प्रयोग करता है कुछ खास शब्दों व वाक्यांशों को आलोकित करने के लिए और किसी खास सूचना के लिए ध्यान खींचता है.
	</para>
	 <para>
		PDF और कागजी संस्करण में, यह मैनुअल टाइपफेस का प्रयोग करता है जो कि <ulink url="https://fedorahosted.org/liberation-fonts/">Liberation Fonts</ulink> सेट से लिया गया है. लिबरेशन फ़ॉन्ट को HTML संस्करण में भी प्रयोग किया जाता है यदि सेट आपके सिस्टम पर संस्थापित है. यदि नहीं, वैकल्पिक लेकिन समान टाइपफेस प्रदर्शित किया जाता है. नोट: Red Hat Enterprise Linux 5 और बाद के संस्करण तयशुदा रूप से लिबरेशन फ़ॉन्ट शामिल करते हैं.
	</para>
	 <section>
		<title>टाइपोग्राफी परिपाटी</title>
		 <para>
			चार टाइपोग्राफी परिपाटियों को विशेष शब्द या वाक्यांश का ध्यान खींचने के लिए प्रयोग किया जाता है. ये परिपाटी, और परिस्थितियाँ जिसमें लागू किया जाता है, इस प्रकार हैं.
		</para>
		 <para>
			<literal>मोनो स्पेस्ड बोल्ड</literal>
		</para>
		 <para>
			शेल कमांड, फ़ाइल नाम और पथ के साथ तंत्र इनपुट आलोकित करने के लिए प्रयुक्त. साथ ही कुंजी आलोकित करने और कुँजी युग्मन के लिए प्रयुक्त. उदाहरण के लिए:
		</para>
		 <blockquote>
			<para>
				फाइल <filename>my_next_bestselling_novel</filename> की सामग्री को अपने मौजूदा कार्यशील निर्देशिका में देखने के लिए, <command>cat my_next_bestselling_novel</command> कमांड को शेल प्रांप्ट पर देखें और <keycap>Enter</keycap> को कमांड को चलाने के लिए दबाएँ.
			</para>

		</blockquote>
		 <para>
			उपर्युक्त में फ़ाइल नाम, शेल कमांड, और कुंजी शामिल है, जिसमें से सभी को मोनो-स्पेस्ड बोल्ड और सभी विशिष्टि में प्रस्तुत किया गया है जिसके लिए संदर्भ के शुक्रगुजार हैं.
		</para>
		 <para>
			कुँजी युग्मन को जोड़ के चिह्न के साथ किसी विशेष कुंजी से अलग किया जा सकता है जो कुंजी युग्मन के हर हिस्से को कनेक्ट करता है. उदाहरण के लिए:
		</para>
		 <blockquote>
			<para>
				<keycap>Enter</keycap> को कमांड को चलाने के लिए दबाएँ.
			</para>
			 <para>
				<keycombo><keycap>Ctrl</keycap><keycap>Alt</keycap><keycap>F2</keycap></keycombo> को किसी वर्चुअल टर्मिनल में जाने के लिए दबाएँ.
			</para>

		</blockquote>
		 <para>
			पहला उदाहरण दबाने के लिए किसी खास कुँजी को आलोकित करता है. दूसरा उदाहरण किसी कुँजी युग्मन को आलोकित करता है: तीन कुँजी का दबाया हुआ एक सेट.
		</para>
		 <para>
			यदि स्रोत कोड पर चर्चा की जाती है, तो किसी अनुच्छेद के अंदर वर्ग नाम, विधि, फंक्शन, चर नाम, और वापस आया मान को उपर्युक्त के अनुसार प्रस्तुत किया जाएगा, <literal>Mono-spaced Bold</literal> में. उदाहरण के लिए:
		</para>
		 <blockquote>
			<para>
				फाइल संबंधित वर्ग में <classname>filesystem</classname> फाइल सिस्टम के लिए, <classname>file</classname> फाइलों के लिए, और <classname>dir</classname> निर्देशिकाओं के लिए शामिल है. हर वर्ग के पास इसकी अपनी अनुमतियों का संबद्ध सेट है.
			</para>

		</blockquote>
		 <para>
			<application>आनुपातिक बोल्ड</application>
		</para>
		 <para>
			यह शब्दों व वाक्यांशों को दिखाता है जो किसी तंत्र पर आया है, अनुप्रयोग नाम; संवाद बाक्स पाठ; स्तरित बटन; जाँच-पेटी और रेडियो बटन लेबल; मेन्यू शीर्षक और उप-मेन्यू शीर्षक के साथ. उदाहरण के लिए:
		</para>
		 <blockquote>
			<para>
				चुनें <menuchoice><guimenu>सिस्टम </guimenu> <guisubmenu>वरीयताएँ </guisubmenu> <guimenuitem>माउस</guimenuitem></menuchoice> मुख्य मेन्यू पट्टी से <application>माउस वरीयताएँ</application> को लॉन्च करने के लिए. <guilabel>बटन</guilabel> टैब में, <guilabel>बाएँ हाथ का माउस</guilabel> जाँच-पेटी को क्लिक करें और <guibutton>बंद करें</guibutton> को प्राथमिक माउस बटन को बाएं से दाएं बदलने के लिए क्लिक करें (माउस को बायें हाथ में प्रयोग के लिए उपयुक्त बनाते हुए).
			</para>
			 <para>
				किसी विशेष वर्ण को <application>जीएडिट</application> फ़ाइल में डालने के लिए, <menuchoice><guimenu>अनुप्रयोग</guimenu><guisubmenu>उपसाधन</guisubmenu><guimenuitem>वर्ण नक्शा</guimenuitem></menuchoice> को मुख्य मेन्यू पट्टी से चुनें. आगे, चुनें <menuchoice><guimenu>खोजें</guimenu><guimenuitem>ढूँढ़ें…</guimenuitem></menuchoice> <application>वर्ण नक्शा</application> मेन्यू पट्टी से, <guilabel>खोजें</guilabel> क्षेत्र में वर्ण का नाम टाइप करें और <guibutton>आगे</guibutton> क्लिक करें. वर्ण जिसे आपने चाहा है वह <guilabel>वर्ण सारणी</guilabel> में आलोकित की जाएगी. आलोकित किए गए वर्ण को दो बार क्लिक करें ताकि इसे <guilabel>नक़ल के लिए पाठ</guilabel> क्षेत्र में रखी जा सके और फिर <guibutton>नक़ल करें</guibutton> बटन में क्लिक करें. अब अपने दस्तावेज़ में वापस जाएँ और <menuchoice><guimenu>संपादन</guimenu><guimenuitem>चिपकाएँ</guimenuitem></menuchoice> को <application>जीएडिट</application> मेन्यू पट्टी से चुनें.
			</para>

		</blockquote>
		 <para>
			उपर्युक्त पाठ में अनुप्रयोग नाम; सिस्टम व्यापक मेन्यू नाम व मद; अनुप्रयोग विशिष्ट मेन्यू नाम; और किसी GUI अंतरफलक के अंदर मिले बटन और पाठ शामिल है, सभी आनुपातिक बोल्ड में हैं और संदर्भ के आधार पर सभी में अंतर किया जा सकता है.
		</para>
		 <para>
			<command><replaceable>Mono-spaced Bold Italic</replaceable></command> या <application><replaceable>Proportional Bold Italic</replaceable></application>
		</para>
		 <para>
			जहाँ मोनो-स्पेस्ड बोल्ड या आनुपातिक बोल्ड, इटालिक का होना विस्थापनीय या चर पाठ का संकेत देता है. इटालिक उन पाठ के बारे में बताता है जो आप शब्दशः इनपुट नहीं करते हैं या प्रदर्शित पाठ जो परिस्थिति के आधार पर बदलता है. उदाहरण के लिए:
		</para>
		 <blockquote>
			<para>
				किसी दूरस्थ मशीन से ssh के प्रयोग से जुड़ने के लिए, <command>ssh <replaceable>username</replaceable>@<replaceable>domain.name</replaceable></command> को शेल प्रांप्ट पर टाइप करें. यदि दूरस्थ मशीन <filename>example.com</filename> है और उस मशीन पर आपका उपयोक्ता नाम john है, <command>ssh john@example.com</command> करें.
			</para>
			 <para>
				<command>mount -o remount <replaceable>file-system</replaceable></command> कमांड नामित फाइल सिस्टम को फिर माउंट करता है. उदाहरण के लिए, <filename>/home</filename> फाइल सिस्टम, कमांड <command>mount -o remount /home</command> है.
			</para>
			 <para>
				अभी संस्थापित संकुल के संस्करण को देखने के लिए, <command>rpm -q <replaceable>package</replaceable></command> कमांड का प्रयोग करें. यह परिणाम ऐसे देगा: <command><replaceable>package-version-release</replaceable></command>.
			</para>

		</blockquote>
		 <para>
			ऊपर गहरे तिरछे में शब्द को नोट करें — उपयोक्तानाम, domain.name, फ़ाइल-तंत्र, संकुल, संस्करण और रिलीज. हर शब्द एक प्लेसहोल्डर है, या तो पाठ जिसे आप दाखिल करते हैं जब कमांड निर्गत किया जाता है या तंत्र के द्वारा पाठ दिखाया जाता है.
		</para>
		 <para>
			किसी काम के लिए शीर्षक के प्रस्तुत करने के लिए मानक प्रयोग के अलावे, इटालिक नये व महत्वपूर्ण पद के प्रयोग के बारे में बताता है. उदाहरण के लिए:
		</para>
		 <blockquote>
			<para>
				Publican <firstterm>DocBook</firstterm> प्रकाशन प्रणाली है.
			</para>

		</blockquote>

	</section>
	
	 <section>
		<title>कर्षित उद्धरण परिपाटी</title>
		 <para>
			टर्मिनल आउटपुट और स्रोत कोड सूचीकरण को चारो तरफ पाठ से सेट ऑप किया जा सकता है.
		</para>
		 <para>
			टर्मिनल में भेजे आउटपुट को <computeroutput>mono-spaced Roman</computeroutput> में सेट किया जाता है और इस प्रकार प्रस्तुत किया जाता है:
		</para>
		 
<screen>books        Desktop   documentation  drafts  mss    photos   stuff  svn
books_tests  Desktop1  downloads      images  notes  scripts  svgs</screen>
		 <para>
			स्रोत कोड सूचीकरण को <computeroutput>mono-spaced Roman</computeroutput> में भी सेट किया जाता है लेकिन निम्नानुसार प्रस्तुत व हाइलाइट किया जाता है:
		</para>
		 <xi:include href="Program_Listing.xml" xmlns:xi="http://www.w3.org/2001/XInclude" />

	</section>
	
	 <section>
		<title>नोट्स व चेतावनी</title>
		 <para>
			अंततः, हम तीन विजुअल शैली का प्रयोग करते हैं उन सूचनाओं पर ध्यान खींचने के लिए जो अन्यथा रूप से अनदेखा कर दिया जा सकता है.
		</para>
		 <note>
			<para>
				नोट्स किसी कार्य के लिए एक संकेत, शॉर्टकट, या वैकल्पिक तरीके हैं. किसी नोट को अनदेखा करना कोई नकारात्मक परिणाम नहीं देना चाहिए लेकिन आप किसी युक्ति को मिस कर सकते हैं जो आपके जीवन को आसान बनाता है.
			</para>

		</note>
		 <important>
			<para>
				महत्वपूर्ण बाक्स उन चीजों को विस्तार से बताता है जो आसानी से भूले जा सकते हैं: विन्यास बदलाव जो कि सिर्फ मौजूदा सत्र में लागू होते हैं, या सेवाएँ जिसे किसी अद्यतन के फिर लागू होने के पहले आरंभ करने की जरूरत है. किसी महत्वपूर्ण बाक्स को अनदेखा करना आंकड़ा क्षति का कारण नहीं बनेगा लेकिन परेशानी व खिन्नता का कारण बन सकता है.
			</para>

		</important>
		 <warning>
			<para>
				चेतावनियों को अनदेखा नहीं किया जाना चाहिए. चेतावनियों को अनदेखा किया जाना आँकड़ा क्षति का कारण बन सकता है.
			</para>

		</warning>

	</section>

</section>


