<?xml version='1.0' encoding='utf-8' ?>
<!DOCTYPE section PUBLIC "-//OASIS//DTD DocBook XML V4.5//EN" "http://www.oasis-open.org/docbook/xml/4.5/docbookx.dtd" [
]>
<section>
	<title>हमें फीडबैक की जरूरत है!</title>
	 <indexterm>
		<primary>फीडबैक</primary>
		 <secondary>इस मैनुअल के लिए संपर्क सूचना</secondary>
	</indexterm>
	 <para>
		आपको अपना स्वयं का स्थानीय Feedback.xml फाइल बनाकर इसे अध्यारोहित करना चाहिए.
	</para>
</section>


