<?xml version='1.0' encoding='utf-8' ?>
<!DOCTYPE section PUBLIC "-//OASIS//DTD DocBook XML 5.1b4//EN" "http://docbook.org/xml/5.1b4/rng/docbook.rng" [
]>
<section version="5.0" xml:lang="ar-SA" xmlns="http://docbook.org/ns/docbook">
	<info><title>أعراف الوثيقة</title>
	</info> <para>
		هذا الكتيب يستخدم عدد من الأعراف لإبراز كلمات أو جملة معينة ولجلب الانتباه لمعلومة معينة.
	</para>
	 <para>
		In PDF and paper editions, this manual uses typefaces drawn from the <link xlink:href="https://fedorahosted.org/liberation-fonts/" xmlns:xlink="http://www.w3.org/1999/xlink">Liberation Fonts</link> set. The Liberation Fonts set is also used in HTML editions if the set is installed on your system. If not, alternative but equivalent typefaces are displayed. Note: Red Hat Enterprise Linux 5 and later includes the Liberation Fonts set by default.
	</para>
	 <section>
		<info><title>الأعراف الطباعية</title>
		</info> <para>
			هناك أربع أعراف طباعية تستخدم في جلب الانتباه لكلمات أو عبارات معينة. إليك تاليا الأعراف والظروف التي تنطبق عليها.
		</para>
		 <para>
			ثخين ثابت العرض Mono-spaced Bold
		</para>
		 <para>
			يستخدم في توضيح مدخلات إلى النظام. بما في ذلك الأوامرـ أسماء الملفات والمسارات. كما وتستخدم في إظهار المفاتيح. مثلا:
		</para>
		 <blockquote>
			<para>
				لمشاهدة محتويات الملف <filename>my_next_bestselling_novel</filename> الموجود في الدليل (المجلد) الحالي اكتب الأمر‪ <command>cat my_next_bestselling_novel</command> ‬في المحث واضغط <keycap>Enter</keycap>لتنفيذ الأمر.
			</para>

		</blockquote>
		 <para>
			ما ذكر أعلاه يشتمل على اسم الملف file name مسبوقا بأمر shell command متبوعا بضغط مفتاح key capتظهر كلها بخط ثخين ثابت العرض mono-spaced ونستطيع التمييز بينها بفضل السياق.
		</para>
		 <para>
			يمكن تمييز تركيب المفاتيح Key-combinations من المفتاح المفردة عبر الشرطة التي تربط كل مفتاح من المجموعة المركبة. مثلا:
		</para>
		 <blockquote>
			<para>
				اضغط <keycap>ENTER</keycap> لتنفيذ الأمر.
			</para>
			 <para>
				Press <keycombo><keycap>Ctrl</keycap><keycap>Alt</keycap><keycap>F2</keycap></keycombo> to switch to a virtual terminal.
			</para>

		</blockquote>
		 <para>
			الجملة الأولى تحدد المفتاح الذي تضغطه. الثانية توضح مجموعتين من تركيب المفاتيح كل تركيب تضغط مفاتيحه معا.
		</para>
		 <para>
			إن كنا نتحدث عن كود مصدري فإن أسماء الصنوف والطرق والدوال والمتغيرات والقيم المعادة داخل الفقرة ستظهر كما ظهرت أعلاه <literal> بحظ ثابت العرض ثخين Mono-spaced Bold</literal>. مثلا:
		</para>
		 <blockquote>
			<para>
				الصنوف المتعلقة بالملفات تتضمن <classname>filesystem</classname> لنظام الملفات، <classname>file</classname> للملفات، و <classname>dir</classname> للأدلة (المجلدات)، وكل صنف له ما يرتبط به من الصلاحيات.
			</para>

		</blockquote>
		 <para>
			<application>Proportional Bold</application>
		</para>
		 <para>
			هذا يرمز لكلمات أو عبارات تواجهك في النظام بما في ذلك أسماء التطبيقات النص الموجود في صناديق الحوار أو عناوين الازرار أو القوائم مثلا
		</para>
		 <blockquote>
			<para>
				اختر <guimenu>نظام &gt; تفصيلات &gt; الفأرة</guimenu> من القائمة الرئيسيةلتشغيل <application>تفضيلات الفأرة</application>.وفي تبويب <guilabel>أزرار الفأرة</guilabel>،ضع علامة على <guilabel>فأرة أعسر</guilabel> ثم انقر <guibutton>إغلاق</guibutton> لتبديل زر الفأرة الأساسي من الأيسر إلى الأيمن (مما يجعل الفأرة مناسبة للإنسان الأعسر).
			</para>
			 <para>
				To insert a special character into a <application>gedit</application> file, choose <menuchoice><guimenu>Applications</guimenu><guisubmenu>Accessories</guisubmenu><guimenuitem>Character Map</guimenuitem></menuchoice> from the main menu bar. Next, choose <menuchoice><guimenu>Search</guimenu><guimenuitem>Find…</guimenuitem></menuchoice> from the <application>Character Map</application> menu bar, type the name of the character in the <guilabel>Search</guilabel> field and click <guibutton>Next</guibutton>. The character you sought will be highlighted in the <guilabel>Character Table</guilabel>. Double-click this highlighted character to place it in the <guilabel>Text to copy</guilabel> field and then click the <guibutton>Copy</guibutton> button. Now switch back to your document and choose <menuchoice><guimenu>Edit</guimenu><guimenuitem>Paste</guimenuitem></menuchoice> from the <application>gedit</application> menu bar.
			</para>

		</blockquote>
		 <para>
			النص أعلاه يتضمن أسماء تطبيقات قوائم النظام ومدخلاتها وقوائم خاصة بكل تطبيق وأزرار ونصوص أخرى في الواجهة الرسومية كلها ظهرت بخط ثغين متناسب ونميز بينها من السياق.
		</para>
		 <para>
			<command><replaceable>ثخين ثابت العرض مائل Mono-spaced Bold Italic</replaceable></command> أو <application><replaceable>ثخين متناسب مائل Proportional Bold Italic</replaceable></application>
		</para>
		 <para>
			سواء كان ثخين ثايت العرض أو ثخين متناسب، إن كان مائلا فإنه يعبر عن جزء يجب تبديله أو نص متغيّر. فالمائل لا تكتبه كما هو أو لا يعرض كما هو بل يعتمد على الظروف مثلا:
		</para>
		 <blockquote>
			<para>
				للاتصال بجهاز بعيد عبر ssh، اكتب <command>ssh <replaceable>username</replaceable>@<replaceable>domain.name</replaceable></command> في محث سطر الأوامر. فإن كان الجهاز البعيد هو <filename>example.com</filename> واسمك عليه هو john، اكتب <command>ssh john@example.com</command>.
			</para>
			 <para>
				الأمر <command>mount -o remount <replaceable>file-system</replaceable></command> يعمل على إعادة ضم نظام الملفات المسمى. مثلا، لإعادة ضم نظام الملفات ‪ <filename>/home</filename> ‬ الأمر هو <command>mount -o remount /home</command>.
			</para>
			 <para>
				لمعرفة إصدار حزمة مثبتة استخدم الأمر <command>rpm -q <replaceable>package</replaceable></command>وهو يعطيك: <command><replaceable>package-version-release</replaceable></command>.
			</para>

		</blockquote>
		 <para>
			Note the words in bold italics above — username, domain.name, file-system, package, version and release. Each word is a placeholder, either for text you enter when issuing a command or for text displayed by the system.
		</para>
		 <para>
			وبعيدا عن الاستخدام القياسي لتمثيل العناوين، المائل يستخدم لتعين أول ظهور لحد (أي مصطلح) جديد. مثلا:
		</para>
		 <blockquote>
			<para>
				Publican is a <firstterm>DocBook</firstterm> publishing system.
			</para>

		</blockquote>

	</section>
	
	 <section>
		<info><title>أعراف الاقتباسات المقتطعة Pull-quote</title>
		</info> <para>
			إثنان من الأنواع الشائعة متعددة الأسطر تظهر بصريا مختلفة عن النص المحيط
		</para>
		 <para>
			مخرجات مرسلة للطرفية تُصف <computeroutput>بالخط الرومي ثابت العرض c </computeroutput>Mono-spaced Roman لذا تظهر هكذا:
		</para>
		 
<screen>books        Desktop   documentation  drafts  mss    photos   stuff  svn
books_tests  Desktop1  downloads      images  notes  scripts  svgs</screen>
		 <para>
			الكود المصدري يظهر يُصف أيضا <computeroutput>بالخط الرومي ثابت العرض Mono-spaced Roman</computeroutput> لكنه قد يعرب ويميز هكذا:
		</para>
		 <xi:include href="Program_Listing.xml" xmlns:xi="http://www.w3.org/2001/XInclude" />

	</section>
	
	 <section>
		<info><title>الملاحظات والتحذيرات</title>
		</info> <para>
			أخيرا، نستخدم ثلاث تنسيقات مرئية لجلب الانتباه إلى المعلومات التي قد تخطؤها العين.
		</para>
		 <note>
			<info><title>ملاحظة</title>
			</info> <para>
				الملاحظة هي تلميح أو اختصار أو طريقة بديلة للقيام بالمهمة التي بين أيدينااهمال هكذا ملاحظة ليس له نتائج سلبية لكن قد تفوتك حيلة تجعل حياتك أكثر سهولة.
			</para>

		</note>
		 <important>
			<info><title>مهم</title>
			</info> <para>
				الصناديق المهمة تفصل أشياء يخطؤ من يغفلها كان يكون التغيير لا ينطبق إلا على الجلسة الحالية أو أن تحتاج الخدمة إلى إعادة تشغيل حتى تطبق التغييرات. إغفال الصناديق المهمة لن يؤدي إلى فقدان بيانات لكنه قد يؤدي إلى مضايقة وسخط.
			</para>

		</important>
		 <warning>
			<info><title>تحذير</title>
			</info> <para>
				يجب أن لا نهمل التحذيرات. إهمالها غالبا ما يؤدي إلى خسارة بيانات.
			</para>

		</warning>

	</section>

</section>


