<?xml version='1.0' encoding='utf-8' ?>
<!DOCTYPE section PUBLIC "-//OASIS//DTD DocBook XML 5.1b4//EN" "http://docbook.org/xml/5.1b4/rng/docbook.rng" [
]>
<section version="5.0" xml:lang="ar-SA" xmlns="http://docbook.org/ns/docbook">
	<info><title>We Need Feedback!</title>
	</info> <indexterm>
		<primary>feedback</primary>
		 <secondary>contact information for this manual</secondary>

	</indexterm>
	 <para>
		You should over ride this by creating your own local Feedback.xml file.
	</para>
</section>


