<?xml version='1.0' encoding='utf-8' ?>
<!DOCTYPE section PUBLIC "-//OASIS//DTD DocBook XML V4.5//EN" "http://www.oasis-open.org/docbook/xml/4.5/docbookx.dtd" [
]>
<section>
	<title>દસ્તાવેજ પરિચલો</title>
	 <para>
		આ પુસ્તિકા કેટલાક શબ્દો અને શબ્દ સમૂહ ને પ્રકાશિત કરવા માટે ઘણાબધા પરિચલો વપરાય છે અને જાણકારીનાં ચોક્કસ ટૂકડાઓ કરવા માટે ધ્યાન ખેંચાય છે.
	</para>
	 <para>
		PDF અને પેપર સંપાદકોમાં, આ પુસ્તિકા <ulink url="https://fedorahosted.org/liberation-fonts/">Liberation Fonts</ulink> સમૂહ માંથી દોરેલા ટાઇપફેસોને વાપરે છે. મુક્ત કરેલ ફોન્ટોનો સમૂહ HTML સંપાદકોમાં પણ વાપરેલ છે જો સમૂહ તમારી સિસ્ટમમાં સ્થાપિત થયેલ હોય તો, જો ન હોય તો, વૈકલ્પિક પરંતુ એના જેવુ ટાઇપફેસો દર્શાવેલા છે. નોંધો: Red Hat Enterprise Linux 5 અને પછીથી મુક્ત કરેલ ફોન્ટો મૂળભૂત દ્દારા સુયોજિત છે.
	</para>
	 <section>
		<title>ટાઇપોગ્રાફિક પરિચલો</title>
		 <para>
			ચાર ટાઇપોગ્રાફિક પરિચલો ચોક્કસ શબ્દો અને શબ્દ સમૂહો ને ધ્યાન આપવા કોલને વાપરેલ છે. આ પરિચલો, અને પરિસ્થિતિઓ માટે તેઓ આ તરીકે લાગુ કરવાનું અનુસરે છે.
		</para>
		 <para>
			<literal>એક જ-જગ્યા થયેલ બોલ્ડ</literal>
		</para>
		 <para>
			પ્રકાશિત સિસ્ટમ ઇનપુટ વપરાય છે, શેલ આદેશો, ફાઇલ નામો અને પાથને સમાવી રહ્યા છે, પ્રકાશિત વપરાય છે. પ્રકાશિત કી અને કી સંયોજનનો પણ ઉપયોગ થાય છે. ઉદાહરણ તરીકે:
		</para>
		 <blockquote>
			<para>
				તમારી તાજેતરની કામ કરતી ડિરેક્ટરીમાં ફાઇલ <filename>my_next_bestselling_novel</filename> નાં સમાવિષ્ટોને જોવા માટે, શેલ પ્રોમ્પ્ટ પર <command>cat my_next_bestselling_novel</command> આ આદેશને દાખલ કરો અને આદેશને ચલાવવા માટે <keycap>Enter</keycap> દબાવો.
			</para>

		</blockquote>
		 <para>
			ઉપર સમાવેલ ફાઇલ નામ, શેલ આદેશ અને કી, બધા એક જ-જગ્યા થયેલ બોલ્ડ અને બધા વિશિષ્ટ સંદર્ભને આભાર આપે છે.
		</para>
		 <para>
			વત્તા ચિહ્ન દ્દારા વ્યક્તિગત કીમાંથી કી સંયોજનોને અલગ પાડી શકાય છે કે જે કી સંયોજનનાં દરેક ભાગને જોડે છે.ઉદાહરણ તરીકે:
		</para>
		 <blockquote>
			<para>
				આદેશને ચલાવવા માટે <keycap>Enter</keycap> ને દબાવો.
			</para>
			 <para>
				વર્ચ્યુઅલ ટર્મિનલ પર સ્વિચ કરવા માટે <keycombo><keycap>Ctrl</keycap><keycap>Alt</keycap><keycap>F2</keycap></keycombo> દબાવો.
			</para>

		</blockquote>
		 <para>
			પહેલુ ઉદાહરણ વ્યક્તિગત કીને દબાવવા માટે પ્રકાશિત કરે છે. બીજુ ઉદાહરણ કી સંયોજનને પ્રકાશિત કરે છે: ત્રણ કીનો સમૂહ એકસાથે દબાવેલ છે.
		</para>
		 <para>
			જો સ્ત્રોત કોડ ચર્ચા કરેલ હોય તો, વર્ગ નામો, પદ્દત્તિઓ, વિધેયો, ચલ નામો અને પાછી મળેલ કિંમતો પ્રકરણ માં વર્ણન કરેલ છે <literal>એક જ-જગ્યા થયેલ બોલ્ડ</literal> માં ઉપર પ્રમાણે રજૂ થયેલ હશે. ઉદાહરણ તરીકે:
		</para>
		 <blockquote>
			<para>
				ફાઇલ સંબધિત વર્ગો ફાઇલ સિસ્ટમો માટે <classname>filesystem</classname>, ફાઇલો માટે <classname>file</classname>, અને ડિરેક્ટરીઓ માટે <classname>dir</classname> સમાવે છે. દરેક વર્ગ પાસે તેનાં પોતાનાં સબંધિત પરવાનગીઓનાં સમૂહ છે.
			</para>

		</blockquote>
		 <para>
			<application>Proportional Bold</application>
		</para>
		 <para>
			આ સિસ્ટમ પર શોધાયેલ શબ્દો અથવા વાક્યોને સૂચવે છે, કાર્યક્રમમૂહ છે, કાર્યક્રમ નામો; સંવાદ બોક્સ લખાણ; લેબલ થયેલ બટનો; ચેક-બોક્સ અને રેડિઓ બટન લેબલો; મેનુ શિર્ષકો અને ઉપ-મેનુ શિર્ષકોને સમાવી રહ્યા છે. ઉદાહરણ માટે:
		</para>
		 <blockquote>
			<para>
				<application>માઉસ પસંદગીઓ</application> ને પ્રકાશિત કરવા માટે મુખ્ય મેનુ પટ્ટી માંથી <menuchoice><guimenu>સિસ્ટમ</guimenu><guisubmenu>પસંદગીઓ</guisubmenu><guimenuitem>માઉસ</guimenuitem></menuchoice> ને પસંદ કરો. <guilabel>બટનો</guilabel> ટેબમાં, <guilabel>ડાબા-હાથવાળુ માઉસ</guilabel> ચેક બોક્સ પર ક્લિક કરો અને ડાબેથી જમણે પ્રાથમિક માઉસ બટનને ફેરબદલ કરવા માટે <guibutton>બંધ કરો</guibutton> પર ક્લિક કરો (ડાબા હાથમાં વાપરવા માટે માઉસને બંધબેસતુ બનાવી રહ્યા છે).
			</para>
			 <para>
				<application>gedit</application> ફાઇલમાં ખાસ અક્ષરને દાખલ કરવા માટે, મુખ્ય મેનુ પટ્ટીમાંથી <menuchoice><guimenu>કાર્યક્રમ</guimenu><guisubmenu>ઉપસાધનો</guisubmenu><guimenuitem>અક્ષર નક્ષો</guimenuitem></menuchoice> પસંદ કરો. પછી, <application>અક્ષર નક્ષો</application> મેનુ પટ્ટીમાંથી <menuchoice><guimenu>શોધો</guimenu><guimenuitem>શોધો…</guimenuitem></menuchoice> ને પસંદ કરો, <guilabel>શોધ</guilabel> ક્ષેત્રમાં અક્ષરનુ નામ લખો અને <guibutton>આગળ</guibutton> બટન પર ક્લિક કરો. અક્ષર જે તમે શોધ્યો છે તે <guilabel>અક્ષર કોષ્ટક</guilabel> માં પ્રકાશિત થશે. <guilabel>નકલ કરવા લખાણ</guilabel> ક્ષેત્રમાં સ્થિત કરવા માટે પ્રકાશિત થયેલ અક્ષર પર બે વાર ક્લિક કરો પછી <guibutton>નકલ કરો</guibutton> બટન પર ક્લિક કરો. હવે તમારાં દસ્તાવેજમાં પાછા જાવ અને <application>gedit</application> મેનુ પટ્ટીમાંથી <menuchoice><guimenu>ફેરફાર કરો</guimenu><guimenuitem>ચોંટાડો</guimenuitem></menuchoice> પસંદ કરો.
			</para>

		</blockquote>
		 <para>
			ઉપરનું લખાણ એ કાર્યક્રમ નામો; સિસ્ટમ વિશાળ મેનુ નામો અને વસ્તુઓ; કાર્યક્રમ-ચોક્કસ મોનુ નામો; અને બટનો અને GUI ઇન્ટરફેસમાં શોધાયેલ લખાણ સમાવે છે, બધુ પ્રમાણસરનું બોલ્ડ અને બધુ સંદર્ભ દ્દારા અલગ થયેલમાં રજૂ થયેલ છે.
		</para>
		 <para>
			<command><replaceable>Mono-spaced Bold Italic</replaceable></command> અથવા <application><replaceable>Proportional Bold Italic</replaceable></application>
		</para>
		 <para>
			ક્યાંતો Mono-spaced Bold અથવા Proportional Bold, ઇટાલિકનાં વધારાનાં બદલી શકાય તેવા અથવા ચલ લખાણનું સૂચન કરે છે. ઇટાલિકો તમે અક્ષરનું ઇનપુટ નથી તે લખાણનું સૂચક કરે છે અથવા લખાણને દર્શાવેલ છે કે જે બદલાવો પરિસ્થિતિઓ પર આધાર રાખે છે. ઉદાહરણ તરીકે:
		</para>
		 <blockquote>
			<para>
				ssh મદદથી દૂરસ્થ મશીનને જોડાવા માટે, શેલ પ્રોમ્પ્ટ પર <command>ssh <replaceable>username</replaceable>@<replaceable>domain.name</replaceable></command> ને ટાઇપ કરો. જો દૂરસ્થ મશીન એ <filename>example.com</filename> છે અને તમારા વપરાશકર્તા પેલા મશીન પર john છે, <command>ssh john@example.com</command> ને ટાઇપ કરો.
			</para>
			 <para>
				<command>mount -o remount <replaceable>file-system</replaceable></command> આદેશ નામ થયેલ ફાઇલ સિસ્ટમને પુન:માઉન્ટ કરે છે, આદેશ <command>mount -o remount /home</command> છે.
			</para>
			 <para>
				તાજેતરની સ્થાપિત થયેલ પેકેજની આવૃત્તિ જોવા માટે, <command>rpm -q <replaceable>package</replaceable></command> આદેશ ને વાપરો. તે નીચે પ્રમાણે પરિણામ આપશે: <command><replaceable>package-version-release</replaceable></command>.
			</para>

		</blockquote>
		 <para>
			નોંધો કે ઉપર શબ્દો ઘટ્ટ ઇટાલિકમાં છે — વપરાશકર્તાનામ, ડોમેઇન નામ, ફાઇલ-સિસ્ટમ, પેકેજ, આવૃત્તિ અને પ્રકાશન. દરેક શબ્દ પ્લેસહોલ્ડર છે, ક્યાંતો લખાણ માટે જ્યારે આદેશને અદા કરી રહ્યા હોય અથવા સિસ્ટમ દ્દારા લખાણ દર્શાવેલ હોય.
		</para>
		 <para>
			કામનાં શિર્ષકની રજૂઆત માટે પ્રમાણભૂત વપરાશમાંથા એક બાજુએ છે, ઇટાલિકો નવી અને મહત્વની ટર્મ ને પહેલા વાપરવાનું સૂચન કરે છે. ઉદાહરણ તરીકે:
		</para>
		 <blockquote>
			<para>
				Publican એ <firstterm>DocBook</firstterm> ને પ્રકાશિત કરવા માટેની સિસ્ટમ છે.
			</para>

		</blockquote>

	</section>
	
	 <section>
		<title>પુલ-કોટ પરિચલો</title>
		 <para>
			ટર્મિનલ આઉટપુટ અને સ્ત્રોત કોડની યાદીઓ એ આસપાસનાં લખાણો માંથી દેખાતુ બંધ હોય એવી રીતે સુયોજિત કરેલ છે.
		</para>
		 <para>
			આઉટપુટ ટર્મિનલમાં મોકલેલ <computeroutput>mono-spaced roman</computeroutput> માં સુયોજિત છે અને આ પ્રકારથી પ્રસ્તુત કરેલ છે:
		</para>
		 
<screen>books        Desktop   documentation  drafts  mss    photos   stuff  svn
books_tests  Desktop1  downloads      images  notes  scripts  svgs</screen>
		 <para>
			સ્ત્રોત-કોડ યાદીઓ <computeroutput>mono-spaced roman</computeroutput> માં પણ સુયોજિત છે પરંતુ નીચે પ્રમાણે પ્રકાશિત કરવા માટે સિન્ટૅક્સ ને ઉમેરાય છે:
		</para>
		 <xi:include href="Program_Listing.xml" xmlns:xi="http://www.w3.org/2001/XInclude" />

	</section>
	
	 <section>
		<title>નોંધો અને ચેતવણી</title>
		 <para>
			અંત મા, આપણે જાણકારી માટે ધ્યાન ખેંચવા માટે ત્રણ દ્રષ્ટિની શૈલીઓ વાપરીએ છે કે જે કદાચ ચકાસેલ છે.
		</para>
		 <note>
			<para>
				નોંધ ટીપ છે અથવા ટૂંકો રસ્તો અથવા હાથ પર કામની પાસેનો વિકલ્પ છે. અવગણેલી નોંધ નું પરિણામ નકારાત્મક ન હોવુ જોઇએ, પરંતુ તમારે યુક્તિ પર ચૂક થઇ શકે છે કે જે તમને સરળ જિંદગી બનાવે છે.
			</para>

		</note>
		 <important>
			<para>
				મહત્વનાં બોક્સો માહિતી વસ્તુઓ જે કે સહેલાઇથી ગુમ થયેલ છે: રૂપરેખાંકન બદલાવો કે જે ફક્ત તાજેતરનાં સત્ર પર લાગુ કરાય છે, અથવા સેવાઓ કે જે સુધારા લાગુ કરશે તે પહેલા પુન:શરૂ કરવાની જરૂર પડશે. અવગણેલા મહત્વનાં લેબલ થયેલ બોક્સો તી નુકશાનનું કારણ થશે નહિં પરંતુ પજવવું અને હતાશા નું કારણ થઇ શકે છે.
			</para>

		</important>
		 <warning>
			<para>
				ચેતવણી ને અવગણેલ ન હોવી જોઇએ. અવગણેલી ચેતવણીઓ માહિતી નુકશાન નું કારણ થશે.
			</para>

		</warning>

	</section>

</section>


