<?xml version='1.0' encoding='utf-8' ?>
<!DOCTYPE section PUBLIC "-//OASIS//DTD DocBook XML V4.5//EN" "http://www.oasis-open.org/docbook/xml/4.5/docbookx.dtd" [
]>
<section>
	<title>અમને અભિપ્રાયની જરૂર છે!</title>
	 <indexterm>
		<primary>અભિપ્રાય</primary>
		 <secondary>આ માર્ગદર્શિકા માટેની સંપર્ક જાણકારી</secondary>
	</indexterm>
	 <para>
		તમારે તમારી પોતાની સ્થાનિક Feedback.xml ફાઇલને બનાવવા દરમિયાન આની પર ફરીથી લખવુ જોઇએ.
	</para>
</section>


