<?xml version='1.0' encoding='utf-8' ?>
<!DOCTYPE section PUBLIC "-//OASIS//DTD DocBook XML V4.5//EN" "http://www.oasis-open.org/docbook/xml/4.5/docbookx.dtd" [
]>
<section>
	<title>Konvensi Dokumen</title>
	 <para>
		Manual ini menggunakan beberapa konvensi untuk menyorot kata-kata dan frasa tertentu dan menarik perhatian pada informasi spesifik.
	</para>
	 <para>
		Dalam edisi PDF dan kertas, manual ini menggunakan tipografi yang diambil dari set <ulink url="https://fedorahosted.org/liberation-fonts/">Fonta Liberation</ulink>. Set Fonta Liberation juga digunakan dalam edisi HTML jika set tersebut terinstal pada sistem anda. Jika tidak, tipografi alternatif yang setara akan ditampilkan. Catatan: Red Hat Enterprise Linux 5 dan selanjutnya menyertakan Fonta Liberation secara default.
	</para>
	 <section>
		<title>Konvensi Tipografi</title>
		 <para>
			Empat konvensi tipografi digunakan untuk menarik perhatian pada kata-kata dan frasa tertentu. Konvensi ini, dan dalam keadaan apa mereka diberlakukan, adalah sebagai berikut.
		</para>
		 <para>
			<literal>Cetak Tebal Berspasi Tunggal</literal>
		</para>
		 <para>
			Used to highlight system input, including shell commands, file names and paths. Also used to highlight keys and key combinations. For example:
		</para>
		 <blockquote>
			<para>
				Untuk melihat isi dari berkas <filename>my_next_bestselling_novel</filename> dalam direktori kerja anda saat ini, masukkan perintah <command>cat my_next_bestselling_novel</command> pada prompt shell dan tekan <keycap>Enter</keycap> untuk menjalankan perintah.
			</para>

		</blockquote>
		 <para>
			The above includes a file name, a shell command and a key, all presented in mono-spaced bold and all distinguishable thanks to context.
		</para>
		 <para>
			Key combinations can be distinguished from an individual key by the plus sign that connects each part of a key combination. For example:
		</para>
		 <blockquote>
			<para>
				Tekan <keycap>Enter</keycap> untuk menjalankan perintah.
			</para>
			 <para>
				Press <keycombo><keycap>Ctrl</keycap><keycap>Alt</keycap><keycap>F2</keycap></keycombo> to switch to a virtual terminal.
			</para>

		</blockquote>
		 <para>
			The first example highlights a particular key to press. The second example highlights a key combination: a set of three keys pressed simultaneously.
		</para>
		 <para>
			Jika yang dibahas adalah kode sumber, nama kelas, metode, fungsi, nama variabel dan nilai-nilai kembalian yang disebutkan dalam paragraf akan ditampilkan seperti di atas, dalam <literal>huruf cetak tebal berspasi tunggal</literal>. Contoh:
		</para>
		 <blockquote>
			<para>
				Kelas-kelas terkait berkas termasuk <classname>sistem-berkas</classname> untuk sistem berkas, <classname>berkas</classname> untuk berkas, dan <classname>dir</classname> untuk direktori. Setiap kelas memiliki set perizinan terkaitnya sendiri.
			</para>

		</blockquote>
		 <para>
			<application>Cetak Tebal Proporsional</application>
		</para>
		 <para>
			Ini menunjukkan kata-kata atau frasa yang dijumpai pada sebuah sistem, termasuk nama aplikasi; kotak dialog teks; tombol berlabel; kotak contreng dan tombol radio berlabel; judul menu dan judul sub-menu. Contoh:
		</para>
		 <blockquote>
			<para>
				Pilih <menuchoice><guimenu>Sistem</guimenu><guisubmenu>Preferensi</guisubmenu><guimenuitem>Tetikus</guimenuitem></menuchoice> dari papan menu utama untuk memulai <application>Preferensi Tetikus</application>. Dalam tab <guilabel>Tombol</guilabel>, klik kotak contreng <guilabel>Tetikus kidal</guilabel> dan klik <guibutton>Tutup</guibutton> untuk menukar tombol utama tetikus dari kiri ke kanan (membuat tetikus cocok digunakan memakai tangan kiri).
			</para>
			 <para>
				To insert a special character into a <application>gedit</application> file, choose <menuchoice><guimenu>Applications</guimenu><guisubmenu>Accessories</guisubmenu><guimenuitem>Character Map</guimenuitem></menuchoice> from the main menu bar. Next, choose <menuchoice><guimenu>Search</guimenu><guimenuitem>Find…</guimenuitem></menuchoice> from the <application>Character Map</application> menu bar, type the name of the character in the <guilabel>Search</guilabel> field and click <guibutton>Next</guibutton>. The character you sought will be highlighted in the <guilabel>Character Table</guilabel>. Double-click this highlighted character to place it in the <guilabel>Text to copy</guilabel> field and then click the <guibutton>Copy</guibutton> button. Now switch back to your document and choose <menuchoice><guimenu>Edit</guimenu><guimenuitem>Paste</guimenuitem></menuchoice> from the <application>gedit</application> menu bar.
			</para>

		</blockquote>
		 <para>
			Teks di atas termasuk nama aplikasi; nama menu dan item pada keseluruhan sistem; nama menu pada aplikasi tertentu; dan tombol dan teks yang ditemukan dalam antarmuka GUI, semua disajikan dalam cetak tebal yang proporsional dan semua dibedakan berdasarkan konteksnya.
		</para>
		 <para>
			<command><replaceable>Cetak Tebal Miring Spasi Tunggal</replaceable></command> atau <application><replaceable>Cetak Tebal Miring Proporsional</replaceable></application>
		</para>
		 <para>
			Apakah huruf cetak tebal spasi tunggal atau huruf cetak tebal proporsional, penambahan huruf cetak miring menunjukkan teks yang dapat diganti atau variabel. Huruf cetak miring menunjukkan teks yang tidak anda masukan secara harfiah atau teks yang ditampilkan berubah tergantung pada keadaan. Contoh:
		</para>
		 <blockquote>
			<para>
				Untuk menyambung ke mesin remote dengan menggunakan ssh, ketik <command>ssh <replaceable>nama-pengguna</replaceable>@<replaceable>nama.domain</replaceable></command> pada prompt shell. Jika mesin remote adalah <filename>example.com</filename> dan nama pengguna anda pada mesin tersebut john, ketik <command>ssh john@example.com</command>.
			</para>
			 <para>
				Perintah <command>mount -o remount <replaceable>sistem-berkas</replaceable></command> memuat ulang sistem berkas sesuai namanya. Misalnya, untuk memuat ulang sistem berkas <filename>/home</filename>, maka perintahnya adalah <command>mount -o remount /home</command>.
			</para>
			 <para>
				Untuk melihat versi paket yang terinstall saat ini, gunakan perintah <command>rpm -q <replaceable>paket</replaceable></command>. Ini akan menampilkan hasil sebagai berikut: <command><replaceable>paket-versi-rilis</replaceable></command>.
			</para>

		</blockquote>
		 <para>
			Note the words in bold italics above — username, domain.name, file-system, package, version and release. Each word is a placeholder, either for text you enter when issuing a command or for text displayed by the system.
		</para>
		 <para>
			Selain penggunaan standar untuk menampilkan judul sebuah pekerjaan, huruf cetak miring menunjukkan penggunaan pertama kali untuk istilah baru dan penting. Contoh:
		</para>
		 <blockquote>
			<para>
				Publican adalah sistem penerbitan <firstterm>DocBook</firstterm>.
			</para>

		</blockquote>

	</section>
	
	 <section>
		<title>Konvensi Kutipan</title>
		 <para>
			Keluaran dari terminal dan tampilan kode sumber akan dibedakan secara visual dari teks disekitarnya.
		</para>
		 <para>
			Keluaran yang dikirim ke terminal diset dalam <computeroutput>roman berspasi tunggal</computeroutput> dan disajikan sebagai berikut:
		</para>
		 
<screen>books        Desktop   documentation  drafts  mss    photos   stuff  svn
books_tests  Desktop1  downloads      images  notes  scripts  svgs</screen>
		 <para>
			Tampilan kode sumber juga diset dalam <computeroutput>roman berspasi tunggal</computeroutput> tetapi ditambahkan penyorotan sintaks sebagai berikut:
		</para>
		 <xi:include href="Program_Listing.xml" xmlns:xi="http://www.w3.org/2001/XInclude" />

	</section>
	
	 <section>
		<title>Catatan dan Peringatan</title>
		 <para>
			Akhirnya, kami menggunakan tiga gaya visual untuk menarik perhatian pada informasi yang mungkin akan terabaikan.
		</para>
		 <note>
			<para>
				Catatan adalah tips, cara pintas atau pendekatan alternatif untuk sebuah pekerjaan. Mengabaikan catatan tidak memiliki konsekuensi negatif, tetapi anda mungkin kehilangan trik yang membuat hidup anda lebih mudah.
			</para>

		</note>
		 <important>
			<para>
				Kotak penting menjelaskan hal-hal yang mudah terlewatkan: perubahan konfigurasi yang hanya berlaku untuk sesi yang sedang berlangsung, atau layanan yang perlu dijalankan ulang sebelum pemutakhiran akan diberlakukan. Mengabaikan kotak berlabel 'Penting' tidak akan menyebabkan kehilangan data, tetapi dapat menyebabkan iritasi dan frustrasi.
			</para>

		</important>
		 <warning>
			<para>
				Peringatan tidak boleh diabaikan. Mengabaikan peringatan kemungkinan besar akan menyebabkan kehilangan data.
			</para>

		</warning>

	</section>

</section>


