<?xml version='1.0' encoding='utf-8' ?>
<!DOCTYPE section PUBLIC "-//OASIS//DTD DocBook XML V4.5//EN" "http://www.oasis-open.org/docbook/xml/4.5/docbookx.dtd" [
]>
<section>
	<title>Convenciones del documentu</title>
	 <para>
		Esti manual usa delles convenciones pa solliñar ciertes pallabres y frases y llamar l'atención sobre elementos concretos d'información.
	</para>
	 <para>
		N'ediciones PDF y formatu papel, esti manual usa tipos de lletra estrayíes del set de <ulink url="https://fedorahosted.org/liberation-fonts/"> Fontes Lliberaes </ulink>. El conxunto de Fontes lliberaes úsase tamién nes ediciones HTML si'l conxuntu ta instaláu nel so sistema. Si non, amuésase otra alternativa equivalente de tipos de lletra. Nota: Red Hat Enterprise Linux 5 (y versiones postreres) inclúi les Fontes Lliberaes de mou predetermináu.
	</para>
	 <section>
		<title>Convenciones tipográfiques</title>
		 <para>
			Esisten cuatro convenciones tipográfiques que s'usen pa llamar l'atención a les pallabres y frases específiques. Estes convenciones y les circunstancies que s'apliquen son les que vienen darréu.
		</para>
		 <para>
			<literal>Mono-spaced Bold</literal>
		</para>
		 <para>
			Used to highlight system input, including shell commands, file names and paths. Also used to highlight keys and key combinations. For example:
		</para>
		 <blockquote>
			<para>
				Pa ver el conteníu del ficheru <filename>my_next_bestselling_novel</filename> nel so direutoriu de trabayu actual, introduza'l comandu <command>cat my_next_bestselling_novel</command> nel intérprete de comandos y calque <keycap>Enter</keycap> pa executar el comandu.
			</para>

		</blockquote>
		 <para>
			The above includes a file name, a shell command and a key, all presented in mono-spaced bold and all distinguishable thanks to context.
		</para>
		 <para>
			Key combinations can be distinguished from an individual key by the plus sign that connects each part of a key combination. For example:
		</para>
		 <blockquote>
			<para>
				Calque <keycap>Enter</keycap> pa executar el comandu.
			</para>
			 <para>
				Press <keycombo><keycap>Ctrl</keycap><keycap>Alt</keycap><keycap>F2</keycap></keycombo> to switch to a virtual terminal.
			</para>

		</blockquote>
		 <para>
			The first example highlights a particular key to press. The second example highlights a key combination: a set of three keys pressed simultaneously.
		</para>
		 <para>
			If source code is discussed, class names, methods, functions, variable names and returned values mentioned within a paragraph will be presented as above, in <literal>mono-spaced bold</literal>. For example:
		</para>
		 <blockquote>
			<para>
				Les clases de ficheru rellacionaes inclúin <classname>filename</classname> pa sistemes de ficheros, <classname>file</classname> pa ficheros y <classname>dir</classname> pa direutorios. Cada clas tiene el so propiu conxuntu asociáu de permisos.
			</para>

		</blockquote>
		 <para>
			<application>Proportional Bold</application>
		</para>
		 <para>
			This denotes words or phrases encountered on a system, including application names; dialog box text; labeled buttons; check-box and radio button labels; menu titles and sub-menu titles. For example:
		</para>
		 <blockquote>
			<para>
				Choose <menuchoice><guimenu>System</guimenu><guisubmenu>Preferences</guisubmenu><guimenuitem>Mouse</guimenuitem></menuchoice> from the main menu bar to launch <application>Mouse Preferences</application>. In the <guilabel>Buttons</guilabel> tab, click the <guilabel>Left-handed mouse</guilabel> check box and click <guibutton>Close</guibutton> to switch the primary mouse button from the left to the right (making the mouse suitable for use in the left hand).
			</para>
			 <para>
				To insert a special character into a <application>gedit</application> file, choose <menuchoice><guimenu>Applications</guimenu><guisubmenu>Accessories</guisubmenu><guimenuitem>Character Map</guimenuitem></menuchoice> from the main menu bar. Next, choose <menuchoice><guimenu>Search</guimenu><guimenuitem>Find…</guimenuitem></menuchoice> from the <application>Character Map</application> menu bar, type the name of the character in the <guilabel>Search</guilabel> field and click <guibutton>Next</guibutton>. The character you sought will be highlighted in the <guilabel>Character Table</guilabel>. Double-click this highlighted character to place it in the <guilabel>Text to copy</guilabel> field and then click the <guibutton>Copy</guibutton> button. Now switch back to your document and choose <menuchoice><guimenu>Edit</guimenu><guimenuitem>Paste</guimenuitem></menuchoice> from the <application>gedit</application> menu bar.
			</para>

		</blockquote>
		 <para>
			The above text includes application names; system-wide menu names and items; application-specific menu names; and buttons and text found within a GUI interface, all presented in proportional bold and all distinguishable by context.
		</para>
		 <para>
			<command><replaceable>Negrina cursiva mono-espaciada</replaceable></command> or <application><replaceable>Negrina cursiva proportional</replaceable></application>
		</para>
		 <para>
			Whether mono-spaced bold or proportional bold, the addition of italics indicates replaceable or variable text. Italics denotes text you do not input literally or displayed text that changes depending on circumstance. For example:
		</para>
		 <blockquote>
			<para>
				Pa coneutar a una máquina remota usando ssh, escribi <command>ssh <replaceable>nome_usuariu</replaceable>@<replaceable>nome.dominiu</replaceable></command> na terminal. Si la máquina remota ye <filename>exemplu.com</filename> y el to nome d'usuariu nesa máquina ye xurde, escribi <command>ssh xurde@exemplu.com</command>.
			</para>
			 <para>
				El comandu <command>mount-o remount<replaceable>del sistema de ficheros</replaceable> </command> vuelve a montar el sistema de ficheros nomáu. Por exemplu, pa volver a montar el <filename>/home</filename> del sistema de ficheros, el comandu ye <command>mount-o remount /home</command>.
			</para>
			 <para>
				Pa saber la versitón d'un paquete instaláu, use'l comandu <command>rpm -q <replaceable>paquete</replaceable></command>. Esto dará'l resultáu que sigui: <command><replaceable>package-version-release</replaceable></command>.
			</para>

		</blockquote>
		 <para>
			Note the words in bold italics above — username, domain.name, file-system, package, version and release. Each word is a placeholder, either for text you enter when issuing a command or for text displayed by the system.
		</para>
		 <para>
			Arriendes del usu estándar pa la presentación del títulu d'un trabayu, la cursiva representa'l primer usu d'un términu nuevu ya importante. Por exemplu:
		</para>
		 <blockquote>
			<para>
				Publican is a <firstterm>DocBook</firstterm> publishing system.
			</para>

		</blockquote>

	</section>
	
	 <section>
		<title>Convenciones del documentu</title>
		 <para>
			Terminal output and source code listings are set off visually from the surrounding text.
		</para>
		 <para>
			Output sent to a terminal is set in <computeroutput>mono-spaced roman</computeroutput> and presented thus:
		</para>
		 
<screen>llibros        Escritoriu   documentación  proyeutos  mss    semeyes   stuff  svn
books_tests  Escritoriu1  descargues      imáxenes  notes  scripts  svgs</screen>
		 <para>
			Source-code listings are also set in <computeroutput>mono-spaced roman</computeroutput> but add syntax highlighting as follows:
		</para>
		 <xi:include href="Program_Listing.xml" xmlns:xi="http://www.w3.org/2001/XInclude" />

	</section>
	
	 <section>
		<title>Notes y Avisos</title>
		 <para>
			Pa finar, úsense trés estilos visuales p'apellar l'atención a la información que d'otru mou podríen pasar inalvertíos.
		</para>
		 <note>
			<para>
				Notes are tips, shortcuts or alternative approaches to the task at hand. Ignoring a note should have no negative consequences, but you might miss out on a trick that makes your life easier.
			</para>

		</note>
		 <important>
			<para>
				Important boxes detail things that are easily missed: configuration changes that only apply to the current session, or services that need restarting before an update will apply. Ignoring a box labeled 'Important' will not cause data loss but may cause irritation and frustration.
			</para>

		</important>
		 <warning>
			<para>
				Warnings should not be ignored. Ignoring warnings will most likely cause data loss.
			</para>

		</warning>

	</section>

</section>


