<?xml version='1.0' encoding='utf-8' ?>
<!DOCTYPE section PUBLIC "-//OASIS//DTD DocBook XML V4.5//EN" "http://www.oasis-open.org/docbook/xml/4.5/docbookx.dtd" [
]>
<section>
	<title>Conventiones del documento</title>
	 <para>
		Iste manual utilisa varie conventiones pro accentuar alicun parolas e phrases e attraher le attention a certe partes specific de information.
	</para>
	 <para>
		Iste manual in su editiones PDF e de papiro usa typos de litteras del familia <ulink url="https://fedorahosted.org/liberation-fonts/">Liberation</ulink>. Idem es anque utilisate per le editiones HTML si le familia Liberation es installate in le systema. In caso contrari, similar typos de litteras se monstra. Nota que Red Hat Enterprise Linux 5 e versiones plus recente contine le familia Liberation per predefinition.
	</para>
	 <section>
		<title>Conventiones typographic</title>
		 <para>
			Quatro conventiones typographic es utilisate a accentuar certe parolas e phrases. Iste conventiones, e le circumstantias a quales illos se applica a, es le sequentes.
		</para>
		 <para>
			<literal>Grasse monospatial</literal>
		</para>
		 <para>
			Usate pro accentuar le entrata del systema, includente commandos de shell, nomines de files e percursos. Utilisate anque pro accentuar claves e combinationes de claves. Per exemplo:
		</para>
		 <blockquote>
			<para>
				Pro vider le contento del file <filename>mi_sequente_romance</filename> in le directorio currente, insere le commando <command>cat mi_sequente_romance</command> al prompt de shell e pressa <keycap>Enter</keycap> pro exequer le commando.
			</para>

		</blockquote>
		 <para>
			Le exemplo anterior contine un nomine de file, un commando de shell e un clave, totes es representate in grasse monospatial e distinguibile gratias al contexto.
		</para>
		 <para>
			Le combinationes de claves pote esser distinguite de claves individual per le signo plus que connecte tote partes del combination de claves. Per exemplo:
		</para>
		 <blockquote>
			<para>
				Pressa <keycap>Enter</keycap> pro exequer le commando.
			</para>
			 <para>
				Pressa <keycombo><keycap>Ctrl</keycap><keycap>Alt</keycap><keycap>F2</keycap></keycombo> pro passar al terminal virtual.
			</para>

		</blockquote>
		 <para>
			Le prime exemplo mitte in evidentia un clave particular a pressar. Le secunde exemplo accentua un combination de claves: un gruppo del tres claves pressate insimul.
		</para>
		 <para>
			Si le codice fonte es discutite, nomines de classes, methodos, functiones, nomines de variabiles e valores de retorno mentionate intra un paragrapho essera presentate como hic supra, in <literal>grasse monospatial</literal>. Per exemplo:
		</para>
		 <blockquote>
			<para>
				Le classes pertinente a files include <classname>filesystem</classname> pro systemas de files, <classname>file</classname> pro files e <classname>dir</classname> pro directorios. Cata classe ha su proprie insimul de permissiones.
			</para>

		</blockquote>
		 <para>
			<application>Grasse Proportional</application>
		</para>
		 <para>
			Iste denota parolas o phrases que on incontra in un systema, includente nomines del applicationes, texto de quadro de dialogo, buttones etiquettate, etiquettas de quadratos de selection e buttones de optiones, titulos de menu e submenu. Per exemplo:
		</para>
		 <blockquote>
			<para>
				Selige <menuchoice><guimenu>Systema</guimenu><guisubmenu>Preferentia</guisubmenu><guimenuitem>Mouse</guimenuitem></menuchoice> de le barra del menu principal pro lancear <application>Preferentias de Mouse</application>. In le scheda <guilabel>Buttones</guilabel>, face clic in le quadrato de selection <guilabel>Mouse sinistromane</guilabel> e face clic in <guibutton>Clouder</guibutton> pro cambiar le button primari del mouse de sinistra a dextera (rendente le mouse convenibile a usar per le mano sinistre).
			</para>
			 <para>
				Pro insertar un character special in un file de <application>gedit</application>, selige <menuchoice><guimenu>Applicationes</guimenu><guisubmenu>Accessorios</guisubmenu><guimenuitem>Tabula de characteres</guimenuitem></menuchoice> de le barra del menu principal. Pois, selige <menuchoice><guimenu>Cercar</guimenu><guimenuitem>Trovar…</guimenuitem></menuchoice> de le barra del menu de <application>Tabula de characteres</application>, inscribe le nomine del character in le campo <guilabel>Cercar</guilabel> e face clic in <guibutton>Sequente</guibutton>. Le character querite essera evidente in <guilabel>Tabula de characteres</guilabel>. Face duple clic in iste character accentuate pro poner lo in le campo <guilabel>Texto a copiar</guilabel> e successivemente face clic in le button <guibutton>Copiar</guibutton>. Ora retorna al documento e selige <menuchoice><guimenu>Modificar</guimenu><guimenuitem>Collar</guimenuitem></menuchoice> de le barra del menu de <application>gedit</application>.
			</para>

		</blockquote>
		 <para>
			Le texto anterior contine nomines de applicationes, nomines e elementos del menu de tote le systema, nomines del menus specific al applicationes, buttones e textos que on trova intra un interfacie graphic de usator, totes es representate in grasse proportional e totes es distinguibile per contexto.
		</para>
		 <para>
			<command><replaceable>Italico grasse monospatial</replaceable></command> o <application><replaceable>italico grasse proportional</replaceable></application>
		</para>
		 <para>
			Sia grasse monospatial sia grasse proportional, le addition de italicos indica un texto reimplaciabile o variabile. Le italicos denota un texto que on non inscribe litteralmente o un texto monstrate que cambia secundo le circumstantias. Per exemplo:
		</para>
		 <blockquote>
			<para>
				Pro connecter a un machina remote per ssh, entra <command>ssh <replaceable>conto</replaceable>@<replaceable>nomine.dominial</replaceable></command> al prompt de shell. Si le machina remote es <filename>exemplo.com</filename> e le nomine de usator de ille machina es john, entra <command>ssh john@exemplo.com</command>.
			</para>
			 <para>
				Le commando <command>mount -o remount <replaceable>systema-de-files</replaceable></command> remonta le systema de files indicate. Per exemplo, pro remontar le systema de files <filename>/home</filename>, le commando es <command>mount -o remount /home</command>.
			</para>
			 <para>
				Pro vider le version del pacchetto actualmente installate, utilisa le commando <command>rpm -q <replaceable>pacchetto</replaceable></command>. Il livra un resultato sequente: <command><replaceable>pacchetto-version-revision</replaceable></command>.
			</para>

		</blockquote>
		 <para>
			Remarca le parolas in grasse italic — nomine del usator, nomine del dominio, systema de files, pacchetto, version e revision. Cata parola es un marcator de position, sia de texto que on inserta a lancear un commando sia de texto monstrate per le systema.
		</para>
		 <para>
			Al latere de utilisation normal pro presentar le titulo de obra, le italicos denota le prime uso de un termino nove e importante. Per exemplo:
		</para>
		 <blockquote>
			<para>
				Publican es un systema de publication per <firstterm>DocBook</firstterm>.
			</para>

		</blockquote>

	</section>
	
	 <section>
		<title>Conventiones del documento</title>
		 <para>
			Le messages del terminal e le citationes de code fonte se distincte visualmente del texto circumferente.
		</para>
		 <para>
			Le messages ad un terminal es monstrate in <computeroutput>romano monospatial</computeroutput> e se presenta assi:
		</para>
		 
<screen>libros  Scriptorio   documentation   minutas   mss    photos    cosas  svn
probas  Scriptorio1  discargamentos  imagines  notes  scriptos  svg</screen>
		 <para>
			Le citationes del code fonte es equalmente presentate in <computeroutput>romano monospatial</computeroutput> ma illos ha le coloration syntactic:
		</para>
		 <xi:include href="Program_Listing.xml" xmlns:xi="http://www.w3.org/2001/XInclude" />

	</section>
	
	 <section>
		<title>Notas e advertimentos</title>
		 <para>
			Al fin, tres stilos visual es utilisate pro attaraher le attention a information que in caso contrari pote esser ignorate.
		</para>
		 <note>
			<para>
				Notas es avisos, vias curte o approches alternative al carga determinate. Ignorar un nota non deberea tener consequentias negative, ma poterea perder se de alicun truco que pote facilitar cosas.
			</para>

		</note>
		 <important>
			<para>
				Le quadros "Importante" detalia cosas que on pote passar super facilemente: cambiamentos de configuration solmente applicabile al session currente, o servicios que necessita recomenciar se ante de application de un actualisation. Ignorar iste quadros non occasionara un perdita de datos ma deberea causar irritation e frustration.
			</para>

		</important>
		 <warning>
			<para>
				Advertimentos non debe ignorar se. Ignorar los multo probabilemente occasionara un perdita de datos.
			</para>

		</warning>

	</section>

</section>


