<?xml version='1.0' encoding='utf-8' ?>
<!DOCTYPE section PUBLIC "-//OASIS//DTD DocBook XML V4.5//EN" "http://www.oasis-open.org/docbook/xml/4.5/docbookx.dtd" [
]>
<section>
	<title>Dokumentkonventionen</title>
	 <para>
		Dieses Handbuch verwendet mehrere Konventionen, um bestimmte Wörter und Phrasen hervorzuheben und Aufmerksamkeit auf spezifische Teile von Informationen zu lenken.
	</para>
	 <para>
		In PDF- und Papierausgaben verwendet dieses Handbuch Schriftbilder des <ulink url="https://fedorahosted.org/liberation-fonts/">Liberation-Fonts</ulink>-Sets. Das Liberation-Fonts-Set wird auch für HTML-Ausgaben verwendet, falls es auf Ihrem System installiert ist. Falls nicht, werden alternative, aber äquivalente Schriftbilder angezeigt. Beachten Sie: Red Hat Enterprise Linux 5 und die nachfolgende Versionen beinhalten das Liberation-Fonts-Set standardmässig.
	</para>
	 <section>
		<title>Typografische Konventionen</title>
		 <para>
			Es werden vier typografische Konventionen verwendet, um die Aufmerksamkeit auf spezifische Wörter und Phrasen zu lenken. Diese Konventionen und ihre Umstände, unter denen sie auftreten, sind folgende:
		</para>
		 <para>
			<literal>Mono-spaced Bold</literal>
		</para>
		 <para>
			Used to highlight system input, including shell commands, file names and paths. Also used to highlight keys and key combinations. For example:
		</para>
		 <blockquote>
			<para>
				Um den Inhalt der Datei <filename>my_next_bestselling_novel</filename> in Ihrem aktuellen Arbeitsverzeichnis zu sehen, geben Sie den Befehl <command>cat my_next_bestselling_novel</command> in den Shell-Prompt ein und drücken Sie <keycap>Enter</keycap>, um den Befehl auszuführen.
			</para>

		</blockquote>
		 <para>
			The above includes a file name, a shell command and a key, all presented in mono-spaced bold and all distinguishable thanks to context.
		</para>
		 <para>
			Key combinations can be distinguished from an individual key by the plus sign that connects each part of a key combination. For example:
		</para>
		 <blockquote>
			<para>
				Drücken Sie <keycap>Enter</keycap>, um den Befehl auszuführen.
			</para>
			 <para>
				Press <keycombo><keycap>Ctrl</keycap><keycap>Alt</keycap><keycap>F2</keycap></keycombo> to switch to a virtual terminal.
			</para>

		</blockquote>
		 <para>
			The first example highlights a particular key to press. The second example highlights a key combination: a set of three keys pressed simultaneously.
		</para>
		 <para>
			If source code is discussed, class names, methods, functions, variable names and returned values mentioned within a paragraph will be presented as above, in <literal>mono-spaced bold</literal>. For example:
		</para>
		 <blockquote>
			<para>
				Dateiverwandte Klassen einschliesslich <classname>filesystem</classname> für Dateisysteme, <classname>file</classname> für Dateien und <classname>dir</classname> für Verzeichnisse. Jede Klasse hat ihr eigenes Set an Berechtigungen.
			</para>

		</blockquote>
		 <para>
			<application>Proportional Bold</application>
		</para>
		 <para>
			This denotes words or phrases encountered on a system, including application names; dialog box text; labeled buttons; check-box and radio button labels; menu titles and sub-menu titles. For example:
		</para>
		 <blockquote>
			<para>
				Choose <menuchoice><guimenu>System</guimenu><guisubmenu>Preferences</guisubmenu><guimenuitem>Mouse</guimenuitem></menuchoice> from the main menu bar to launch <application>Mouse Preferences</application>. In the <guilabel>Buttons</guilabel> tab, click the <guilabel>Left-handed mouse</guilabel> check box and click <guibutton>Close</guibutton> to switch the primary mouse button from the left to the right (making the mouse suitable for use in the left hand).
			</para>
			 <para>
				To insert a special character into a <application>gedit</application> file, choose <menuchoice><guimenu>Applications</guimenu><guisubmenu>Accessories</guisubmenu><guimenuitem>Character Map</guimenuitem></menuchoice> from the main menu bar. Next, choose <menuchoice><guimenu>Search</guimenu><guimenuitem>Find…</guimenuitem></menuchoice> from the <application>Character Map</application> menu bar, type the name of the character in the <guilabel>Search</guilabel> field and click <guibutton>Next</guibutton>. The character you sought will be highlighted in the <guilabel>Character Table</guilabel>. Double-click this highlighted character to place it in the <guilabel>Text to copy</guilabel> field and then click the <guibutton>Copy</guibutton> button. Now switch back to your document and choose <menuchoice><guimenu>Edit</guimenu><guimenuitem>Paste</guimenuitem></menuchoice> from the <application>gedit</application> menu bar.
			</para>

		</blockquote>
		 <para>
			The above text includes application names; system-wide menu names and items; application-specific menu names; and buttons and text found within a GUI interface, all presented in proportional bold and all distinguishable by context.
		</para>
		 <para>
			<command><replaceable>Mono-spaced Bold Italic</replaceable></command> oder <application><replaceable>Proportional Bold Italic</replaceable></application>
		</para>
		 <para>
			Whether mono-spaced bold or proportional bold, the addition of italics indicates replaceable or variable text. Italics denotes text you do not input literally or displayed text that changes depending on circumstance. For example:
		</para>
		 <blockquote>
			<para>
				Um sich mit einem entfernten System via SSH zu verbinden, tippen Sie <command>ssh <replaceable>username</replaceable>@<replaceable>domain.name</replaceable></command> in den Shell-Prompt. Falls das entfernte System <filename>example.com</filename> ist und Ihr Benutzername auf dieser Maschine John ist, tippen Sie <command>ssh john@example.com</command>.
			</para>
			 <para>
				Der Befehl <command>mount -o remount <replaceable>file-system</replaceable></command> hängt das angegebene Dateisystem wieder ein . Um beispielsweise das <filename>/home</filename>-Dateisystem wieder einzuhängen, verwenden Sie den Befehl <command>mount -o remount /home</command>.
			</para>
			 <para>
				Um die Version des derzeit installierten Paketes zu sehen, verwenden Sie den Befehl <command>rpm -q <replaceable>package</replaceable></command>. Die Ausgabe sieht wie folgt aus: <command><replaceable>package-version-release</replaceable></command>.
			</para>

		</blockquote>
		 <para>
			Note the words in bold italics above — username, domain.name, file-system, package, version and release. Each word is a placeholder, either for text you enter when issuing a command or for text displayed by the system.
		</para>
		 <para>
			Neben der Standardbenutzung für die Darstellung des Arbeitstitels, zeigt der Kursivdruck die erste Nutzung eines neuen und wichtigen Ausdrucks an. Zum Beispiel:
		</para>
		 <blockquote>
			<para>
				Publican is a <firstterm>DocBook</firstterm> publishing system.
			</para>

		</blockquote>

	</section>
	
	 <section>
		<title>Pull-Quote-Konventionen</title>
		 <para>
			Terminal output and source code listings are set off visually from the surrounding text.
		</para>
		 <para>
			Output sent to a terminal is set in <computeroutput>mono-spaced roman</computeroutput> and presented thus:
		</para>
		 
<screen>books        Desktop   documentation  drafts  mss    photos   stuff  svn
books_tests  Desktop1  downloads      images  notes  scripts  svgs</screen>
		 <para>
			Source-code listings are also set in <computeroutput>mono-spaced roman</computeroutput> but add syntax highlighting as follows:
		</para>
		 <xi:include href="Program_Listing.xml" xmlns:xi="http://www.w3.org/2001/XInclude" />

	</section>
	
	 <section>
		<title>Anmerkungen und Warnungen</title>
		 <para>
			Abschliessend verwenden wir drei visuelle Stile, um die Aufmerksamkeit auf Informationen zu lenken, die anderenfalls vielleicht übersehen werden könnten.
		</para>
		 <note>
			<para>
				Notes are tips, shortcuts or alternative approaches to the task at hand. Ignoring a note should have no negative consequences, but you might miss out on a trick that makes your life easier.
			</para>

		</note>
		 <important>
			<para>
				Important boxes detail things that are easily missed: configuration changes that only apply to the current session, or services that need restarting before an update will apply. Ignoring a box labeled 'Important' will not cause data loss but may cause irritation and frustration.
			</para>

		</important>
		 <warning>
			<para>
				Warnings should not be ignored. Ignoring warnings will most likely cause data loss.
			</para>

		</warning>

	</section>

</section>


