<?xml version='1.0' encoding='utf-8' ?>
<!DOCTYPE section PUBLIC "-//OASIS//DTD DocBook XML V4.5//EN" "http://www.oasis-open.org/docbook/xml/4.5/docbookx.dtd" [
]>
<section>
	<title>ஆவண பெயரிடல்கள்</title>
	 <para>
		இந்த கையேடு பல்வேறு பெயரிடல்களை சில வார்த்தைகள் மற்றும் வாக்கியங்களை முன்னிலைப்படுத்தவும் குறிப்பிட்ட தகவலுக்கு கவனம் கொடுக்கவும் பயன்படுகிறது.
	</para>
	 <para>
		PDF மற்றும் தாள் பதிப்புகளில், இந்த கையேடு <ulink url="https://fedorahosted.org/liberation-fonts/">லிபரேஷன் எழுத்துருக்களை</ulink> செட்டிலிருந்து வரையப்பட்ட எழுத்துருக்களை பயன்படுத்துகிறது. இந்த செட் உங்கள் கணினியில் நிறுவப்பட்டிருந்தால், லிபரேஷன் எழுத்துருக்கள் செட் HTML பதிப்புகளிலும் பயன்படுத்தப்படும். அப்படி இல்லையெனில், மாற்றாக ஆனால் அதற்கு சமமான எழுத்துருக்கள் காட்டப்படும். குறிப்பு: Red Hat Enterprise Linux 5 மற்றும் அதற்கு அடுத்த பதிப்பில் முன்னிருப்பாக லிபரேஷன் எழுத்துருக்கள் சேர்க்கப்பட்டுள்ளன.
	</para>
	 <section>
		<title>டைப்போகிராஃபிக் பெயரிடல்கள்</title>
		 <para>
			நான்கு டைப்போகிராபி பெயரிடல்கள் குறிப்பிட்ட வார்த்தைகள் அல்லது வாக்கியங்களை குறிப்பிட அழைக்க பயன்படுகிறது. இந்த பெயரிடல்கள் மற்றும் சூழ்நிலைகள் பின்வரும் இருக்கும்.
		</para>
		 <para>
			<literal>மோனோ-இடைவெளி தடிமன்</literal>
		</para>
		 <para>
			ஷெல் கட்டளைகள், கோப்புப் பெயர்கள் மற்றும் பாதைகள் உள்ளிட்ட கணினி உள்ளீட்டைத் தனிப்படுத்தப் பயன்படுவது. பின்வரும் உதாரணத்தில் உள்ளது போன்ற விசைகள் மற்றும் விசைச் சேர்க்கைகளைத் தனிப்படுத்தவும் பயன்படுவது:
		</para>
		 <blockquote>
			<para>
				உங்கள் நடப்பு வேலை செய்யும் அடைவில் <filename>my_next_bestselling_novel</filename> கோப்பு உள்ளடக்கத்தைப் பார்க்க <command>cat my_next_bestselling_novel</command> கட்டளையை கட்டளைவரியில் உள்ளிட்டு <keycap>Enter</keycap> ஐ அழுத்தி இதனை இயக்கவும்.
			</para>

		</blockquote>
		 <para>
			மேலே குறிப்பிட்டதில், கோப்பின் பெயர், ஷெல் கட்டளை, விசை ஆகியவை அடங்கியுள்ளன. அனைத்தும் ஒற்றை இடைவெளியில் தடித்த எழுத்தில் தனிப்படுத்தி அறியக்கூடிய வகையில் அமைந்துள்ளது, உள்ளடக்கச் சூழலுக்கு நன்றி.
		</para>
		 <para>
			விசைச் சேர்க்கையின் ஒவ்வொரு பகுதியையும் இணைக்கும் கூட்டல் குறியைக் கொண்டு, விசைச் சேர்க்கையை தனித்த விசையிலிருந்து வேறுபடுத்தி அறியலாம். எடுத்துக்காட்டு:
		</para>
		 <blockquote>
			<para>
				<keycap>Enter</keycap>ஐ அழுத்தி கட்டளையை இயக்கவும்.
			</para>
			 <para>
				மெய்நிகர் சாதன முனைக்கு மாற <keycombo><keycap>Ctrl</keycap><keycap>Alt</keycap><keycap>F2</keycap></keycombo> ஐ அழுத்தவும்.
			</para>

		</blockquote>
		 <para>
			முதல் எடுத்துக்காட்டு குறிப்பாக அழுத்த வேண்டிய விசையைத் தனிப்படுத்திக் காண்பிக்கிறது. இரண்டாம் எடுத்துக்காட்டு ஒரு விசைச் சேர்க்கையைத் தனிப்படுத்திக் காண்பிக்கிறது: அதாவது ஒரே சமயத்தில் அழுத்த வேண்டிய மூன்று விசைகளின் தொகுப்பு.
		</para>
		 <para>
			மூலக்குறியீடு விவாதிக்கப்பட்டால், வகுப்பு பெயர்கள், முறைகள், செயல்பாடுகள், மாறி பெயர்கள் மற்றும் கொடுக்கப்பட்ட மதிப்புகள் ஒரு பத்திக்குள் மேல் <literal>ஒற்றை இடைவெளி தடிமனில்</literal> குறிப்பிட்டது போல கொடுக்கப்பட்டிருக்கும். எடுத்துக்காட்டாக:
		</para>
		 <blockquote>
			<para>
				கோப்பு தொடர்பான வகுப்புகள் <classname>filesystem</classname> ஐ கோப்பு முறைமைக்கும், <classname>file</classname> ஐ கோப்புகளுக்கும் மற்றும் <classname>dir</classname>ஐ அடைவுகளுக்கும் கொண்டிருக்கும். ஒவ்வொரு வகுப்பும் அதன் சொந்த செட் அனுமதிகளை கொண்டிருக்கும்.
			</para>

		</blockquote>
		 <para>
			<application>விகிதபடி தடிமன்</application>
		</para>
		 <para>
			இது ஒரு கணினியிலுள்ள வார்த்தைகள் அல்லது வாக்கியங்களை குறிக்கும், இது பயன்பாடு பெயர்கள்; உரையாடல் பெட்டி உரை; பெயரிடப்பட்ட பொத்தான்கள்; சோதனை பெட்டி மற்றும் ரேடியோ பொத்தான் பெயர்கள் மெனு தலைப்புகள் மற்றும் துணை மெனு தலைப்புகளை கொண்டிருக்கும். எடுத்துக்காட்டாக:
		</para>
		 <blockquote>
			<para>
				<menuchoice><guimenu>கணினி </guimenu><guisubmenu> முன்னுரிமைகள் </guisubmenu><guimenuitem> சுட்டி</guimenuitem></menuchoice> என்பதிலிருந்து <application>சுட்டி முன்னுரிமைகளை</application> தேர்ந்தெடுக்கலாம். <guilabel>பொத்தான்கள்</guilabel> தத்தலில், <guilabel>இடது கை சுட்டி</guilabel> சோதனை பெட்டியை சொடுக்கி <guibutton>மூடு</guibutton> பொத்தனை சொடுக்கி முதன்மை சுட்டி பொத்தானான இடப்பக்கத்திலிருந்து வலப்பக்கத்திற்கு மாற்றவும் (இடது கை பழக்கமுள்ளவர்களுக்கு ஏற்றவாறு மாற்றலாம்).
			</para>
			 <para>
				ஒரு <application>gedit</application> கோப்பில் ஒரு சிறப்பு எழுத்துக்குறியைச் செருக பிரதான மெனுப் பட்டியில் இருந்து <menuchoice><guimenu>பயன்பாடுகள்</guimenu><guisubmenu>துணைக்கருவிகள்</guisubmenu><guimenuitem>எழுத்துக்குறி மேப்</guimenuitem></menuchoice> எனபதைத் தேர்வு செய்யவும். பிறகு <application>எழுத்துக்குறி மேப்</application> மெனுப் பட்டியில் இருந்து <menuchoice><guimenu>தேடு</guimenu><guimenuitem>கண்டறி…</guimenuitem></menuchoice> என்பதைத் தேர்வு செய்து <guilabel>தேடு</guilabel> புலத்தில் எழுத்துக்குறியின் பெயரைத் தட்டச்சு செய்து <guibutton>அடுத்து</guibutton> என்பதைக் கிளிக் செய்யவும். நீங்கள் தேடிய எழுத்துக்குறி <guilabel>எழுத்துக்குறி அட்டவணையில்</guilabel> தனிப்படுத்திக் காண்பிக்கப்படும். <guilabel>நகலெடுக்க வேண்டிய உரை</guilabel> புலத்தில் அந்த எழுத்துக்குறியைச் செருக தனிப்படுத்திக் காண்பிக்கப்பட்ட எழுத்துக்குறியை இருகிளிக் செய்து பிறகு <guibutton>நகலெடு</guibutton> பொத்தானைக் கிளிக் செய்யவும். இப்போது மீண்டும் உங்கள் ஆவணத்திற்குச் சென்று <application>gedit</application> மெனுப்பட்டியில் இருந்து <menuchoice><guimenu>திருத்து</guimenu><guimenuitem>ஒட்டு</guimenuitem></menuchoice> என்பதைத் தேர்வு செய்யவும்.
			</para>

		</blockquote>
		 <para>
			மேலே உள்ள உரை பயன்பாடு பெயர்கள்; கணினி மெனு பெயர்கள் மற்றும் உருப்படிகள்; பயன்பாடு குறிப்பிடும் மெனு பெயர்கள் மற்றும் பொத்தான்கள் மற்றும் வரைகலை முகப்பில் இருக்கும் உரைகள் ஆகியவற்றை கொண்டிருக்கும், அனைத்தும் விகிதப்படி தடிமன் மற்றும் சூழலில் மாறுப்பட்டிருக்கும்.
		</para>
		 <para>
			<command><replaceable>Mono-spaced Bold Italic</replaceable></command> அல்லது <application><replaceable>Proportional Bold Italic</replaceable></application>
		</para>
		 <para>
			மோனோ இடைவெளியிடப்பட்ட தடிமன் அல்லது விகிதப்படி தடிமன், சாய்வு மாற்றக்கூடிய அல்லது மாறி உரையை குறிக்கிறது. சாய்வு நீங்கள் உள்ளிடும் உரையை அல்லது சூழ்நிலைக்கு ஏற்றவாறு காட்டப்படும் உரையை குறிக்கிறது. எடுத்துக்காட்டாக:
		</para>
		 <blockquote>
			<para>
				sshஐ பயன்படுத்தி தொலை கணினியை இணைக்க, <command>ssh <replaceable>username</replaceable>@<replaceable>domain.name</replaceable></command> என கட்டளை வரியில் தட்டச்சு செய்யவும். தொலை கணினி <filename>example.com</filename> என்றும் பயனர் பெயல் john என்றால், <command>ssh john@example.com</command> என தட்டச்சு செய்யவும்.
			</para>
			 <para>
				<command>mount -o remount <replaceable>file-system</replaceable></command> கட்டளை பெயரிடப்பட்ட கோப்பு முறைமையை மறு ஏற்றம் செய்யும். எடுத்துக்காட்டாக, <filename>/home</filename> கோப்பு முறைமையை மறு ஏற்றம் செய்ய <command>mount -o remount /home</command> கட்டளையாகும்.
			</para>
			 <para>
				தற்போது நிறுவப்பட்ட தொகுப்புகளின் பதிப்பை பார்க்க,<command>rpm -q <replaceable>package</replaceable></command> கட்டளையை பயன்படுத்தவும். இது பின்வரும் தீர்வை கொடுக்கும்: <command><replaceable>package-version-release</replaceable></command>.
			</para>

		</blockquote>
		 <para>
			மேலே தடித்த எழுத்திலும் சாய்ந்த எழுத்திலும் உள்ள சொற்களைக் கவனிக்கவும் — பயனர் பெயர், ஆட்களப் பெயர், கோப்பு-முறைமை, தொகுப்பு, பதிப்பு மற்றும் வெளியீடு. ஒவ்வொரு சொல்லும் ஒரு பதிலீட்டிடமாகும், அவை நீங்கள் ஒரு கட்டளையை அல்லது உரையை உள்ளிடும் போது அல்லது கணினி ஏதேனும் உரையைக் காண்பிக்கும் போது பயனப்டுத்தப் போகும் சொற்களுக்கு பதிலாக இடம்பெற்றுள்ளன.
		</para>
		 <para>
			தரப்படுத்தப்பட்ட பயன்பாட்டிலிருந்து ஒரு வேலைக்கு தலைப்பு, சாய்வாக குறிக்கப்படுவது ஒரு புதிய மற்றும் முக்கியமான சொல்லாகும். எடுத்துக்காட்டாக:
		</para>
		 <blockquote>
			<para>
				Publican என்பது ஒரு <firstterm>DocBook</firstterm> வெளியிடும் முறை.
			</para>

		</blockquote>

	</section>
	
	 <section>
		<title>புல்-கோட் பெயரிடல்கள்</title>
		 <para>
			முனைய வெளிப்பாடு மற்றும் மூலக்குறியீடு பட்டியல்கள் சுற்றியுள்ள உரையிலிருந்து பார்வை நீக்கப்படுகிறது.
		</para>
		 <para>
			ஒரு முனையத்திற்கு அனுப்பப்பட்ட வெளிப்பாடு <computeroutput>Mono-spaced Roman</computeroutput> இல் அமைப்பட்ட அங்கிருக்கும்:
		</para>
		 
<screen>books        Desktop   documentation  drafts  mss    photos   stuff  svn
books_tests  Desktop1  downloads      images  notes  scripts  svgs</screen>
		 <para>
			மூலக்குறியீடு பட்டியலிடப்பட்டிருப்பதும் <computeroutput>Mono-spaced Roman</computeroutput>இல் அமைக்கப்பட்டிருக்கும் ஆனால் பின்வருவது போல இலக்கண முன்னிலைப்படுத்தப்பட்டிருக்கும்:
		</para>
		 <xi:include href="Program_Listing.xml" xmlns:xi="http://www.w3.org/2001/XInclude" />

	</section>
	
	 <section>
		<title>குறிப்புகள் மற்றும் எச்சரிக்கைகள்</title>
		 <para>
			கடைசியாக, நாம் மூன்று விசுவல் தோற்றங்களை ஒரு தகவலை பெற கவனம் செலுத்த வேண்டும் அல்லது அது தவிர்க்கப்படும்.
		</para>
		 <note>
			<para>
				ஒரு குறிப்பு என்பது ஒரு துணுக்கு அல்லது குறுக்குவழி அல்லது பணிக்கான மாற்று வழியாகும். ஒரு குறிப்பை தவிர்த்தால் எந்த பாதிப்பும் ஏற்படாது ஆனால் எளிதாக செய்ய வேண்டியதை இழக்க வேண்டியதிருக்கும்.
			</para>

		</note>
		 <important>
			<para>
				முக்கியமான பெட்டிகள் விவர பொருட்கள் எளிதாக விடுப்பட்டது: கட்டமைப்பு மாற்றங்கள் மட்டுமே நடப்பு அமர்வில் செயல்படுத்தப்படும் அல்லது சேவைகள் மேம்படுத்துவதற்கு முன் மறுதுவக்கப்பட வேண்டும். 'முக்கியமான' பெட்டிகளை தவிர்த்தல் தரவு இழப்பை ஏற்படுத்தாது ஆனால் மன உளச்சலை ஏற்படுத்தும்.
			</para>

		</important>
		 <warning>
			<para>
				ஒரு எச்சரிக்கை தவிர்க்கப்படக் கூடாது. எச்சரிக்கைகள் தவிர்த்தல் தரவு இழத்தலை ஏற்படுத்தும்.
			</para>

		</warning>

	</section>

</section>


