<?xml version='1.0' encoding='utf-8' ?>
<!DOCTYPE section PUBLIC "-//OASIS//DTD DocBook XML V4.5//EN" "http://www.oasis-open.org/docbook/xml/4.5/docbookx.dtd" [
]>
<section>
	<title>உங்கள் கருத்துக்களை தெரிவிக்கவும்!</title>
	 <indexterm>
		<primary>கருத்துக்கள்</primary>
		 <secondary>இந்த கையேட்டின் தொடர்பு தகவல்</secondary>
	</indexterm>
	 <para>
		நீங்கள் உள்ளமை Feedback.xml கோப்பினை உருவாக்குவது மூலம் இதனை தவிர்த்து விட்டீர்கள்.
	</para>
</section>


