<?xml version='1.0' encoding='utf-8' ?>
<!DOCTYPE section PUBLIC "-//OASIS//DTD DocBook XML V4.5//EN" "http://www.oasis-open.org/docbook/xml/4.5/docbookx.dtd" [
]>
<section>
	<title>Criteris del document</title>
	 <para>
		Aquest manual utilitza diversos convenis per ressaltar certes paraules i frases, i cridar l'atenció sobre elements específics d'informació.
	</para>
	 <para>
		En edicions PDF i impreses, aquest manual utilitza la tipografia extreta del conjunt <ulink url="https://fedorahosted.org/liberation-fonts/">Liberation</ulink>. El conjunt Liberation també s'utilitza en edicions HTML, si aquest estigués instal·lat al vostre sistema. Si no fos així, es mostraria amb tipografies equivalents. Nota: En RHEL (Red Hat Enterprise Linux) 5 i en posteriors s'inclouen de forma predeterminada el conjunt Liberation.
	</para>
	 <section>
		<title>Criteris tipogràfics</title>
		 <para>
			S'utilitzen quatre convencions tipogràfiques per a cridar l'atenció sobre paraules o frases específiques. Aquestes convencions, i les circumstancies a les que s'apliquen, són les següents:
		</para>
		 <para>
			<literal>Negreta mono-espaiada</literal>
		</para>
		 <para>
			Used to highlight system input, including shell commands, file names and paths. Also used to highlight keys and key combinations. For example:
		</para>
		 <blockquote>
			<para>
				Per a veure el contingut del fitxer <filename>my_next_bestselling_novel</filename> del directori actual de treball, teclegeu la comanda <command>cat my_next_bestselling_novel</command> a l'intèrpret de comandes shell, i premeu <keycap>Retorn</keycap> per a executar la comanda.
			</para>

		</blockquote>
		 <para>
			The above includes a file name, a shell command and a key, all presented in mono-spaced bold and all distinguishable thanks to context.
		</para>
		 <para>
			Key combinations can be distinguished from an individual key by the plus sign that connects each part of a key combination. For example:
		</para>
		 <blockquote>
			<para>
				Premeu <keycap>Retorn</keycap> per a executar la comanda.
			</para>
			 <para>
				Press <keycombo><keycap>Ctrl</keycap><keycap>Alt</keycap><keycap>F2</keycap></keycombo> to switch to a virtual terminal.
			</para>

		</blockquote>
		 <para>
			The first example highlights a particular key to press. The second example highlights a key combination: a set of three keys pressed simultaneously.
		</para>
		 <para>
			Si s'examina el codi font, el noms de les classes, els mètodes, les funcions, el nom de les variables i els valors retornats exposats a l'interior d'un paràgraf, aquests es presentaran com l'anterior, amb <literal>Negreta mono-espaiada</literal>. Per exemple:
		</para>
		 <blockquote>
			<para>
				Les classes de fitxers relacionats inclouen <classname>filesystem</classname> per als sistemes de fitxers, <classname>file</classname> per als fitxers, i <classname>dir</classname> per als directoris. Cada classe té el seu propi conjunt associat de permisos.
			</para>

		</blockquote>
		 <para>
			<application>Negreta proporcional</application>
		</para>
		 <para>
			Això fa referència a paraules o frases trobades al sistema, incloent el nom d'aplicacions; els texts als quadres de diàleg; als botons etiquetats; a les etiquetes de les caselles de selecció, i a les etiquetes dels botons d'opció; i als títols/subtítols dels menú. Per exemple:
		</para>
		 <blockquote>
			<para>
				Seleccioneu <menuchoice><guimenu>Sistema</guimenu><guisubmenu>Preferències</guisubmenu><guimenuitem>Ratolí</guimenuitem></menuchoice> des de la barra del menú principal par a llançar les <application>Preferències del ratolí</application>. A la pestanya <guilabel>Botons</guilabel>, cliqueu a la casella <guilabel>Ratolí per a esquerrans</guilabel>, i cliqueu a <guibutton>Tancar</guibutton> per a canviar el botó principal del ratolí del cantó esquerra al cantó dret (adaptant el ratolí per a esquerrans).
			</para>
			 <para>
				To insert a special character into a <application>gedit</application> file, choose <menuchoice><guimenu>Applications</guimenu><guisubmenu>Accessories</guisubmenu><guimenuitem>Character Map</guimenuitem></menuchoice> from the main menu bar. Next, choose <menuchoice><guimenu>Search</guimenu><guimenuitem>Find…</guimenuitem></menuchoice> from the <application>Character Map</application> menu bar, type the name of the character in the <guilabel>Search</guilabel> field and click <guibutton>Next</guibutton>. The character you sought will be highlighted in the <guilabel>Character Table</guilabel>. Double-click this highlighted character to place it in the <guilabel>Text to copy</guilabel> field and then click the <guibutton>Copy</guibutton> button. Now switch back to your document and choose <menuchoice><guimenu>Edit</guimenu><guimenuitem>Paste</guimenuitem></menuchoice> from the <application>gedit</application> menu bar.
			</para>

		</blockquote>
		 <para>
			En text anterior inclou noms d'aplicació; noms i elements del menú deel sistema; noms de menús d'aplicacions específiques; i botons de text trobats dins d'una interfícies gràfica, tots ells presentats amb Negreta proporcional i distingibles del context.
		</para>
		 <para>
			<command><replaceable>Cursiva-negreta mono-espaiada</replaceable></command>, o <application><replaceable>Cursiva-negreta proporcional</replaceable></application>
		</para>
		 <para>
			Tant per a la negreta mono-espaiada, com per a la negreta proporcional, l'addició de cursives indica que el text és reemplaçable o variable. Les cursives denoten que el text que no s'escriu literalment, o bé que el text mostrat pot canviar depenent de les circumstàncies. Per exemple:
		</para>
		 <blockquote>
			<para>
				Per a connectar a una màquina remota utilitzant ssh, teclegeu <command>ssh <replaceable>usuari</replaceable>@<replaceable>domini</replaceable></command> en un intèrpret de comandes shell. si la màquina remota és <filename>example.com</filename> i el nom d'usuari per a aquesta màquina és john, teclegeu <command>ssh john@example.com</command>.
			</para>
			 <para>
				La comanda <command>mount -o remount <replaceable>sistema-de-fitxers</replaceable></command> torna a muntar el sistema de fitxers. Per exemple, per a tornar a muntar el sistema de fitxers <filename>/home</filename>, la comanda és <command>mount -o remount /home</command>.
			</para>
			 <para>
				Per a visualitzar la versió d'un paquet actualment instal·lat, utilitzeu la comanda <command>rpm -q <replaceable>paquet</replaceable></command>. Aquesta tornarà el següent resultat: <command><replaceable>paquet-versió-llançament</replaceable></command>.
			</para>

		</blockquote>
		 <para>
			Note the words in bold italics above — username, domain.name, file-system, package, version and release. Each word is a placeholder, either for text you enter when issuing a command or for text displayed by the system.
		</para>
		 <para>
			A part de la utilització estàndard per a presentar un títol, les itàliques denoten la primera utilització d'un terme nou i important. Per exemple:
		</para>
		 <blockquote>
			<para>
				Publican és un sistema de publicació de <firstterm>DocBook</firstterm>s.
			</para>

		</blockquote>

	</section>
	
	 <section>
		<title>Convencions del ressaltat</title>
		 <para>
			La forma de mostrar la sortida del terminal i el codi font s'estableixen fora del camp visual del text que l'envolta.
		</para>
		 <para>
			La sortida enviada a un terminal està establerta a <computeroutput>Romana mono-espaiada</computeroutput> i presentada d'aquesta forma:
		</para>
		 
<screen>llibres           Escriptori   documentació  borradors  mss    fotos   coses  svn
llibres_peroves  Escriptori1  descàrregues      imatges  notes  scripts  svgs</screen>
		 <para>
			El llistats de codi font també s'estableixen amb <computeroutput>Romana mono-espaiada</computeroutput> però es presenten i ressalten de la següent forma:
		</para>
		 <xi:include href="Program_Listing.xml" xmlns:xi="http://www.w3.org/2001/XInclude" />

	</section>
	
	 <section>
		<title>Notes i Advertències</title>
		 <para>
			Finalment, utilitzarem tres estils visuals per a cridar l'atenció sobre la informació que altrament podria ser passada per alt.
		</para>
		 <note>
			<para>
				Una Nota és un suggeriment, drecera o enfocament alternatiu per a la tasca que teniu entre mans. Ignorar una nota no hauria de provocar conseqüències negatives, però us podríeu perdre un truc que us faria la vida més fàcil.
			</para>

		</note>
		 <important>
			<para>
				Podeu passar per alt detalls dels requadres importats: canvis a la configuració que únicament s'apliquen a la sessió actual, o serveis que necessiten reiniciar-se abans que puguin ser utilitzats. Ignorar els requadres etiquetats amb «important» pot provocar la irritació i la frustració.
			</para>

		</important>
		 <warning>
			<para>
				No s'han d'ignorar les advertències. Ignorar-les molt probablement provocarà pèrdua de dades.
			</para>

		</warning>

	</section>

</section>


