<?xml version='1.0' encoding='utf-8' ?>
<!DOCTYPE section PUBLIC "-//OASIS//DTD DocBook XML V4.5//EN" "http://www.oasis-open.org/docbook/xml/4.5/docbookx.dtd" [
]>
<section>
	<title>Установени практики за оформяне на документи</title>
	 <para>
		Това ръководство използва няколко установени практики, с които се обръща внимание на определени думи, фрази или специфични части от информация.
	</para>
	 <para>
		За PDF формуляри и книжни издания, това ръководство използва шрифтовете <ulink url="https://fedorahosted.org/liberation-fonts/">Liberation Fonts</ulink>. Те се използват също и от HTML ако са инсталирани на вашата система, ако не, то се използват подобни. Забележка: Red Hat Enterprise Linux 5 и по-новите му версии включват Liberation Fonts по подразбиране.
	</para>
	 <section>
		<title>Шрифтови спецификации</title>
		 <para>
			Четири метода се използват за да се обърне внимание на специфични думи и фрази. Това са:
		</para>
		 <para>
			<literal>Сбито Удебеляване</literal>
		</para>
		 <para>
			Used to highlight system input, including shell commands, file names and paths. Also used to highlight keys and key combinations. For example:
		</para>
		 <blockquote>
			<para>
				За да видите съдържанието на файл <filename>my_next_bestselling_novel</filename> във вашата текуща директория, въведете <command>cat my_next_bestselling_novel</command> в конзолата и натиснете <keycap>Enter</keycap>.
			</para>

		</blockquote>
		 <para>
			The above includes a file name, a shell command and a key, all presented in mono-spaced bold and all distinguishable thanks to context.
		</para>
		 <para>
			Key combinations can be distinguished from an individual key by the plus sign that connects each part of a key combination. For example:
		</para>
		 <blockquote>
			<para>
				Натиснете <keycap>Enter</keycap>, за да изпълните командата.
			</para>
			 <para>
				Press <keycombo><keycap>Ctrl</keycap><keycap>Alt</keycap><keycap>F2</keycap></keycombo> to switch to a virtual terminal.
			</para>

		</blockquote>
		 <para>
			The first example highlights a particular key to press. The second example highlights a key combination: a set of three keys pressed simultaneously.
		</para>
		 <para>
			Ако се обсъждат програмни кодове, класове, методи, функции, променливи и връщани стойности, споменати в един абзац, то те ще бъдат представени като по-горе, в <literal>сбито удебеляване</literal>. Например:
		</para>
		 <blockquote>
			<para>
				Класовете свързани с файлове включват <classname>файлова система</classname> за файловата система, <classname>file</classname> за файловете, и <classname>dir</classname> за директориите. Всеки файл има свой асоцииран набор от позволения.
			</para>

		</blockquote>
		 <para>
			<application>Пропорционално Удебеляване</application>
		</para>
		 <para>
			С този шрифт се обозначават думи или фрази, срещнати в процес на работа със системата, включително имена на приложения; текст в диалогови кутии; етикети на тик-кутии; етикети на радио и други бутони; заглавия на менюта и подменюта. Например:
		</para>
		 <blockquote>
			<para>
				Изберете <menuchoice><guimenu>Система</guimenu><guisubmenu>Предпочитания</guisubmenu><guimenuitem>Мишка</guimenuitem></menuchoice> от бутона за главното меню, за да стартирате <application>Предпочитания към Мишка</application>. В табулатора <guilabel>Бутони</guilabel> , щракнете на тик-кутията <guilabel>Мишка за лява ръка </guilabel> и след това <guibutton>Затвори</guibutton> , за да размените местата на левия и десния бутон(режим,подходящ за левичари).
			</para>
			 <para>
				To insert a special character into a <application>gedit</application> file, choose <menuchoice><guimenu>Applications</guimenu><guisubmenu>Accessories</guisubmenu><guimenuitem>Character Map</guimenuitem></menuchoice> from the main menu bar. Next, choose <menuchoice><guimenu>Search</guimenu><guimenuitem>Find…</guimenuitem></menuchoice> from the <application>Character Map</application> menu bar, type the name of the character in the <guilabel>Search</guilabel> field and click <guibutton>Next</guibutton>. The character you sought will be highlighted in the <guilabel>Character Table</guilabel>. Double-click this highlighted character to place it in the <guilabel>Text to copy</guilabel> field and then click the <guibutton>Copy</guibutton> button. Now switch back to your document and choose <menuchoice><guimenu>Edit</guimenu><guimenuitem>Paste</guimenuitem></menuchoice> from the <application>gedit</application> menu bar.
			</para>

		</blockquote>
		 <para>
			Текстът по-горе включва имена на приложения; имена на системни менюта и обекти; имена на програмни менюта; и бутони и текст в потребителски интерфейс, всички представени в пропорционално удебеляване и всички различими в контекста.
		</para>
		 <para>
			<command><replaceable>Ръкописно Сбито Удебеляване</replaceable></command> или <application><replaceable>Ръкописно Пропорционално Удебеляване</replaceable></application>
		</para>
		 <para>
			Прибавянето на 'ръкописно' към сбито удебеляване и пропорционално удебеляване предполага заместим или вариращ текст. 'ръкописно' означава, че текста не трябва да се въвежда буквално или че се променя според определени условия. Например:
		</para>
		 <blockquote>
			<para>
				За да се свържете с отдалечена система чрез ssh, напишете в конзолата <command>ssh <replaceable>потребителско име</replaceable>@<replaceable>име.на.домейна</replaceable></command>. Ако отдалечената система е <filename>example.com</filename> и вашето име на тази система е john, напишете <command>ssh john@example.com</command>.
			</para>
			 <para>
				Командата <command>mount -o remount <replaceable>файлова система</replaceable></command> монтира отново посочената файлова система. Например, за да монтирате отново файловата система <filename>/home</filename>, командата е <command>mount -o remount /home</command>.
			</para>
			 <para>
				За да видите версията на вече инсталиран пакет, използвайте командата <command>rpm -q <replaceable>пакет</replaceable></command>. Ще се покаже резултат, както следва: <command><replaceable>пакет-версия-редакция</replaceable></command>.
			</para>

		</blockquote>
		 <para>
			Note the words in bold italics above — username, domain.name, file-system, package, version and release. Each word is a placeholder, either for text you enter when issuing a command or for text displayed by the system.
		</para>
		 <para>
			Като изключим стандартната употреба за заглавие на работа, ръкописният шрифт означава използване за първи път на важен термин или новина. Например:
		</para>
		 <blockquote>
			<para>
				Publican е <firstterm>DocBook</firstterm> система за публикуване.
			</para>

		</blockquote>

	</section>
	
	 <section>
		<title>Практика за отделяне на различни типове</title>
		 <para>
			Конзолният изход и програмният код са отделени визуално от заобикалящия ги текст.
		</para>
		 <para>
			Изходът, изпратен до конзолата, е поставен в <computeroutput>печатно сбито удебеляване</computeroutput> и е представено така:
		</para>
		 
<screen>books        Desktop   documentation  drafts  mss    photos   stuff  svn
books_tests  Desktop1  downloads      images  notes  scripts  svgs</screen>
		 <para>
			Програмният код също се поставя в <computeroutput>печатно сбито идебеляване</computeroutput>, но се представя и отличава както следва:
		</para>
		 <xi:include href="Program_Listing.xml" xmlns:xi="http://www.w3.org/2001/XInclude" />

	</section>
	
	 <section>
		<title>Забележки и Предупреждения</title>
		 <para>
			Най-накрая, вече използваме три визуални стила за наблягане на информация, която в друг случай би могла да бъде пренебрегната.
		</para>
		 <note>
			<para>
				Забележките са полезен съвет или кратък път за алтернативно изпълнение на належаща задача. Пренебрегването на забележка не би трябвало да има негативни последици, но може да пропуснете трик, който би направил живота ви по-лесен.
			</para>

		</note>
		 <important>
			<para>
				Кутиите с "Важно!" съобщение напомнят събития, които са лесно пропускани: конфигурационни промени, които засягат текущата сесия или услуги, които трябва да бъдат рестартирани преди обновление да встъпи в действие. Пренебрегване на кутия с "Важно!" съобщение няма да предизвика загуба на данни, но може да ви струва ядове и объркване.
			</para>

		</important>
		 <warning>
			<para>
				Предупрежденията не трябва да се игнорират. В противен случай най-вероятно ще бъде предизвикана загуба на данни.
			</para>

		</warning>

	</section>

</section>


