<?xml version='1.0' encoding='utf-8' ?>
<!DOCTYPE section PUBLIC "-//OASIS//DTD DocBook XML V4.5//EN" "http://www.oasis-open.org/docbook/xml/4.5/docbookx.dtd" [
]>
<section>
	<title>Нуждаем се от обратна връзка!</title>
	 <indexterm>
		<primary>обратна връзка</primary>
		 <secondary>информация за връзка относно този наръчник</secondary>
	</indexterm>
	 <para>
		Трябва да презапишете това като създадете свой собствен Feedback.xml файл.
	</para>
</section>


