<?xml version='1.0' encoding='utf-8' ?>
<!DOCTYPE section PUBLIC "-//OASIS//DTD DocBook XML V4.5//EN" "http://www.oasis-open.org/docbook/xml/4.5/docbookx.dtd" [
]>
<section>
	<title>Conventions d'écriture</title>
	 <para>
		Ce manuel utilise plusieurs conventions pour souligner l'importance de certains mots ou expressions, mais aussi en vue d'attirer l'attention sur certains passages d'informations précis.
	</para>
	 <para>
		Pour les éditions sur support papier et numérique (PDF), ce manuel utilise des caractères issus de <ulink url="https://fedorahosted.org/liberation-fonts/">Liberation Fonts</ulink>. La police de caractères Liberation Fonts est également utilisée pour les éditions HTML si elle est installée sur votre système. Sinon, des polices de caractères alternatives équivalentes sont utilisées. Notez que Red Hat Enterprise Linux 5 et versions supérieures contiennent la police Liberation Fonts par défaut.
	</para>
	 <section>
		<title>Conventions typographiques</title>
		 <para>
			Quatre conventions typographiques sont utilisées pour attirer l'attention sur certains mots et expressions. Ces conventions et les circonstances auxquelles elles s'appliquent sont les suivantes.
		</para>
		 <para>
			<literal>Caractères gras à espacement fixe</literal>
		</para>
		 <para>
			Utilisé pour surligner certaines entrées du système, y compris les commandes shell, les noms de fichiers et les chemins d'accès. Également utilisé pour surligner les touches et les combinaisons de touches. Par exemple :
		</para>
		 <blockquote>
			<para>
				Pour consulter le contenu du fichier <filename>mon_nouvel_ouvrage_littéraire</filename> qui se situe dans votre dossier courant, saisissez la commande <command>cat mon_nouvel_ouvrage_littéraire</command> à la demande du terminal et appuyez sur <keycap>Entrée</keycap> pour exécuter la commande.
			</para>

		</blockquote>
		 <para>
			L'exemple ci-dessus contient un nom de fichier, une commande shell et une touche, tous présentés sous forme de caractères gras à espacement fixe et tous bien distincts grâce au contexte.
		</para>
		 <para>
			Les combinaisons de touches se distinguent des touches individuelles par le signe « plus », qui connecte les différentes parties de la combinaison. Par exemple :
		</para>
		 <blockquote>
			<para>
				Appuyez sur <keycap>Entrée</keycap> pour exécuter la commande.
			</para>
			 <para>
				Appuyez sur <keycombo><keycap>Ctrl</keycap><keycap>Alt</keycap><keycap>F2</keycap></keycombo> pour basculer sur un terminal virtuel.
			</para>

		</blockquote>
		 <para>
			Le premier exemple présente une touche particulière sur laquelle appuyer. Le second exemple affiche une combinaison de touches : un ensemble de trois touches sur lesquelles il faut appuyer simultanément.
		</para>
		 <para>
			Si le code source est mentionné, les noms de classes, les méthodes, les fonctions, les noms de variables et les valeurs de retour citées dans un paragraphe seront présentées comme ci-dessus, en <literal>caractères gras à espacement fixe</literal>. Par exemple :
		</para>
		 <blockquote>
			<para>
				Les classes de fichiers comprennent le nom de classe <classname>filesystem</classname> pour les noms de fichier, <classname>file</classname> pour les fichiers et <classname>dir</classname> pour les dossiers. Chaque classe correspond à un ensemble de permissions associées.
			</para>

		</blockquote>
		 <para>
			<application>Caractères gras proportionnels</application>
		</para>
		 <para>
			Cette convention marque le surlignage des mots ou phrases que l'on rencontre sur un système, comprenant des noms d'application, des boîtes de dialogue textuelles, des boutons étiquettés, des cases à cocher et des boutons d'options mais aussi des intitulés de menus et de sous-menus. Par exemple :
		</para>
		 <blockquote>
			<para>
				Sélectionnez <menuchoice><guimenu>Système</guimenu><guisubmenu>Préférences</guisubmenu><guimenuitem>Souris</guimenuitem></menuchoice> à partir de la barre du menu principal pour lancer les <application>Préférences de la souris</application>. À partir de l'onglet <guilabel>Boutons</guilabel>, cliquez sur la case à cocher <guilabel>Pour gaucher</guilabel> puis cliquez sur <guibutton>Fermer</guibutton> pour faire passer le bouton principal de la souris de la gauche vers la droite (ce qui permet l'utilisation de la souris par la main gauche).
			</para>
			 <para>
				Pour insérer un caractère spécial dans un fichier <application>gedit</application>, choisissez <menuchoice><guimenu>Applications</guimenu><guisubmenu>Accessoires</guisubmenu><guimenuitem>Table des caractères</guimenuitem></menuchoice> depuis la barre du menu principal. Ensuite, choisissez <menuchoice><guimenu>Recherche</guimenu><guimenuitem>Trouver…</guimenuitem></menuchoice> depuis la barre du menu <application>Table des caractères</application>, saisissez le nom du caractère dans le champ <guilabel>Recherche</guilabel> puis cliquez sur <guibutton>Suivant</guibutton>. Le caractère recherché sera surligné dans la <guilabel>Table des caractères</guilabel>. Double-cliquez sur le caractère surligné pour le placer dans le champ <guilabel>Texte à copier</guilabel>, puis cliquez sur le bouton <guibutton>Copier</guibutton>. Vous pouvez désormais revenir à votre document et choisir <menuchoice><guimenu>Modifier</guimenu><guimenuitem>Coller</guimenuitem></menuchoice> depuis la barre du menu <application>gedit</application>.
			</para>

		</blockquote>
		 <para>
			Le texte ci-dessus contient des noms d'applications, des noms de menus et d'autres éléments s'appliquant à l'ensemble du système, des boutons et textes que l'on trouve dans une interface graphique. Ils sont tous présentés sous la forme gras proportionnel et identifiables en fonction du contexte.
		</para>
		 <para>
			<command><replaceable>Italique gras à espacement fixe </replaceable></command> ou <application><replaceable>Italique gras proportionnel</replaceable></application>
		</para>
		 <para>
			Qu'ils soient en caractères gras à espacement fixe ou à caractères gras proportionnels, l'ajout de l'italique indique la présence de texte remplaçable ou variable. Les caractères en italique indiquent la présence de texte que vous ne saisissez pas littéralement ou de texte affiché qui change en fonction des circonstances. Par exemple :
		</para>
		 <blockquote>
			<para>
				Pour se connecter à une machine distante en utilisant ssh, saisissez <command>ssh <replaceable>nom d'utilisateur</replaceable>@<replaceable>domain.name (nom.domaine)</replaceable></command> après l'invite de commande de la console. Si la machine distante est <filename>exemple.com</filename> et que votre nom d'utilisateur pour cette machine est john, saisissez <command>ssh john@example.com</command>.
			</para>
			 <para>
				La commande <command>mount -o remount <replaceable>système de fichiers</replaceable></command> monte le système de fichiers nommé. Ainsi, pour monter <filename>/home</filename> dans le système de fichiers, la commande est <command>mount -o remount /home</command>.
			</para>
			 <para>
				Pour connaître la version d'un paquet actuellement installé, utilisez la commande <command>rpm -q <replaceable>paquet</replaceable></command>. Elle vous permettra de retourner le résultat suivant : <command><replaceable>version-de-paquet</replaceable></command>.
			</para>

		</blockquote>
		 <para>
			Remarquez que les mots en gras italique ci-dessus — username (nom d'utilisateur), domain.name (nom.domaine), file-system (système de fichiers), package (paquetage), version et release (sortie commerciale). Chaque mot est un espace réservé au texte, soit pour le texte que vous entrez lors de la saisie d'une commande, soit pour le texte affiché par le système.
		</para>
		 <para>
			Mis à part l'utilisation habituelle de présentation du titre d'un ouvrage, les caractères italiques indiquent l'utilisation initiale d'un terme nouveau et important. Ainsi :
		</para>
		 <blockquote>
			<para>
				Publican est un système de publication <firstterm>DocBook</firstterm>.
			</para>

		</blockquote>

	</section>
	
	 <section>
		<title>Conventions pour citations mises en avant</title>
		 <para>
			Les sorties de terminaux et les citations de code source sont mis en avant par rapport au texte avoisinant.
		</para>
		 <para>
			Les sorties envoyées vers un terminal sont en caractères <computeroutput>Romains à espacement fixe</computeroutput> et présentées ainsi :
		</para>
		 
<screen>books        Desktop   documentation  drafts  mss    photos   stuff  svn
books_tests  Desktop1  downloads      images  notes  scripts  svgs</screen>
		 <para>
			Les citations de code source sont également présentées en <computeroutput>romains à espacement fixe</computeroutput> mais sont présentés et surlignés comme suit :
		</para>
		 <xi:include href="Program_Listing.xml" xmlns:xi="http://www.w3.org/2001/XInclude" />

	</section>
	
	 <section>
		<title>Notes et avertissements</title>
		 <para>
			Enfin, nous utilisons trois styles visuels pour attirer l'attention sur des informations qui auraient pu être normalement négligées :
		</para>
		 <note>
			<para>
				Une remarque est une forme de conseil, un raccourci ou une approche alternative par rapport à une tâche à entreprendre. L'ignorer ne devrait pas provoquer de conséquences négatives, mais vous pourriez passer à côté d'une astuce qui vous aurait simplifiée la vie.
			</para>

		</note>
		 <important>
			<para>
				Les blocs d'informations importantes détaillent des éléments qui pourraient être facilement négligés : des modifications de configurations qui s'appliquent uniquement à la session actuelle ou des services qui ont besoin d'être redémarrés avant toute mise à jour. Si vous ignorez une case étiquetée « Important », vous ne perdrez aucunes données mais cela pourrait être source de frustration et d'irritation.
			</para>

		</important>
		 <warning>
			<para>
				Un avertissement ne devrait pas être ignoré. Ignorer des avertissements risque fortement d'entrainer des pertes de données.
			</para>

		</warning>

	</section>

</section>


