<?xml version='1.0' encoding='utf-8' ?>
<!DOCTYPE section PUBLIC "-//OASIS//DTD DocBook XML V4.5//EN" "http://www.oasis-open.org/docbook/xml/4.5/docbookx.dtd" [
]>
<section>
	<title>നിങ്ങളുടെ അഭിപ്രായം ദയവായി ഞങ്ങള്‍ക്കു് അയച്ചു തരിക!</title>
	 <indexterm>
		<primary>അഭിപ്രായം</primary>
		 <secondary>ഈ മാനുവലിലേക്കു് ബന്ധപ്പെടുവാനുള്ള വിവരങ്ങള്‍</secondary>
	</indexterm>
	 <para>
		നിങ്ങള്‍ സ്വന്തമായി ഒരു Feedback.xml ഫയല്‍ ഉണ്ടാക്കി ഇതിനെ മാറ്റി എഴുതുക.
	</para>
</section>


